tourney_id,tourney_name,surface,draw_size,tourney_level,tourney_date,match_num,winner_id,winner_seed,winner_entry,winner_name,winner_hand,winner_ht,winner_ioc,winner_age,loser_id,loser_seed,loser_entry,loser_name,loser_hand,loser_ht,loser_ioc,loser_age,score,best_of,round,minutes,w_ace,w_df,w_svpt,w_1stIn,w_1stWon,w_2ndWon,w_SvGms,w_bpSaved,w_bpFaced,l_ace,l_df,l_svpt,l_1stIn,l_1stWon,l_2ndWon,l_SvGms,l_bpSaved,l_bpFaced,winner_rank,winner_rank_points,loser_rank,loser_rank_points
2026-9900,United Cup,Hard,18,A,20260102,1,B0BI,,,Sebastian Baez,R,170.0,ARG,25.002,MU94,,,Jaume Munar,R,183.0,ESP,28.652,6-4 6-4,3,RR,103.0,0.0,2.0,71.0,46.0,27.0,15.0,10.0,4.0,6.0,7.0,0.0,52.0,39.0,25.0,6.0,10.0,2.0,6.0,45.0,1145.0,33.0,1385.0
2026-9900,United Cup,Hard,18,A,20260102,2,TE51,,,Stefanos Tsitsipas,R,193.0,GRE,27.381,M0HU,,,Shintaro Mochizuki,R,175.0,JPN,22.576,6-3 6-4,3,RR,82.0,8.0,2.0,61.0,42.0,28.0,11.0,10.0,1.0,2.0,1.0,3.0,57.0,30.0,22.0,11.0,9.0,5.0,8.0,36.0,1380.0,99.0,647.0
2026-9900,United Cup,Hard,18,A,20260103,3,Z371,,,Zhizhen Zhang,R,193.0,CHN,29.202,BU13,,,Zizou Bergs,R,185.0,BEL,26.574,6-7(2) 7-6(3) 7-5,3,RR,173.0,12.0,0.0,108.0,71.0,59.0,21.0,18.0,0.0,0.0,18.0,5.0,126.0,75.0,58.0,29.0,18.0,9.0,10.0,410.0,115.0,42.0,1208.0
2026-9900,United Cup,Hard,18,A,20260103,4,W367,,,Stan Wawrinka,R,183.0,SUI,40.756,RC91,,,Arthur Rinderknech,R,196.0,FRA,30.437,5-7 7-6(5) 7-6(5),3,RR,198.0,6.0,2.0,120.0,68.0,53.0,31.0,18.0,2.0,4.0,17.0,5.0,111.0,61.0,50.0,32.0,18.0,6.0,7.0,157.0,397.0,29.0,1527.0
2026-9900,United Cup,Hard,18,A,20260103,5,B0BI,,,Sebastian Baez,R,170.0,ARG,25.002,FB98,,,Taylor Fritz,R,196.0,USA,28.17,4-6 7-5 6-4,3,RR,153.0,4.0,0.0,107.0,80.0,51.0,16.0,16.0,8.0,11.0,23.0,2.0,102.0,56.0,43.0,21.0,16.0,4.0,8.0,45.0,1145.0,6.0,4085.0
2026-9900,United Cup,Hard,18,A,20260103,6,RH16,,,Casper Ruud,R,183.0,NOR,27.02,DH58,,,Alex De Minaur,R,183.0,AUS,26.864,6-3 6-3,3,RR,93.0,6.0,3.0,66.0,47.0,37.0,8.0,9.0,5.0,5.0,2.0,8.0,66.0,36.0,23.0,14.0,9.0,7.0,10.0,12.0,2825.0,7.0,4080.0
2026-9900,United Cup,Hard,18,A,20260104,7,HD68,,,Billy Harris,R,193.0,GBR,30.927,M0HU,,,Shintaro Mochizuki,R,175.0,JPN,22.576,7-6(4) 6-3,3,RR,110.0,4.0,3.0,70.0,41.0,30.0,16.0,11.0,4.0,6.0,4.0,6.0,68.0,27.0,21.0,18.0,10.0,1.0,4.0,128.0,482.0,99.0,647.0
2026-9900,United Cup,Hard,18,A,20260104,8,Z355,,,Alexander Zverev,R,198.0,GER,28.693,GJ37,,,Tallon Griekspoor,R,188.0,NED,29.492,7-5 6-0,3,RR,69.0,15.0,0.0,48.0,36.0,32.0,6.0,9.0,2.0,2.0,3.0,3.0,43.0,30.0,19.0,3.0,9.0,0.0,4.0,3.0,5110.0,26.0,1565.0
2026-339,Brisbane,Hard,32,250,20260104,2,T0HA,8.0,,Learner Tien,L,180.0,USA,20.09,U182,,,Camilo Ugo Carabelli,R,185.0,ARG,26.552,7-6(4) 6-3,3,R32,91.0,1.0,2.0,61.0,36.0,29.0,17.0,11.0,0.0,1.0,2.0,2.0,66.0,38.0,29.0,13.0,10.0,5.0,7.0,28.0,1540.0,49.0,1028.0
2026-9900,United Cup,Hard,18,A,20260104,9,AG37,,,Felix Auger Aliassime,R,193.0,CAN,25.407,Z371,,,Zhizhen Zhang,R,193.0,CHN,29.218,6-4 6-4,3,RR,87.0,6.0,0.0,55.0,37.0,32.0,10.0,10.0,1.0,1.0,2.0,2.0,55.0,34.0,23.0,12.0,10.0,0.0,2.0,5.0,4190.0,410.0,115.0
2026-339,Brisbane,Hard,32,250,20260104,1,TD51,,,Frances Tiafoe,R,188.0,USA,27.956,V832,,,Aleksandar Vukic,R,188.0,AUS,29.747,6-2 6-2,3,R32,60.0,3.0,0.0,39.0,28.0,23.0,9.0,8.0,0.0,0.0,3.0,3.0,46.0,26.0,15.0,7.0,8.0,2.0,6.0,30.0,1500.0,84.0,708.0
2026-9900,United Cup,Hard,18,A,20260104,10,C0E9,,,Flavio Cobolli,R,183.0,ITA,23.666,W367,,,Stan Wawrinka,R,183.0,SUI,40.772,6-4 6-7(2) 7-6(4),3,RR,175.0,8.0,1.0,101.0,55.0,41.0,33.0,17.0,0.0,0.0,8.0,3.0,104.0,61.0,49.0,27.0,17.0,3.0,4.0,22.0,2000.0,157.0,397.0
2026-336,Hong Kong,Hard,28,250,20260105,1,BT72,8.0,,Nuno Borges,R,185.0,POR,28.876,D923,,,Damir Dzumhur,R,175.0,BIH,33.629,6-4 6-3,3,R32,75.0,5.0,1.0,51.0,40.0,27.0,4.0,9.0,3.0,5.0,1.0,5.0,69.0,41.0,24.0,11.0,10.0,3.0,8.0,45.0,1120.0,65.0,837.0
2026-339,Brisbane,Hard,32,250,20260105,6,MQ75,,,Kamil Majchrzak,R,183.0,POL,29.979,AE14,,,Daniel Altmaier,R,188.0,GER,27.316,7-6(4) 6-0,3,R32,82.0,7.0,1.0,53.0,37.0,33.0,6.0,9.0,0.0,1.0,7.0,5.0,59.0,37.0,24.0,7.0,9.0,5.0,9.0,59.0,861.0,44.0,1123.0
2026-339,Brisbane,Hard,32,250,20260105,8,O522,,,Reilly Opelka,R,211.0,USA,28.356,S0IA,,,Dane Sweeny,R,170.0,AUS,24.895,6-3 7-5,3,R32,82.0,21.0,2.0,55.0,45.0,36.0,8.0,11.0,0.0,0.0,2.0,4.0,68.0,41.0,33.0,10.0,10.0,6.0,8.0,60.0,861.0,183.0,315.0
2026-339,Brisbane,Hard,32,250,20260105,5,K0AH,,,Sebastian Korda,R,196.0,USA,25.503,VA25,,,Valentin Vacherot,R,193.0,MON,27.138,7-6(1) 6-3,3,R32,87.0,10.0,5.0,67.0,46.0,37.0,12.0,11.0,3.0,4.0,9.0,2.0,69.0,46.0,30.0,13.0,10.0,7.0,9.0,46.0,1090.0,31.0,1469.0
2026-9900,United Cup,Hard,18,A,20260105,11,FB98,,,Taylor Fritz,R,196.0,USA,28.189,MU94,,,Jaume Munar,R,183.0,ESP,28.671,7-6(4) 3-6 7-6(6),3,RR,193.0,16.0,7.0,112.0,75.0,60.0,18.0,16.0,5.0,6.0,14.0,5.0,122.0,72.0,62.0,24.0,17.0,2.0,2.0,6.0,4085.0,33.0,1385.0
2026-336,Hong Kong,Hard,28,250,20260105,2,C977,,,Marin Cilic,R,198.0,CRO,37.27,ME82,,,Adrian Mannarino,L,180.0,FRA,37.52,6-3 6-2,3,R32,84.0,9.0,3.0,56.0,27.0,24.0,15.0,9.0,1.0,1.0,0.0,0.0,49.0,36.0,22.0,5.0,8.0,3.0,6.0,70.0,765.0,68.0,817.0
2026-339,Brisbane,Hard,32,250,20260105,4,L0BV,3.0,,Jiri Lehecka,R,185.0,CZE,24.159,M0FH,,,Tomas Machac,R,183.0,CZE,25.229,6-4 6-7(5) 6-2,3,R32,144.0,8.0,0.0,88.0,63.0,50.0,16.0,15.0,2.0,2.0,8.0,5.0,109.0,71.0,50.0,17.0,15.0,2.0,5.0,19.0,2075.0,35.0,1360.0
2026-9900,United Cup,Hard,18,A,20260105,12,HB71,,,Hubert Hurkacz,R,196.0,POL,28.898,Z355,,,Alexander Zverev,R,198.0,GER,28.712,6-3 6-4,3,RR,82.0,21.0,0.0,63.0,41.0,35.0,9.0,10.0,1.0,1.0,7.0,0.0,46.0,40.0,25.0,6.0,9.0,1.0,3.0,83.0,710.0,3.0,5110.0
2026-336,Hong Kong,Hard,28,250,20260105,3,WB32,,,Yibing Wu,R,183.0,CHN,26.229,M0CI,,,Fabian Marozsan,R,193.0,HUN,26.245,6-4 6-2,3,R32,74.0,2.0,0.0,63.0,40.0,31.0,10.0,9.0,3.0,3.0,2.0,1.0,49.0,30.0,21.0,8.0,9.0,2.0,5.0,179.0,322.0,53.0,975.0
2026-9900,United Cup,Hard,18,A,20260105,14,TE51,,,Stefanos Tsitsipas,R,193.0,GRE,27.4,HD68,,,Billy Harris,R,193.0,GBR,30.946,4-6 6-1 7-6(4),3,RR,136.0,5.0,2.0,84.0,54.0,46.0,18.0,15.0,1.0,2.0,4.0,3.0,83.0,51.0,40.0,17.0,14.0,4.0,6.0,36.0,1380.0,128.0,482.0
2026-9900,United Cup,Hard,18,A,20260105,13,M0NI,,,Jakub Mensik,R,196.0,CZE,20.345,RH16,,,Casper Ruud,R,183.0,NOR,27.039,7-5 7-6(6),3,RR,128.0,16.0,3.0,83.0,51.0,40.0,13.0,12.0,5.0,7.0,1.0,1.0,79.0,45.0,25.0,22.0,12.0,3.0,6.0,18.0,2130.0,12.0,2825.0
2026-339,Brisbane,Hard,32,250,20260105,9,MM58,1.0,,Daniil Medvedev,R,198.0,RUS,29.9,F724,,,Marton Fucsovics,R,188.0,HUN,33.908,6-2 6-3,3,R32,69.0,4.0,2.0,42.0,28.0,22.0,6.0,8.0,2.0,4.0,0.0,2.0,57.0,35.0,19.0,7.0,9.0,4.0,10.0,13.0,2710.0,54.0,949.0
2026-339,Brisbane,Hard,32,250,20260105,7,M0QI,,,Alex Michelsen,R,193.0,USA,21.363,D994,,,James Duckworth,R,183.0,AUS,33.958,6-7(4) 7-6(2) 6-3,3,R32,146.0,19.0,2.0,109.0,76.0,60.0,19.0,17.0,6.0,6.0,10.0,7.0,99.0,55.0,45.0,25.0,16.0,2.0,3.0,37.0,1300.0,86.0,694.0
2026-339,Brisbane,Hard,32,250,20260105,3,HB64,,,Quentin Halys,R,191.0,FRA,29.194,P09Z,,,Alexei Popyrin,R,196.0,AUS,26.42,5-7 6-3 6-4,3,R32,114.0,15.0,2.0,79.0,58.0,52.0,9.0,16.0,1.0,2.0,13.0,2.0,84.0,54.0,41.0,16.0,15.0,3.0,5.0,91.0,669.0,50.0,1000.0
2026-336,Hong Kong,Hard,28,250,20260106,9,W0BH,,,Coleman Wong,R,191.0,HKG,21.585,N0BS,,,Mariano Navone,R,178.0,ARG,24.857,6-3 7-5,3,R32,101.0,4.0,2.0,72.0,37.0,27.0,18.0,10.0,6.0,8.0,3.0,3.0,74.0,47.0,31.0,8.0,11.0,6.0,11.0,150.0,406.0,72.0,760.0
2026-339,Brisbane,Hard,32,250,20260106,14,N771,7.0,,Cameron Norrie,L,188.0,GBR,30.374,HH26,,,Ugo Humbert,L,188.0,FRA,27.532,1-6 7-6(6) 7-5,3,R32,155.0,10.0,4.0,104.0,65.0,43.0,18.0,16.0,2.0,7.0,13.0,4.0,101.0,55.0,39.0,23.0,15.0,7.0,10.0,28.0,1523.0,36.0,1355.0
2026-339,Brisbane,Hard,32,250,20260106,15,H0BH,,,Rinky Hijikata,R,178.0,AUS,24.868,W09E,,,Adam Walton,R,183.0,AUS,26.724,6-3 6-2,3,R32,72.0,7.0,0.0,54.0,33.0,22.0,13.0,9.0,1.0,2.0,4.0,1.0,48.0,32.0,18.0,8.0,8.0,4.0,8.0,111.0,546.0,77.0,732.0
2026-336,Hong Kong,Hard,28,250,20260106,12,V812,,,Botic Van De Zandschulp,R,191.0,NED,30.259,SL28,,,Jan Lennard Struff,R,193.0,GER,35.702,6-3 1-6 6-1,3,R32,94.0,4.0,5.0,72.0,43.0,29.0,14.0,12.0,5.0,8.0,3.0,4.0,72.0,45.0,27.0,14.0,11.0,4.0,8.0,75.0,746.0,82.0,711.0
2026-336,Hong Kong,Hard,28,250,20260106,5,SU87,5.0,,Lorenzo Sonego,R,191.0,ITA,30.658,S0UV,,,Rei Sakamoto,R,193.0,JPN,19.537,6-2 7-6(4),3,R32,105.0,4.0,0.0,63.0,39.0,30.0,15.0,10.0,1.0,2.0,1.0,2.0,78.0,43.0,25.0,20.0,10.0,3.0,6.0,39.0,1240.0,200.0,292.0
2026-339,Brisbane,Hard,32,250,20260106,13,M0GZ,,,Giovanni Mpetshi Perricard,R,203.0,FRA,22.5,PL56,4,,Tommy Paul,R,185.0,USA,28.641,7-6(2) 3-6 7-6(6),3,R32,131.0,24.0,4.0,110.0,80.0,60.0,19.0,16.0,2.0,3.0,6.0,1.0,96.0,63.0,50.0,27.0,17.0,1.0,1.0,67.0,825.0,20.0,2050.0
2026-339,Brisbane,Hard,32,250,20260106,11,C0JP,,,Raphael Collignon,R,191.0,BEL,23.981,SU55,5,,Denis Shapovalov,L,185.0,CAN,26.73,6-4 6-2,3,R32,76.0,2.0,0.0,48.0,35.0,29.0,8.0,9.0,0.0,0.0,3.0,3.0,65.0,35.0,20.0,16.0,9.0,9.0,12.0,84.0,704.0,23.0,1665.0
2026-339,Brisbane,Hard,32,250,20260106,10,N0AE,,,Brandon Nakashima,R,188.0,USA,24.427,DH50,2,,Alejandro Davidovich Fokina,R,180.0,ESP,26.59,7-6(4) 6-4,3,R32,100.0,15.0,2.0,69.0,39.0,33.0,18.0,11.0,2.0,3.0,6.0,1.0,72.0,45.0,31.0,15.0,11.0,5.0,7.0,33.0,1380.0,14.0,2585.0
2026-9900,United Cup,Hard,18,A,20260106,15,BU13,,,Zizou Bergs,R,185.0,BEL,26.595,AG37,,,Felix Auger Aliassime,R,193.0,CAN,25.413,6-4 6-2,3,RR,88.0,4.0,0.0,50.0,30.0,22.0,16.0,9.0,5.0,5.0,8.0,5.0,62.0,38.0,28.0,6.0,9.0,7.0,10.0,42.0,1208.0,5.0,4190.0
2026-339,Brisbane,Hard,32,250,20260106,12,D875,,,Grigor Dimitrov,R,191.0,BUL,34.645,CD85,,,Pablo Carreno Busta,R,188.0,ESP,34.489,6-3 6-2,3,R32,67.0,7.0,1.0,49.0,30.0,26.0,12.0,9.0,1.0,1.0,4.0,1.0,45.0,32.0,21.0,6.0,8.0,1.0,4.0,47.0,1080.0,92.0,656.0
2026-336,Hong Kong,Hard,28,250,20260106,6,D0F6,6.0,,Gabriel Diallo,R,203.0,CAN,24.285,D0C1,,,Jesper De Jong,R,180.0,NED,25.602,6-4 7-6(7),3,R32,105.0,9.0,2.0,73.0,47.0,39.0,16.0,11.0,0.0,0.0,8.0,4.0,69.0,42.0,34.0,16.0,11.0,0.0,1.0,40.0,1215.0,71.0,763.0
2026-336,Hong Kong,Hard,28,250,20260106,7,MP20,7.0,,Alexandre Muller,R,183.0,FRA,28.928,KI95,,,Miomir Kecmanovic,R,183.0,SRB,26.352,7-5 6-4,3,R32,77.0,9.0,2.0,59.0,43.0,33.0,8.0,11.0,3.0,5.0,7.0,0.0,62.0,43.0,30.0,7.0,11.0,0.0,4.0,52.0,980.0,51.0,1000.0
2026-336,Hong Kong,Hard,28,250,20260106,8,EA24,,,Tomas Martin Etcheverry,R,196.0,ARG,26.472,R0EB,,,Valentin Royer,R,188.0,FRA,24.608,6-4 7-5,3,R32,104.0,8.0,0.0,56.0,33.0,26.0,16.0,11.0,1.0,2.0,9.0,1.0,72.0,49.0,29.0,15.0,11.0,9.0,12.0,57.0,895.0,56.0,924.0
2026-9900,United Cup,Hard,18,A,20260106,17,DH58,,,Alex De Minaur,R,183.0,AUS,26.886,M0NI,,,Jakub Mensik,R,196.0,CZE,20.348,6-4 6-1,3,RR,91.0,4.0,0.0,62.0,38.0,26.0,14.0,8.0,4.0,4.0,3.0,3.0,58.0,34.0,23.0,8.0,9.0,2.0,6.0,7.0,4080.0,18.0,2130.0
2026-336,Hong Kong,Hard,28,250,20260106,4,MP01,,,Michael Mmoh,R,188.0,USA,27.989,TE30,,,Alejandro Tabilo,L,188.0,CHI,28.597,7-5 6-4,3,R32,111.0,13.0,3.0,76.0,49.0,39.0,13.0,11.0,6.0,6.0,6.0,1.0,65.0,39.0,28.0,15.0,11.0,4.0,6.0,285.0,184.0,81.0,717.0
2026-339,Brisbane,Hard,32,250,20260106,16,K0AZ,,,Aleksandar Kovacevic,R,183.0,USA,27.357,KE17,,,Nick Kyrgios,R,193.0,AUS,30.697,6-3 6-4,3,R32,66.0,10.0,3.0,47.0,26.0,25.0,15.0,10.0,0.0,0.0,5.0,0.0,46.0,29.0,23.0,10.0,9.0,0.0,2.0,58.0,877.0,,
2026-9900,United Cup,Hard,18,A,20260106,16,RC91,,,Arthur Rinderknech,R,196.0,FRA,30.459,C0E9,,,Flavio Cobolli,R,183.0,ITA,23.671,6-7(4) 7-6(5) 7-5,3,RR,201.0,13.0,3.0,123.0,65.0,49.0,29.0,18.0,7.0,11.0,5.0,5.0,123.0,58.0,40.0,35.0,18.0,8.0,13.0,29.0,1527.0,22.0,2000.0
2026-336,Hong Kong,Hard,28,250,20260106,11,GC88,,,Marcos Giron,R,180.0,USA,32.454,DB63,,,Laslo Djere,R,188.0,SRB,30.598,6-2 6-0,3,R32,59.0,1.0,3.0,42.0,27.0,21.0,8.0,7.0,0.0,0.0,4.0,2.0,50.0,32.0,16.0,6.0,7.0,2.0,7.0,64.0,845.0,95.0,652.0
2026-336,Hong Kong,Hard,28,250,20260106,10,S0RE,,,Juncheng Shang,L,180.0,CHN,20.925,C0DF,,,Francisco Comesana,R,178.0,ARG,25.251,6-4 6-4,3,R32,77.0,6.0,0.0,58.0,39.0,30.0,12.0,10.0,1.0,1.0,7.0,2.0,52.0,37.0,27.0,10.0,10.0,3.0,5.0,406.0,115.0,66.0,829.0
2026-9900,United Cup,Hard,18,A,20260107,18,TE51,,,Stefanos Tsitsipas,R,193.0,GRE,27.406,FB98,,,Taylor Fritz,R,196.0,USA,28.194,6-4 7-5,3,QF,81.0,5.0,2.0,63.0,44.0,35.0,11.0,11.0,2.0,2.0,6.0,0.0,53.0,32.0,26.0,13.0,11.0,1.0,3.0,36.0,1380.0,6.0,4085.0
2026-339,Brisbane,Hard,32,250,20260107,19,M0QI,,,Alex Michelsen,R,193.0,USA,21.369,T0HA,8,,Learner Tien,L,180.0,USA,20.099,6-4 6-2,3,R16,75.0,4.0,1.0,53.0,34.0,28.0,10.0,9.0,1.0,1.0,8.0,8.0,60.0,34.0,22.0,13.0,9.0,6.0,9.0,37.0,1300.0,28.0,1540.0
2026-339,Brisbane,Hard,32,250,20260107,20,MQ75,,,Kamil Majchrzak,R,183.0,POL,29.985,O522,,,Reilly Opelka,R,211.0,USA,28.361,6-7(2) 7-6(7) 7-6(8),3,R16,149.0,13.0,2.0,108.0,76.0,66.0,22.0,18.0,0.0,0.0,44.0,4.0,122.0,99.0,78.0,14.0,18.0,3.0,3.0,59.0,861.0,60.0,861.0
2026-336,Hong Kong,Hard,28,250,20260107,16,RE44,3.0,,Andrey Rublev,R,188.0,RUS,28.216,WB32,,,Yibing Wu,R,183.0,CHN,26.234,3-6 6-2 6-1,3,R16,97.0,10.0,2.0,77.0,51.0,38.0,12.0,12.0,3.0,5.0,5.0,1.0,72.0,42.0,28.0,11.0,12.0,2.0,7.0,16.0,2510.0,179.0,322.0
2026-336,Hong Kong,Hard,28,250,20260107,15,W0BH,,,Coleman Wong,R,191.0,HKG,21.588,D0F6,6,,Gabriel Diallo,R,203.0,CAN,24.287,1-6 7-5 7-5,3,R16,149.0,10.0,3.0,107.0,63.0,42.0,21.0,15.0,11.0,15.0,9.0,3.0,108.0,75.0,50.0,15.0,16.0,7.0,11.0,150.0,406.0,40.0,1215.0
2026-336,Hong Kong,Hard,28,250,20260107,14,BT72,8.0,,Nuno Borges,R,185.0,POR,28.882,C977,,,Marin Cilic,R,198.0,CRO,37.276,7-5 6-3,3,R16,81.0,5.0,1.0,61.0,37.0,32.0,12.0,11.0,1.0,2.0,9.0,5.0,52.0,32.0,22.0,10.0,10.0,1.0,4.0,45.0,1120.0,70.0,765.0
2026-336,Hong Kong,Hard,28,250,20260107,13,M0EJ,1.0,,Lorenzo Musetti,R,185.0,ITA,23.849,EA24,,,Tomas Martin Etcheverry,R,196.0,ARG,26.475,6-7(3) 6-2 6-4,3,R16,161.0,8.0,3.0,96.0,69.0,46.0,17.0,15.0,1.0,3.0,10.0,0.0,94.0,67.0,45.0,12.0,15.0,3.0,8.0,7.0,3990.0,57.0,895.0
2026-9900,United Cup,Hard,18,A,20260107,19,HB71,,,Hubert Hurkacz,R,196.0,POL,28.903,GJ37,,,Tallon Griekspoor,R,188.0,NED,29.517,6-3 7-6(4),3,RR,82.0,21.0,0.0,55.0,41.0,37.0,11.0,11.0,0.0,0.0,4.0,0.0,59.0,39.0,26.0,13.0,10.0,0.0,1.0,83.0,710.0,26.0,1565.0
2026-339,Brisbane,Hard,32,250,20260107,17,MM58,1.0,,Daniil Medvedev,R,198.0,RUS,29.906,TD51,,,Frances Tiafoe,R,188.0,USA,27.964,6-3 6-2,3,R16,60.0,9.0,4.0,48.0,34.0,31.0,6.0,9.0,0.0,0.0,2.0,0.0,42.0,25.0,20.0,6.0,8.0,3.0,6.0,13.0,2710.0,30.0,1500.0
2026-9900,United Cup,Hard,18,A,20260107,20,B0BI,,,Sebastian Baez,R,170.0,ARG,25.027,W367,,,Stan Wawrinka,R,183.0,SUI,40.78,7-5 6-4,3,QF,98.0,3.0,1.0,73.0,57.0,41.0,9.0,11.0,5.0,5.0,11.0,2.0,66.0,36.0,29.0,14.0,11.0,2.0,4.0,45.0,1145.0,157.0,397.0
2026-339,Brisbane,Hard,32,250,20260107,18,K0AH,,,Sebastian Korda,R,196.0,USA,25.509,L0BV,3,,Jiri Lehecka,R,185.0,CZE,24.164,6-3 1-2 RET,3,R16,46.0,6.0,1.0,28.0,16.0,16.0,8.0,6.0,0.0,0.0,6.0,0.0,41.0,27.0,21.0,5.0,6.0,3.0,4.0,46.0,1090.0,19.0,2075.0
2026-339,Brisbane,Hard,32,250,20260108,24,C0JP,,,Raphael Collignon,R,191.0,BEL,23.986,D875,,,Grigor Dimitrov,R,191.0,BUL,34.65,7-6(1) 6-3,3,R16,108.0,10.0,2.0,66.0,44.0,36.0,14.0,11.0,3.0,3.0,11.0,2.0,81.0,40.0,31.0,17.0,10.0,6.0,7.0,84.0,704.0,47.0,1080.0
2026-339,Brisbane,Hard,32,250,20260108,22,N0AE,,,Brandon Nakashima,R,188.0,USA,24.433,HB64,,,Quentin Halys,R,191.0,FRA,29.202,6-2 6-4,3,R16,76.0,12.0,0.0,60.0,44.0,32.0,9.0,9.0,2.0,2.0,6.0,4.0,56.0,35.0,24.0,9.0,9.0,6.0,9.0,33.0,1380.0,91.0,669.0
2026-339,Brisbane,Hard,32,250,20260108,23,M0GZ,,,Giovanni Mpetshi Perricard,R,203.0,FRA,22.505,H0BH,,,Rinky Hijikata,R,178.0,AUS,24.873,4-6 7-6(5) 7-6(4),3,R16,133.0,29.0,2.0,102.0,75.0,61.0,18.0,17.0,2.0,3.0,5.0,2.0,111.0,80.0,61.0,21.0,17.0,4.0,4.0,67.0,825.0,111.0,546.0
2026-336,Hong Kong,Hard,28,250,20260108,17,GC88,,,Marcos Giron,R,180.0,USA,32.46,MP20,7,,Alexandre Muller,R,183.0,FRA,28.934,6-4 7-6(4),3,R16,96.0,3.0,1.0,68.0,47.0,32.0,12.0,11.0,1.0,4.0,3.0,2.0,76.0,47.0,28.0,12.0,11.0,5.0,9.0,64.0,845.0,52.0,980.0
2026-336,Hong Kong,Hard,28,250,20260108,18,S0RE,,,Juncheng Shang,L,180.0,CHN,20.931,SU87,5,,Lorenzo Sonego,R,191.0,ITA,30.664,6-3 6-4,3,R16,82.0,7.0,3.0,70.0,49.0,38.0,11.0,10.0,5.0,5.0,5.0,2.0,44.0,33.0,24.0,7.0,9.0,1.0,3.0,406.0,115.0,39.0,1240.0
2026-9900,United Cup,Hard,18,A,20260108,21,BU13,7.0,,Zizou Bergs,R,185.0,BEL,26.601,M0NI,11,,Jakub Mensik,R,196.0,CZE,20.353,6-2 7-6(4),3,QF,100.0,7.0,2.0,79.0,43.0,31.0,20.0,10.0,3.0,5.0,6.0,5.0,59.0,33.0,22.0,13.0,10.0,3.0,7.0,42.0,1208.0,18.0,2130.0
2026-336,Hong Kong,Hard,28,250,20260108,19,BK92,2.0,,Alexander Bublik,R,196.0,KAZ,28.561,V812,,,Botic Van De Zandschulp,,,,,6-3 6-3,3,R16,70.0,12.0,4.0,53.0,38.0,33.0,5.0,9.0,2.0,2.0,8.0,6.0,57.0,30.0,23.0,9.0,9.0,1.0,4.0,11.0,2845.0,,
2026-339,Brisbane,Hard,32,250,20260108,21,K0AZ,,,Aleksandar Kovacevic,R,183.0,USA,27.362,N771,7,,Cameron Norrie,L,188.0,GBR,30.379,7-6(4) 4-6 6-4,3,R16,148.0,21.0,4.0,112.0,62.0,46.0,30.0,16.0,3.0,4.0,11.0,4.0,93.0,59.0,51.0,16.0,16.0,1.0,2.0,58.0,877.0,28.0,1523.0
2026-336,Hong Kong,Hard,28,250,20260108,20,MP01,,,Michael Mmoh,R,188.0,USA,27.995,KE29,4,,Karen Khachanov,R,198.0,RUS,29.634,7-6(2) 7-6(4),3,R16,122.0,11.0,2.0,86.0,59.0,47.0,15.0,12.0,4.0,5.0,12.0,1.0,77.0,51.0,42.0,12.0,12.0,2.0,3.0,285.0,184.0,17.0,2320.0
2026-9900,United Cup,Hard,18,A,20260109,22,DH58,4.0,,Alex De Minaur,R,183.0,AUS,26.894,HB71,9,,Hubert Hurkacz,R,196.0,POL,28.909,6-4 4-6 6-4,3,QF,138.0,6.0,1.0,104.0,57.0,47.0,25.0,15.0,10.0,11.0,19.0,0.0,85.0,63.0,47.0,12.0,15.0,2.0,4.0,7.0,4080.0,83.0,710.0
2026-336,Hong Kong,Hard,28,250,20260109,21,M0EJ,1.0,,Lorenzo Musetti,R,185.0,ITA,23.855,W0BH,,,Coleman Wong,R,191.0,HKG,21.593,6-4 6-4,3,QF,75.0,2.0,2.0,52.0,31.0,21.0,17.0,10.0,0.0,1.0,6.0,2.0,57.0,43.0,31.0,4.0,10.0,3.0,6.0,7.0,3990.0,150.0,406.0
2026-339,Brisbane,Hard,32,250,20260109,25,K0AZ,,,Aleksandar Kovacevic,R,183.0,USA,27.365,M0GZ,,,Giovanni Mpetshi Perricard,R,203.0,FRA,22.508,7-6(3) 4-6 6-3,3,QF,107.0,13.0,3.0,81.0,52.0,45.0,21.0,16.0,0.0,1.0,24.0,1.0,87.0,61.0,50.0,15.0,15.0,4.0,5.0,58.0,877.0,67.0,825.0
2026-336,Hong Kong,Hard,28,250,20260109,22,RE44,3.0,,Andrey Rublev,R,188.0,RUS,28.222,BT72,8,,Nuno Borges,R,185.0,POR,28.887,6-3 6-4,3,QF,73.0,7.0,1.0,50.0,38.0,34.0,7.0,10.0,1.0,1.0,2.0,0.0,69.0,47.0,33.0,7.0,9.0,6.0,8.0,16.0,2510.0,45.0,1120.0
2026-339,Brisbane,Hard,32,250,20260109,27,M0QI,,,Alex Michelsen,R,193.0,USA,21.374,K0AH,,,Sebastian Korda,R,196.0,USA,25.514,6-3 7-6(7),3,QF,99.0,3.0,3.0,76.0,49.0,34.0,19.0,11.0,1.0,1.0,8.0,1.0,67.0,38.0,31.0,13.0,10.0,1.0,2.0,37.0,1300.0,46.0,1090.0
2026-336,Hong Kong,Hard,28,250,20260109,23,GC88,,,Marcos Giron,R,180.0,USA,32.463,MP01,,,Michael Mmoh,R,188.0,USA,27.997,6-3 1-0 RET,3,QF,49.0,3.0,0.0,40.0,31.0,22.0,4.0,5.0,6.0,7.0,0.0,2.0,29.0,18.0,11.0,3.0,5.0,2.0,5.0,64.0,845.0,285.0,184.0
2026-339,Brisbane,Hard,32,250,20260109,26,N0AE,,,Brandon Nakashima,R,188.0,USA,24.435,C0JP,,,Raphael Collignon,R,191.0,BEL,23.989,6-3 6-3,3,QF,82.0,7.0,0.0,63.0,49.0,39.0,6.0,9.0,6.0,6.0,3.0,1.0,50.0,29.0,21.0,10.0,9.0,2.0,5.0,33.0,1380.0,84.0,704.0
2026-339,Brisbane,Hard,32,250,20260109,28,MM58,1.0,,Daniil Medvedev,R,198.0,RUS,29.911,MQ75,,,Kamil Majchrzak,R,183.0,POL,29.99,6-7(4) 6-3 6-2,3,QF,132.0,16.0,4.0,93.0,61.0,48.0,14.0,15.0,5.0,6.0,4.0,0.0,90.0,54.0,34.0,18.0,14.0,5.0,9.0,13.0,2710.0,59.0,861.0
2026-336,Hong Kong,Hard,28,250,20260109,24,BK92,2.0,,Alexander Bublik,R,196.0,KAZ,28.564,S0RE,,,Juncheng Shang,L,180.0,CHN,20.934,6-1 7-6(2),3,QF,85.0,15.0,2.0,58.0,39.0,34.0,13.0,10.0,1.0,1.0,3.0,3.0,68.0,39.0,24.0,17.0,9.0,2.0,4.0,11.0,2845.0,406.0,115.0
2026-339,Brisbane,Hard,32,250,20260110,29,N0AE,,,Brandon Nakashima,R,188.0,USA,24.438,K0AZ,,,Aleksandar Kovacevic,R,183.0,USA,27.368,7-6(4) 6-4,3,SF,104.0,15.0,1.0,73.0,51.0,38.0,12.0,11.0,2.0,2.0,14.0,4.0,77.0,49.0,38.0,12.0,11.0,2.0,3.0,33.0,1380.0,58.0,877.0
2026-336,Hong Kong,Hard,28,250,20260110,25,M0EJ,1.0,,Lorenzo Musetti,R,185.0,ITA,23.858,RE44,3,,Andrey Rublev,R,188.0,RUS,28.225,6-7(3) 7-5 6-4,3,SF,163.0,5.0,2.0,117.0,86.0,65.0,14.0,17.0,7.0,8.0,7.0,0.0,105.0,68.0,50.0,19.0,17.0,7.0,10.0,7.0,3990.0,16.0,2510.0
2026-9900,United Cup,Hard,18,A,20260110,24,HB71,,,Hubert Hurkacz,R,196.0,POL,28.912,FB98,,,Taylor Fritz,R,196.0,USA,28.203,7-6(1) 7-6(2),3,SF,94.0,16.0,3.0,76.0,59.0,50.0,7.0,12.0,2.0,2.0,12.0,0.0,73.0,47.0,37.0,13.0,12.0,1.0,1.0,83.0,710.0,6.0,4085.0
2026-339,Brisbane,Hard,32,250,20260110,30,MM58,1.0,,Daniil Medvedev,R,198.0,RUS,29.914,M0QI,,,Alex Michelsen,R,193.0,USA,21.377,6-4 6-2,3,SF,102.0,9.0,7.0,75.0,46.0,32.0,14.0,9.0,7.0,8.0,4.0,1.0,65.0,42.0,22.0,12.0,9.0,4.0,8.0,13.0,2710.0,37.0,1300.0
2026-336,Hong Kong,Hard,28,250,20260110,26,BK92,2.0,,Alexander Bublik,R,196.0,KAZ,28.567,GC88,,,Marcos Giron,R,180.0,USA,32.465,3-6 6-4 6-2,3,SF,101.0,9.0,4.0,82.0,54.0,42.0,14.0,14.0,6.0,8.0,5.0,1.0,82.0,55.0,36.0,14.0,13.0,0.0,3.0,11.0,2845.0,64.0,845.0
2026-9900,United Cup,Hard,18,A,20260110,23,BU13,,,Zizou Bergs,R,185.0,BEL,26.606,W367,,,Stan Wawrinka,R,183.0,SUI,40.789,6-3 6-7(4) 6-3,3,SF,150.0,7.0,4.0,100.0,59.0,42.0,29.0,16.0,2.0,2.0,8.0,1.0,104.0,59.0,40.0,26.0,14.0,4.0,6.0,42.0,1208.0,157.0,397.0
2026-9900,United Cup,Hard,18,A,20260111,25,HB71,,,Hubert Hurkacz,R,196.0,POL,28.914,W367,,,Stan Wawrinka,R,183.0,SUI,40.791,6-3 3-6 6-3,3,F,114.0,18.0,0.0,90.0,63.0,52.0,9.0,14.0,8.0,9.0,10.0,1.0,78.0,49.0,38.0,15.0,13.0,5.0,7.0,83.0,710.0,157.0,397.0
2026-339,Brisbane,Hard,32,250,20260111,31,MM58,1.0,,Daniil Medvedev,R,198.0,RUS,29.916,N0AE,,,Brandon Nakashima,R,188.0,USA,24.441,6-2 7-6(1),3,F,95.0,10.0,4.0,73.0,51.0,36.0,13.0,10.0,3.0,4.0,3.0,0.0,53.0,33.0,26.0,8.0,10.0,2.0,5.0,13.0,2710.0,33.0,1380.0
2026-336,Hong Kong,Hard,28,250,20260111,27,BK92,2.0,,Alexander Bublik,R,196.0,KAZ,28.569,M0EJ,1,,Lorenzo Musetti,R,185.0,ITA,23.86,7-6(2) 6-3,3,F,98.0,10.0,4.0,67.0,51.0,40.0,7.0,10.0,2.0,3.0,5.0,1.0,73.0,46.0,29.0,15.0,11.0,4.0,7.0,11.0,2845.0,7.0,3990.0
2026-8998,Adelaide,Hard,28,250,20260112,2,VA25,5.0,,Valentin Vacherot,R,193.0,MON,27.157,KI95,,,Miomir Kecmanovic,R,183.0,SRB,26.368,7-6(5) 6-4,3,R32,96.0,12.0,3.0,85.0,64.0,44.0,9.0,11.0,6.0,8.0,4.0,3.0,67.0,46.0,32.0,11.0,11.0,1.0,4.0,32.0,1469.0,59.0,910.0
2026-301,Auckland,Hard,32,250,20260112,2,B0CD,,,Jenson Brooksby,R,193.0,USA,25.213,W0ED,,,James Watt,R,206.0,NZL,25.593,6-4 6-3,3,R32,86.0,2.0,3.0,66.0,48.0,34.0,10.0,9.0,3.0,3.0,4.0,3.0,68.0,51.0,33.0,7.0,10.0,10.0,13.0,48.0,1017.0,,
2026-301,Auckland,Hard,32,250,20260112,3,C0DF,,,Francisco Comesana,R,178.0,ARG,25.268,R0EB,,,Valentin Royer,R,188.0,FRA,24.624,6-4 6-4,3,R32,80.0,10.0,1.0,51.0,37.0,32.0,8.0,10.0,0.0,0.0,4.0,4.0,63.0,44.0,35.0,5.0,10.0,1.0,3.0,66.0,829.0,56.0,924.0
2026-301,Auckland,Hard,32,250,20260112,4,S0JA,,,Eliot Spizzirri,R,185.0,USA,24.055,ME82,,,Adrian Mannarino,L,180.0,FRA,37.539,6-4 6-3,3,R32,80.0,5.0,0.0,44.0,28.0,25.0,12.0,9.0,0.0,0.0,4.0,3.0,63.0,27.0,19.0,16.0,10.0,2.0,5.0,89.0,672.0,68.0,817.0
2026-8998,Adelaide,Hard,28,250,20260112,5,HH26,,,Ugo Humbert,L,188.0,FRA,27.548,A0GC,,,Terence Atmane,L,193.0,FRA,24.008,6-3 7-6(3),3,R32,92.0,5.0,2.0,67.0,40.0,34.0,18.0,11.0,3.0,3.0,7.0,3.0,67.0,36.0,26.0,19.0,10.0,5.0,6.0,36.0,1355.0,64.0,862.0
2026-8998,Adelaide,Hard,28,250,20260112,4,KD46,,,Thanasi Kokkinakis,R,193.0,AUS,29.758,K0AH,,,Sebastian Korda,R,196.0,USA,25.522,3-6 6-3 7-6(3),3,R32,146.0,15.0,1.0,100.0,61.0,43.0,24.0,15.0,6.0,9.0,8.0,3.0,90.0,45.0,33.0,27.0,15.0,2.0,5.0,,,51.0,975.0
2026-8998,Adelaide,Hard,28,250,20260112,3,MU94,,,Jaume Munar,R,183.0,ESP,28.69,AE14,,,Daniel Altmaier,R,188.0,GER,27.335,6-3 6-0,3,R32,64.0,3.0,2.0,32.0,20.0,17.0,8.0,7.0,0.0,1.0,3.0,2.0,52.0,29.0,13.0,9.0,8.0,2.0,8.0,38.0,1295.0,44.0,1123.0
2026-301,Auckland,Hard,32,250,20260112,5,B0BI,7.0,,Sebastian Baez,R,170.0,ARG,25.04,N0AM,,,Emilio Nava,R,185.0,USA,24.112,4-6 7-5 6-3,3,R32,143.0,3.0,1.0,111.0,91.0,57.0,15.0,15.0,5.0,6.0,10.0,1.0,96.0,60.0,43.0,20.0,16.0,6.0,9.0,39.0,1250.0,88.0,677.0
2026-301,Auckland,Hard,32,250,20260112,1,N771,5.0,,Cameron Norrie,L,188.0,GBR,30.39,G09O,,,Hugo Gaston,L,173.0,FRA,25.295,6-3 6-4,3,R32,80.0,3.0,2.0,48.0,33.0,29.0,8.0,9.0,0.0,0.0,4.0,6.0,75.0,44.0,29.0,15.0,10.0,5.0,8.0,28.0,1523.0,94.0,653.0
2026-8998,Adelaide,Hard,28,250,20260112,1,O522,,,Reilly Opelka,R,211.0,USA,28.375,P09Z,,,Alexei Popyrin,R,196.0,AUS,26.439,6-3 7-6(6),3,R32,83.0,22.0,4.0,64.0,50.0,44.0,8.0,11.0,1.0,1.0,10.0,0.0,57.0,39.0,35.0,9.0,10.0,1.0,2.0,60.0,861.0,50.0,1000.0
2026-301,Auckland,Hard,32,250,20260113,8,GC88,,,Marcos Giron,R,180.0,USA,32.474,MP20,,,Alexandre Muller,R,183.0,FRA,28.947,6-2 6-2,3,R32,73.0,1.0,0.0,59.0,38.0,30.0,12.0,8.0,6.0,6.0,3.0,3.0,45.0,28.0,18.0,6.0,8.0,1.0,5.0,60.0,895.0,50.0,980.0
2026-301,Auckland,Hard,32,250,20260113,6,M0CI,,,Fabian Marozsan,R,193.0,HUN,26.267,MC65,,,Gael Monfils,R,193.0,FRA,39.368,5-7 6-3 6-4,3,R32,120.0,6.0,2.0,96.0,57.0,41.0,25.0,16.0,2.0,4.0,10.0,6.0,93.0,56.0,40.0,18.0,15.0,5.0,8.0,52.0,975.0,110.0,550.0
2026-301,Auckland,Hard,32,250,20260113,7,M0QI,6.0,,Alex Michelsen,R,193.0,USA,21.385,N0BS,,,Mariano Navone,R,178.0,ARG,24.876,2-6 6-2 7-5,3,R32,145.0,2.0,0.0,85.0,54.0,37.0,14.0,14.0,2.0,6.0,4.0,3.0,108.0,65.0,39.0,22.0,14.0,10.0,15.0,37.0,1350.0,74.0,760.0
2026-8998,Adelaide,Hard,28,250,20260113,11,F724,,,Marton Fucsovics,R,188.0,HUN,33.93,Q02L,,,Ethan Quinn,R,191.0,USA,21.84,6-4 6-4,3,R32,95.0,5.0,2.0,73.0,45.0,32.0,15.0,10.0,6.0,7.0,5.0,3.0,60.0,32.0,23.0,12.0,10.0,1.0,4.0,55.0,949.0,78.0,733.0
2026-8998,Adelaide,Hard,28,250,20260113,12,VA08,,,Andrea Vavassori,R,193.0,ITA,30.694,D0F6,,,Gabriel Diallo,R,203.0,CAN,24.304,6-3 7-6(4),3,R32,109.0,5.0,3.0,70.0,42.0,36.0,13.0,11.0,0.0,1.0,5.0,3.0,66.0,42.0,32.0,11.0,10.0,1.0,3.0,336.0,147.0,41.0,1215.0
2026-8998,Adelaide,Hard,28,250,20260113,8,H0BH,,,Rinky Hijikata,R,178.0,AUS,24.887,S0N0,,,Tristan Schoolkate,R,183.0,AUS,24.879,6-4 6-4,3,R32,79.0,4.0,1.0,52.0,33.0,26.0,13.0,10.0,3.0,4.0,8.0,5.0,59.0,30.0,22.0,14.0,10.0,3.0,6.0,115.0,527.0,97.0,641.0
2026-8998,Adelaide,Hard,28,250,20260113,7,HB64,,,Quentin Halys,R,191.0,FRA,29.216,F0BY,,,Jacob Fearnley,R,183.0,GBR,24.498,6-3 6-4,3,R32,78.0,11.0,1.0,57.0,34.0,25.0,13.0,10.0,3.0,5.0,2.0,7.0,59.0,38.0,27.0,6.0,9.0,5.0,9.0,85.0,697.0,77.0,752.0
2026-8998,Adelaide,Hard,28,250,20260113,6,M0FH,8.0,,Tomas Machac,R,183.0,CZE,25.251,D994,,,James Duckworth,R,183.0,AUS,33.979,6-3 6-3,3,R32,71.0,11.0,0.0,50.0,33.0,29.0,10.0,9.0,2.0,2.0,7.0,0.0,54.0,30.0,20.0,14.0,9.0,2.0,5.0,35.0,1360.0,86.0,694.0
2026-301,Auckland,Hard,32,250,20260113,11,TE30,,,Alejandro Tabilo,L,188.0,CHI,28.616,U182,,,Camilo Ugo Carabelli,R,185.0,ARG,26.576,6-4 6-2,3,R32,62.0,9.0,0.0,41.0,31.0,29.0,7.0,9.0,0.0,0.0,4.0,3.0,48.0,29.0,21.0,6.0,9.0,0.0,3.0,81.0,722.0,47.0,1028.0
2026-301,Auckland,Hard,32,250,20260113,10,M0GZ,,,Giovanni Mpetshi Perricard,R,203.0,FRA,22.519,BD06,,,Roberto Bautista Agut,R,183.0,ESP,37.749,6-3 7-6(2),3,R32,96.0,22.0,4.0,75.0,54.0,41.0,9.0,11.0,6.0,7.0,2.0,2.0,71.0,54.0,35.0,10.0,10.0,6.0,8.0,63.0,865.0,90.0,670.0
2026-8998,Adelaide,Hard,28,250,20260113,10,V832,,,Aleksandar Vukic,R,188.0,AUS,29.771,TE51,7,,Stefanos Tsitsipas,R,193.0,GRE,27.422,7-6(3) 7-6(5),3,R32,113.0,6.0,0.0,94.0,57.0,38.0,26.0,12.0,4.0,4.0,13.0,0.0,77.0,50.0,44.0,13.0,12.0,4.0,4.0,87.0,693.0,33.0,1455.0
2026-301,Auckland,Hard,32,250,20260113,12,BT72,8.0,,Nuno Borges,R,185.0,POR,28.898,EA24,,,Tomas Martin Etcheverry,R,196.0,ARG,26.491,7-5 3-6 7-6(2),3,R32,149.0,8.0,2.0,108.0,80.0,63.0,13.0,16.0,2.0,3.0,6.0,2.0,91.0,51.0,42.0,28.0,17.0,0.0,1.0,46.0,1070.0,61.0,895.0
2026-8998,Adelaide,Hard,28,250,20260113,9,S0H2,,,Alexander Shevchenko,R,188.0,KAZ,25.123,D923,,,Damir Dzumhur,R,175.0,BIH,33.651,4-6 6-4 7-5,3,R32,147.0,7.0,5.0,102.0,61.0,41.0,20.0,16.0,4.0,9.0,1.0,1.0,100.0,61.0,40.0,15.0,16.0,4.0,10.0,104.0,597.0,66.0,837.0
2026-301,Auckland,Hard,32,250,20260113,9,M0JF,,,Hamad Medjedovic,R,188.0,SRB,22.491,K0AZ,,,Aleksandar Kovacevic,R,183.0,USA,27.376,6-4 3-6 7-6(2),3,R32,117.0,12.0,3.0,85.0,60.0,50.0,14.0,15.0,2.0,3.0,15.0,1.0,89.0,60.0,52.0,13.0,16.0,1.0,2.0,96.0,643.0,54.0,964.0
2026-301,Auckland,Hard,32,250,20260114,17,M0GZ,,,Giovanni Mpetshi Perricard,R,203.0,FRA,22.522,N771,5,,Cameron Norrie,L,188.0,GBR,30.396,4-6 6-3 7-6(4),3,R16,122.0,25.0,3.0,102.0,73.0,57.0,15.0,16.0,3.0,4.0,3.0,2.0,81.0,55.0,43.0,19.0,15.0,3.0,4.0,63.0,865.0,28.0,1523.0
2026-301,Auckland,Hard,32,250,20260114,13,M0NI,3.0,,Jakub Mensik,R,196.0,CZE,20.37,M0JF,,,Hamad Medjedovic,R,188.0,SRB,22.494,6-1 3-6 6-3,3,R16,134.0,22.0,4.0,97.0,55.0,45.0,17.0,13.0,11.0,13.0,9.0,7.0,91.0,55.0,34.0,15.0,12.0,6.0,10.0,18.0,2125.0,96.0,643.0
2026-301,Auckland,Hard,32,250,20260114,16,D0FJ,4.0,,Luciano Darderi,R,183.0,ITA,23.915,TE30,,,Alejandro Tabilo,L,188.0,CHI,28.619,1-6 7-5 6-3,3,R16,108.0,9.0,3.0,77.0,46.0,34.0,16.0,14.0,5.0,8.0,11.0,3.0,76.0,48.0,38.0,12.0,14.0,2.0,5.0,24.0,1579.0,81.0,722.0
2026-301,Auckland,Hard,32,250,20260114,15,M0CI,,,Fabian Marozsan,R,193.0,HUN,26.27,RH16,2,,Casper Ruud,R,183.0,NOR,27.064,6-4 6-4,3,R16,81.0,4.0,0.0,58.0,41.0,34.0,9.0,10.0,1.0,1.0,6.0,0.0,63.0,43.0,33.0,8.0,10.0,7.0,9.0,52.0,975.0,13.0,2795.0
2026-301,Auckland,Hard,32,250,20260114,14,S0S1,1.0,,Ben Shelton,L,193.0,USA,23.266,C0DF,,,Francisco Comesana,R,178.0,ARG,25.273,7-5 6-4,3,R16,102.0,12.0,3.0,73.0,55.0,43.0,10.0,11.0,6.0,6.0,1.0,1.0,66.0,48.0,33.0,10.0,11.0,2.0,4.0,8.0,3960.0,66.0,829.0
2026-8998,Adelaide,Hard,28,250,20260114,19,S0H2,,,Alexander Shevchenko,R,188.0,KAZ,25.125,F724,,,Marton Fucsovics,R,188.0,HUN,33.933,6-3 7-6(6),3,R16,100.0,9.0,0.0,63.0,45.0,39.0,11.0,11.0,3.0,3.0,7.0,0.0,74.0,46.0,34.0,15.0,10.0,9.0,10.0,104.0,597.0,55.0,949.0
2026-8998,Adelaide,Hard,28,250,20260114,20,V832,,,Aleksandar Vukic,R,188.0,AUS,29.774,VA08,,,Andrea Vavassori,R,193.0,ITA,30.697,6-2 7-6(5),3,R16,105.0,7.0,0.0,63.0,36.0,30.0,15.0,10.0,1.0,2.0,8.0,6.0,78.0,51.0,37.0,8.0,10.0,8.0,11.0,87.0,693.0,336.0,147.0
2026-301,Auckland,Hard,32,250,20260114,20,S0JA,,,Eliot Spizzirri,R,185.0,USA,24.06,BT72,8,,Nuno Borges,R,185.0,POR,28.901,7-6(6) 6-4,3,R16,98.0,7.0,0.0,66.0,49.0,40.0,9.0,11.0,1.0,2.0,4.0,0.0,76.0,55.0,40.0,11.0,11.0,4.0,6.0,89.0,672.0,46.0,1070.0
2026-8998,Adelaide,Hard,28,250,20260114,13,DH50,1.0,,Alejandro Davidovich Fokina,R,180.0,ESP,26.612,H0BH,,,Rinky Hijikata,R,178.0,AUS,24.89,6-3 6-2,3,R16,83.0,0.0,2.0,43.0,25.0,19.0,8.0,8.0,3.0,5.0,1.0,3.0,62.0,34.0,19.0,9.0,9.0,5.0,11.0,15.0,2585.0,115.0,527.0
2026-8998,Adelaide,Hard,28,250,20260114,14,PL56,2.0,,Tommy Paul,R,185.0,USA,28.663,O522,,,Reilly Opelka,R,211.0,USA,28.381,6-4 6-4,3,R16,71.0,6.0,2.0,54.0,31.0,26.0,16.0,10.0,0.0,0.0,15.0,1.0,55.0,36.0,28.0,9.0,10.0,3.0,5.0,21.0,2000.0,60.0,861.0
2026-8998,Adelaide,Hard,28,250,20260114,15,MU94,,,Jaume Munar,R,183.0,ESP,28.695,C0AU,3,,Francisco Cerundolo,R,185.0,ARG,27.422,3-6 7-5 6-4,3,R16,148.0,14.0,3.0,89.0,61.0,45.0,15.0,16.0,4.0,7.0,2.0,3.0,99.0,59.0,41.0,23.0,15.0,9.0,12.0,38.0,1295.0,20.0,2035.0
2026-8998,Adelaide,Hard,28,250,20260114,16,HH26,,,Ugo Humbert,L,188.0,FRA,27.554,GJ37,4,,Tallon Griekspoor,R,188.0,NED,29.536,6-4 6-1,3,R16,78.0,3.0,2.0,52.0,30.0,24.0,13.0,9.0,4.0,5.0,2.0,4.0,56.0,42.0,22.0,6.0,8.0,4.0,8.0,36.0,1355.0,25.0,1565.0
2026-301,Auckland,Hard,32,250,20260114,18,GC88,,,Marcos Giron,R,180.0,USA,32.476,M0QI,6,,Alex Michelsen,R,193.0,USA,21.388,6-4 6-4,3,R16,87.0,4.0,0.0,51.0,39.0,30.0,7.0,10.0,0.0,1.0,4.0,3.0,74.0,49.0,33.0,10.0,10.0,5.0,8.0,60.0,895.0,37.0,1350.0
2026-8998,Adelaide,Hard,28,250,20260114,18,M0FH,8.0,,Tomas Machac,R,183.0,CZE,25.254,HB64,,,Quentin Halys,R,191.0,FRA,29.218,6-4 6-2,3,R16,74.0,6.0,2.0,59.0,40.0,29.0,9.0,9.0,1.0,2.0,4.0,1.0,56.0,33.0,22.0,9.0,9.0,2.0,6.0,35.0,1360.0,85.0,697.0
2026-301,Auckland,Hard,32,250,20260114,19,B0BI,7.0,,Sebastian Baez,R,170.0,ARG,25.046,B0CD,,,Jenson Brooksby,R,193.0,USA,25.218,7-5 6-0,3,R16,87.0,1.0,3.0,68.0,55.0,33.0,7.0,9.0,7.0,9.0,0.0,5.0,53.0,35.0,16.0,6.0,9.0,0.0,6.0,39.0,1250.0,48.0,1017.0
2026-8998,Adelaide,Hard,28,250,20260114,17,VA25,5.0,,Valentin Vacherot,R,193.0,MON,27.162,KD46,,,Thanasi Kokkinakis,R,193.0,AUS,29.763,W/O,3,R16,133.0,7.0,1.0,91.0,54.0,39.0,25.0,16.0,1.0,3.0,14.0,10.0,101.0,60.0,44.0,19.0,15.0,2.0,6.0,32.0,1469.0,,
2026-8998,Adelaide,Hard,28,250,20260115,24,DH50,1.0,,Alejandro Davidovich Fokina,R,180.0,ESP,26.615,VA25,5,,Valentin Vacherot,R,193.0,MON,27.165,7-6(4) 6-2,3,QF,92.0,3.0,1.0,62.0,46.0,35.0,11.0,10.0,0.0,1.0,15.0,4.0,65.0,49.0,32.0,8.0,10.0,2.0,5.0,15.0,2585.0,32.0,1469.0
2026-301,Auckland,Hard,32,250,20260115,21,GC88,,,Marcos Giron,R,180.0,USA,32.479,D0FJ,4,,Luciano Darderi,R,183.0,ITA,23.918,1-6 7-5 6-4,3,QF,155.0,8.0,4.0,88.0,56.0,37.0,13.0,14.0,6.0,11.0,12.0,1.0,93.0,47.0,36.0,20.0,15.0,5.0,10.0,60.0,895.0,24.0,1579.0
2026-8998,Adelaide,Hard,28,250,20260115,23,HH26,,,Ugo Humbert,L,188.0,FRA,27.556,S0H2,,,Alexander Shevchenko,R,188.0,KAZ,25.128,6-0 6-3,3,QF,57.0,7.0,1.0,44.0,33.0,28.0,7.0,8.0,3.0,3.0,1.0,4.0,41.0,28.0,15.0,3.0,7.0,3.0,7.0,36.0,1355.0,104.0,597.0
2026-8998,Adelaide,Hard,28,250,20260115,22,PL56,2.0,,Tommy Paul,R,185.0,USA,28.665,V832,,,Aleksandar Vukic,R,188.0,AUS,29.777,6-3 6-2,3,QF,62.0,9.0,0.0,48.0,26.0,20.0,15.0,9.0,0.0,1.0,1.0,2.0,51.0,28.0,17.0,7.0,8.0,3.0,7.0,21.0,2000.0,87.0,693.0
2026-8998,Adelaide,Hard,28,250,20260115,21,M0FH,8.0,,Tomas Machac,R,183.0,CZE,25.257,MU94,,,Jaume Munar,R,183.0,ESP,28.698,6-4 6-4,3,QF,90.0,2.0,0.0,61.0,37.0,28.0,16.0,10.0,4.0,4.0,4.0,0.0,59.0,41.0,28.0,10.0,10.0,4.0,6.0,35.0,1360.0,38.0,1295.0
2026-301,Auckland,Hard,32,250,20260116,24,B0BI,7.0,,Sebastian Baez,R,170.0,ARG,25.051,S0S1,1,,Ben Shelton,L,193.0,USA,23.272,7-5 6-3,3,QF,98.0,0.0,1.0,61.0,49.0,33.0,6.0,10.0,3.0,5.0,6.0,1.0,73.0,53.0,29.0,8.0,11.0,6.0,11.0,39.0,1250.0,8.0,3960.0
2026-8998,Adelaide,Hard,28,250,20260116,25,M0FH,8.0,,Tomas Machac,R,183.0,CZE,25.259,PL56,2,,Tommy Paul,R,185.0,USA,28.668,2-6 6-3 6-3,3,SF,111.0,8.0,2.0,84.0,51.0,40.0,14.0,13.0,2.0,4.0,3.0,0.0,82.0,49.0,31.0,18.0,13.0,5.0,8.0,35.0,1360.0,21.0,2000.0
2026-301,Auckland,Hard,32,250,20260116,26,M0CI,,,Fabian Marozsan,R,193.0,HUN,26.275,S0JA,,,Eliot Spizzirri,R,185.0,USA,24.066,6-4 2-6 6-2,3,QF,104.0,9.0,2.0,73.0,52.0,35.0,8.0,13.0,2.0,6.0,5.0,1.0,66.0,34.0,26.0,15.0,13.0,2.0,7.0,52.0,975.0,89.0,672.0
2026-301,Auckland,Hard,32,250,20260116,25,M0NI,3.0,,Jakub Mensik,R,196.0,CZE,20.375,M0GZ,,,Giovanni Mpetshi Perricard,R,203.0,FRA,22.527,6-4 6-2,3,QF,65.0,8.0,3.0,43.0,27.0,23.0,9.0,9.0,0.0,1.0,5.0,2.0,51.0,33.0,19.0,7.0,9.0,5.0,9.0,18.0,2125.0,63.0,865.0
2026-301,Auckland,Hard,32,250,20260116,23,B0BI,7.0,,Sebastian Baez,R,170.0,ARG,25.051,GC88,,,Marcos Giron,R,180.0,USA,32.482,6-1 6-4,3,SF,87.0,5.0,1.0,52.0,43.0,30.0,7.0,9.0,1.0,2.0,3.0,4.0,80.0,47.0,29.0,11.0,8.0,11.0,15.0,39.0,1250.0,60.0,895.0
2026-301,Auckland,Hard,32,250,20260116,22,M0NI,3.0,,Jakub Mensik,R,196.0,CZE,20.375,M0CI,,,Fabian Marozsan,R,193.0,HUN,26.275,7-6(9) 4-6 6-1,3,SF,127.0,16.0,5.0,98.0,58.0,43.0,21.0,15.0,5.0,8.0,3.0,2.0,96.0,64.0,45.0,15.0,14.0,3.0,7.0,18.0,2125.0,52.0,975.0
2026-8998,Adelaide,Hard,28,250,20260116,26,HH26,,,Ugo Humbert,L,188.0,FRA,27.559,DH50,1,,Alejandro Davidovich Fokina,R,180.0,ESP,26.617,6-3 5-7 7-6(4),3,SF,152.0,10.0,2.0,101.0,68.0,53.0,18.0,17.0,0.0,1.0,5.0,2.0,103.0,73.0,51.0,18.0,16.0,2.0,3.0,36.0,1355.0,15.0,2585.0
2026-301,Auckland,Hard,32,250,20260117,27,M0NI,3.0,,Jakub Mensik,R,196.0,CZE,20.378,B0BI,7,,Sebastian Baez,R,170.0,ARG,25.054,6-3 7-6(7),3,F,82.0,18.0,3.0,67.0,41.0,39.0,9.0,11.0,1.0,2.0,2.0,3.0,65.0,52.0,35.0,6.0,10.0,3.0,5.0,18.0,2125.0,39.0,1250.0
2026-8998,Adelaide,Hard,28,250,20260117,27,M0FH,8.0,,Tomas Machac,R,183.0,CZE,25.262,HH26,,,Ugo Humbert,L,188.0,FRA,27.562,6-4 6-7(2) 6-2,3,F,143.0,5.0,1.0,98.0,67.0,49.0,18.0,15.0,3.0,4.0,8.0,3.0,97.0,60.0,45.0,15.0,15.0,8.0,12.0,35.0,1360.0,36.0,1355.0
2026-580,Australian Open,Hard,128,G,20260118,1,F0DM,,,Arthur Fery,R,175.0,GBR,23.521,C0E9,20,,Flavio Cobolli,R,183.0,ITA,23.704,7-6(1) 6-4 6-1,5,R128,134.0,6.0,0.0,85.0,60.0,42.0,13.0,0.0,3.0,6.0,7.0,8.0,83.0,48.0,30.0,12.0,0.0,4.0,10.0,186.0,316.0,22.0,1955.0
2026-580,Australian Open,Hard,128,G,20260118,2,MW02,32.0,,Corentin Moutet,L,180.0,FRA,26.752,S0N0,,,Tristan Schoolkate,R,183.0,AUS,24.893,6-4 7-6(1) 6-3,5,R128,157.0,6.0,4.0,104.0,61.0,45.0,25.0,0.0,6.0,8.0,8.0,4.0,95.0,56.0,38.0,16.0,0.0,4.0,8.0,37.0,1383.0,98.0,641.0
2026-580,Australian Open,Hard,128,G,20260118,3,EA24,,,Tomas Martin Etcheverry,R,196.0,ARG,26.505,KI95,,,Miomir Kecmanovic,R,183.0,SRB,26.385,6-2 3-6 4-6 6-3 6-4,5,R128,237.0,20.0,5.0,120.0,76.0,66.0,26.0,0.0,4.0,6.0,8.0,4.0,164.0,104.0,73.0,29.0,0.0,13.0,17.0,62.0,895.0,60.0,910.0
2026-580,Australian Open,Hard,128,G,20260118,4,C0AU,18.0,,Francisco Cerundolo,R,185.0,ARG,27.433,Z371,,,Zhizhen Zhang,R,193.0,CHN,29.257,6-3 7-6(0) 6-3,5,R128,128.0,7.0,2.0,86.0,56.0,45.0,19.0,0.0,0.0,2.0,8.0,1.0,99.0,66.0,42.0,14.0,0.0,6.0,10.0,21.0,2035.0,368.0,130.0
2026-580,Australian Open,Hard,128,G,20260118,5,Z355,3.0,,Alexander Zverev,R,198.0,GER,28.747,D0F6,,,Gabriel Diallo,R,203.0,CAN,24.318,6-7(1) 6-1 6-4 6-2,5,R128,165.0,15.0,1.0,98.0,73.0,61.0,14.0,0.0,1.0,2.0,10.0,5.0,112.0,81.0,57.0,12.0,0.0,2.0,8.0,3.0,5105.0,41.0,1215.0
2026-580,Australian Open,Hard,128,G,20260118,6,C0DF,,,Francisco Comesana,R,178.0,ARG,25.284,K0A3,,,Patrick Kypson,R,188.0,USA,26.226,6-2 6-3 3-6 6-3,5,R128,168.0,20.0,5.0,103.0,98.0,72.0,0.0,0.0,1.0,2.0,12.0,7.0,118.0,111.0,68.0,0.0,0.0,6.0,10.0,68.0,829.0,116.0,527.0
2026-580,Australian Open,Hard,128,G,20260118,7,D923,,,Damir Dzumhur,R,175.0,BIH,33.665,D0DP,,,Liam Draxl,R,185.0,CAN,24.12,7-5 6-0 6-4,5,R128,133.0,6.0,3.0,91.0,76.0,52.0,9.0,0.0,6.0,8.0,5.0,4.0,98.0,70.0,41.0,9.0,0.0,5.0,12.0,66.0,837.0,145.0,429.0
2026-580,Australian Open,Hard,128,G,20260118,15,N771,26.0,,Cameron Norrie,L,188.0,GBR,30.407,BM95,,,Benjamin Bonzi,R,183.0,FRA,29.61,6-0 6-7(2) 4-6 6-3 6-4,5,R128,223.0,16.0,3.0,170.0,111.0,73.0,37.0,0.0,16.0,18.0,9.0,4.0,136.0,86.0,55.0,32.0,0.0,7.0,13.0,27.0,1553.0,106.0,566.0
2026-580,Australian Open,Hard,128,G,20260118,14,H997,,,Yannick Hanfmann,R,193.0,GER,34.182,S0K7,,,Zachary Svajda,R,175.0,USA,23.138,7-5 4-6 6-4 7-6(3),5,R128,172.0,19.0,2.0,125.0,75.0,58.0,29.0,0.0,4.0,8.0,11.0,8.0,143.0,102.0,69.0,18.0,0.0,4.0,9.0,102.0,611.0,143.0,431.0
2026-580,Australian Open,Hard,128,G,20260118,13,BK92,10.0,,Alexander Bublik,R,196.0,KAZ,28.589,B0CD,,,Jenson Brooksby,R,193.0,USA,25.229,6-4 6-4 6-4,5,R128,127.0,13.0,4.0,94.0,69.0,51.0,12.0,0.0,7.0,8.0,4.0,1.0,97.0,61.0,38.0,20.0,0.0,7.0,11.0,10.0,3065.0,48.0,1042.0
2026-580,Australian Open,Hard,128,G,20260118,12,Z0BZ,,,Michael Zheng,R,188.0,USA,21.977,K0AH,,,Sebastian Korda,R,196.0,USA,25.539,6-4 6-4 3-6 6-7(0) 6-3,5,R128,224.0,4.0,0.0,174.0,115.0,79.0,34.0,0.0,6.0,7.0,22.0,5.0,142.0,89.0,71.0,31.0,0.0,4.0,8.0,174.0,337.0,53.0,975.0
2026-580,Australian Open,Hard,128,G,20260118,11,F724,,,Marton Fucsovics,R,188.0,HUN,33.944,U182,,,Camilo Ugo Carabelli,R,185.0,ARG,26.59,7-6(5) 6-1 6-2,5,R128,146.0,1.0,5.0,92.0,54.0,37.0,20.0,0.0,2.0,5.0,1.0,4.0,95.0,61.0,31.0,15.0,0.0,5.0,12.0,54.0,967.0,49.0,1028.0
2026-580,Australian Open,Hard,128,G,20260118,10,F0F2,,,Jaime Faria,R,188.0,POR,22.453,B0PG,,,Alexander Blockx,R,193.0,BEL,20.78,6-3 3-6 6-3 6-4,5,R128,145.0,5.0,2.0,114.0,64.0,46.0,30.0,0.0,3.0,5.0,8.0,2.0,100.0,56.0,44.0,23.0,0.0,4.0,8.0,151.0,413.0,96.0,653.0
2026-580,Australian Open,Hard,128,G,20260118,9,TD51,29.0,,Frances Tiafoe,R,188.0,USA,27.995,KB95,,,Jason Kubler,R,178.0,AUS,32.668,7-6(4) 6-3 6-2,5,R128,136.0,23.0,5.0,108.0,64.0,50.0,22.0,0.0,5.0,6.0,9.0,3.0,81.0,59.0,41.0,10.0,0.0,2.0,6.0,34.0,1500.0,194.0,305.0
2026-580,Australian Open,Hard,128,G,20260118,8,N0AM,,,Emilio Nava,R,185.0,USA,24.129,J0AZ,,,Kyrian Jacquet,R,175.0,FRA,24.69,6-2 7-5 6-7(5) 4-6 7-6(6),5,R128,215.0,27.0,6.0,159.0,110.0,87.0,28.0,0.0,5.0,8.0,19.0,6.0,179.0,103.0,79.0,40.0,0.0,6.0,11.0,89.0,683.0,128.0,477.0
2026-580,Australian Open,Hard,128,G,20260118,16,A0E2,1.0,,Carlos Alcaraz,R,183.0,ESP,22.705,W09E,,,Adam Walton,R,183.0,AUS,26.755,6-3 7-6(2) 6-2,5,R128,126.0,8.0,1.0,83.0,56.0,43.0,18.0,15.0,0.0,1.0,4.0,4.0,87.0,62.0,39.0,11.0,13.0,5.0,8.0,1.0,12050.0,79.0,727.0
2026-580,Australian Open,Hard,128,G,20260119,22,O522,,,Reilly Opelka,R,211.0,USA,28.394,B0U4,,,Nicolai Budkov Kjaer,R,191.0,NOR,19.384,6-4 6-3 6-4,5,R128,93.0,23.0,4.0,71.0,54.0,51.0,10.0,0.0,2.0,2.0,3.0,3.0,80.0,57.0,39.0,11.0,0.0,1.0,4.0,63.0,873.0,135.0,446.0
2026-580,Australian Open,Hard,128,G,20260119,21,M0JF,,,Hamad Medjedovic,R,188.0,SRB,22.508,N0BS,,,Mariano Navone,R,178.0,ARG,24.893,6-2 6-7(3) 6-4 6-2,5,R128,184.0,15.0,5.0,124.0,89.0,62.0,22.0,0.0,6.0,7.0,5.0,5.0,131.0,98.0,55.0,19.0,0.0,11.0,17.0,90.0,681.0,74.0,760.0
2026-580,Australian Open,Hard,128,G,20260119,28,T0HA,25.0,,Learner Tien,L,180.0,USA,20.131,GC88,,,Marcos Giron,R,180.0,USA,32.49,7-6(2) 4-6 3-6 7-6(3) 6-2,5,R128,223.0,21.0,10.0,165.0,103.0,70.0,33.0,0.0,12.0,18.0,14.0,3.0,176.0,114.0,74.0,29.0,0.0,7.0,13.0,29.0,1540.0,51.0,985.0
2026-580,Australian Open,Hard,128,G,20260119,27,M0CI,,,Fabian Marozsan,R,193.0,HUN,26.283,RC91,24,,Arthur Rinderknech,R,196.0,FRA,30.494,6-3 6-4 6-7(2) 6-4,5,R128,179.0,9.0,2.0,114.0,83.0,66.0,20.0,0.0,0.0,0.0,18.0,2.0,139.0,90.0,58.0,32.0,0.0,8.0,11.0,47.0,1065.0,28.0,1551.0
2026-580,Australian Open,Hard,128,G,20260119,43,MU94,,,Jaume Munar,R,183.0,ESP,28.709,S0GD,,,Dalibor Svrcina,R,178.0,CZE,23.299,3-6 6-2 6-7(5) 7-5 6-3,5,R128,270.0,18.0,6.0,163.0,108.0,79.0,27.0,0.0,5.0,10.0,6.0,10.0,164.0,101.0,67.0,31.0,0.0,11.0,18.0,39.0,1335.0,95.0,655.0
2026-580,Australian Open,Hard,128,G,20260119,44,MP20,,,Alexandre Muller,R,183.0,FRA,28.964,P09Z,,,Alexei Popyrin,R,196.0,AUS,26.459,2-6 6-3 3-6 7-6(5) 7-6(4),5,R128,236.0,5.0,4.0,154.0,111.0,78.0,23.0,0.0,5.0,10.0,40.0,0.0,155.0,100.0,75.0,33.0,0.0,7.0,10.0,52.0,980.0,50.0,1000.0
2026-580,Australian Open,Hard,128,G,20260119,41,G0IX,,,Arthur Gea,R,180.0,FRA,21.046,L0BV,17,,Jiri Lehecka,R,185.0,CZE,24.197,7-5 7-6(1) 7-5,5,R128,165.0,7.0,4.0,108.0,73.0,52.0,21.0,0.0,3.0,6.0,8.0,1.0,118.0,74.0,51.0,19.0,0.0,10.0,15.0,198.0,300.0,19.0,2090.0
2026-580,Australian Open,Hard,128,G,20260119,42,VA25,30.0,,Valentin Vacherot,R,193.0,MON,27.176,D0DT,,,Martin Damm,L,203.0,USA,,6-4 6-4 6-4,5,R128,117.0,18.0,2.0,92.0,62.0,52.0,16.0,0.0,5.0,5.0,16.0,4.0,84.0,55.0,41.0,13.0,0.0,0.0,3.0,31.0,1519.0,177.0,333.0
2026-580,Australian Open,Hard,128,G,20260119,34,V812,,,Botic Van De Zandschulp,R,191.0,NED,30.294,N0AE,27,,Brandon Nakashima,R,188.0,USA,24.463,6-3 4-6 7-6(1) 7-6(3),5,R128,210.0,15.0,7.0,143.0,120.0,91.0,8.0,0.0,5.0,6.0,10.0,3.0,126.0,105.0,73.0,15.0,0.0,1.0,3.0,75.0,759.0,30.0,1535.0
2026-580,Australian Open,Hard,128,G,20260119,33,SU55,21.0,,Denis Shapovalov,L,185.0,CAN,26.765,Y09V,,,Yunchaokete Bu,R,185.0,CHN,24.0,6-3 7-6(3) 6-1,5,R128,137.0,19.0,0.0,83.0,56.0,49.0,20.0,0.0,1.0,1.0,1.0,1.0,96.0,59.0,37.0,21.0,0.0,5.0,8.0,23.0,1650.0,120.0,499.0
2026-580,Australian Open,Hard,128,G,20260119,36,M0IF,,,Francesco Maestrelli,R,196.0,ITA,23.08,A0GC,,,Terence Atmane,L,193.0,FRA,24.027,6-4 3-6 6-7(4) 6-1 6-1,5,R128,208.0,28.0,8.0,134.0,80.0,65.0,31.0,0.0,2.0,3.0,14.0,4.0,145.0,81.0,61.0,33.0,0.0,10.0,16.0,141.0,436.0,64.0,862.0
2026-580,Australian Open,Hard,128,G,20260119,35,H0BH,,,Rinky Hijikata,R,178.0,AUS,24.903,ME82,,,Adrian Mannarino,L,180.0,FRA,37.558,6-3 6-3 6-1,5,R128,119.0,4.0,3.0,92.0,87.0,59.0,1.0,0.0,6.0,7.0,7.0,3.0,76.0,70.0,37.0,0.0,0.0,5.0,11.0,114.0,542.0,69.0,810.0
2026-580,Australian Open,Hard,128,G,20260119,40,RH16,12.0,,Casper Ruud,R,183.0,NOR,27.077,B0GG,,,Mattia Bellucci,L,175.0,ITA,24.635,6-1 6-2 6-4,5,R128,102.0,10.0,2.0,76.0,53.0,41.0,15.0,0.0,1.0,1.0,8.0,3.0,73.0,50.0,32.0,8.0,0.0,9.0,14.0,13.0,2795.0,76.0,758.0
2026-580,Australian Open,Hard,128,G,20260119,39,D643,4.0,,Novak Djokovic,R,188.0,SRB,38.664,MO44,,,Pedro Martinez,R,185.0,ESP,28.734,6-3 6-2 6-2,5,R128,120.0,14.0,0.0,57.0,44.0,41.0,11.0,0.0,0.0,0.0,2.0,6.0,98.0,70.0,42.0,10.0,0.0,7.0,12.0,4.0,4780.0,71.0,768.0
2026-580,Australian Open,Hard,128,G,20260119,37,MQ75,,,Kamil Majchrzak,R,183.0,POL,30.018,F0BY,,,Jacob Fearnley,R,183.0,GBR,24.515,7-6(2) 7-5 3-6 7-6(3),5,R128,208.0,5.0,1.0,155.0,102.0,63.0,35.0,0.0,9.0,14.0,12.0,10.0,143.0,97.0,63.0,25.0,0.0,4.0,8.0,59.0,918.0,77.0,752.0
2026-580,Australian Open,Hard,128,G,20260119,38,W367,,,Stan Wawrinka,R,183.0,SUI,40.813,DB63,,,Laslo Djere,R,188.0,SRB,30.634,5-7 6-3 6-4 7-6(4),5,R128,203.0,14.0,2.0,116.0,79.0,66.0,21.0,0.0,2.0,4.0,9.0,5.0,150.0,98.0,71.0,23.0,0.0,15.0,18.0,139.0,437.0,92.0,659.0
2026-580,Australian Open,Hard,128,G,20260119,18,BT72,,,Nuno Borges,R,185.0,POR,28.914,AG37,7,,Felix Auger Aliassime,R,193.0,CAN,25.448,3-6 6-4 6-4 RET,5,R128,136.0,6.0,1.0,84.0,55.0,40.0,17.0,0.0,2.0,5.0,8.0,1.0,79.0,50.0,33.0,19.0,0.0,3.0,6.0,46.0,1070.0,8.0,3990.0
2026-580,Australian Open,Hard,128,G,20260119,17,HB64,,,Quentin Halys,R,191.0,FRA,29.232,TE30,,,Alejandro Tabilo,L,188.0,CHI,28.632,6-2 6-2 7-6(2),5,R128,116.0,12.0,1.0,79.0,44.0,37.0,25.0,0.0,1.0,1.0,7.0,1.0,91.0,55.0,31.0,20.0,0.0,3.0,7.0,83.0,725.0,79.0,737.0
2026-580,Australian Open,Hard,128,G,20260119,20,PL56,19.0,,Tommy Paul,R,185.0,USA,28.676,K0AZ,,,Aleksandar Kovacevic,R,183.0,USA,27.392,6-4 6-3 6-3,5,R128,94.0,20.0,0.0,67.0,44.0,40.0,16.0,0.0,0.0,0.0,10.0,5.0,77.0,47.0,34.0,13.0,0.0,2.0,6.0,20.0,2050.0,56.0,964.0
2026-580,Australian Open,Hard,128,G,20260119,19,MM58,11.0,,Daniil Medvedev,R,198.0,RUS,29.938,D0C1,,,Jesper De Jong,R,180.0,NED,25.637,7-5 6-2 7-6(2),5,R128,175.0,9.0,5.0,111.0,77.0,58.0,11.0,0.0,6.0,10.0,3.0,1.0,117.0,60.0,39.0,22.0,0.0,6.0,13.0,12.0,2910.0,73.0,763.0
2026-580,Australian Open,Hard,128,G,20260119,26,DH50,14.0,,Alejandro Davidovich Fokina,R,180.0,ESP,26.626,M0JZ,,,Filip Misolic,R,180.0,AUT,24.449,6-2 6-3 6-3,5,R128,103.0,10.0,3.0,84.0,56.0,42.0,17.0,0.0,4.0,4.0,6.0,3.0,83.0,45.0,30.0,14.0,0.0,6.0,11.0,14.0,2635.0,84.0,725.0
2026-580,Australian Open,Hard,128,G,20260119,25,RE44,13.0,,Andrey Rublev,R,188.0,RUS,28.249,A0FC,,,Matteo Arnaldi,R,185.0,ITA,24.906,6-4 6-2 6-3,5,R128,114.0,8.0,2.0,80.0,55.0,40.0,18.0,0.0,6.0,6.0,4.0,4.0,77.0,42.0,27.0,20.0,0.0,6.0,11.0,15.0,2600.0,65.0,858.0
2026-580,Australian Open,Hard,128,G,20260119,24,DH58,6.0,,Alex De Minaur,R,183.0,AUS,26.921,MK66,,,Mackenzie Mcdonald,R,178.0,USA,30.762,6-2 6-2 6-3,5,R128,109.0,9.0,4.0,66.0,34.0,29.0,21.0,0.0,1.0,1.0,7.0,2.0,91.0,55.0,32.0,16.0,0.0,5.0,11.0,6.0,4080.0,113.0,546.0
2026-580,Australian Open,Hard,128,G,20260119,23,S0H2,,,Alexander Shevchenko,R,188.0,KAZ,25.139,Y218,,,Elias Ymer,R,185.0,SWE,29.777,3-6 7-5 6-4 6-1,5,R128,197.0,9.0,5.0,147.0,142.0,90.0,0.0,0.0,9.0,11.0,1.0,4.0,123.0,119.0,72.0,0.0,0.0,6.0,11.0,97.0,650.0,175.0,337.0
2026-580,Australian Open,Hard,128,G,20260119,32,T0A1,,,Thiago Agustin Tirante,R,185.0,ARG,24.778,V832,,,Aleksandar Vukic,R,188.0,AUS,29.788,7-5 6-2 6-2,5,R128,111.0,20.0,2.0,71.0,44.0,36.0,21.0,0.0,0.0,0.0,8.0,2.0,87.0,49.0,32.0,16.0,0.0,3.0,8.0,103.0,605.0,78.0,746.0
2026-580,Australian Open,Hard,128,G,20260119,31,TC61,,,Jordan Thompson,R,183.0,AUS,31.751,C0C8,,,Juan Manuel Cerundolo,L,183.0,ARG,24.178,6-7(3) 7-5 6-1 6-1,5,R128,197.0,10.0,1.0,115.0,67.0,51.0,34.0,0.0,5.0,5.0,5.0,6.0,125.0,60.0,40.0,35.0,0.0,4.0,10.0,111.0,548.0,87.0,700.0
2026-580,Australian Open,Hard,128,G,20260119,29,C977,,,Marin Cilic,R,198.0,CRO,37.309,AE14,,,Daniel Altmaier,R,188.0,GER,27.354,6-0 6-0 7-6(3),5,R128,121.0,20.0,3.0,72.0,53.0,44.0,11.0,0.0,1.0,1.0,8.0,4.0,81.0,60.0,35.0,7.0,0.0,6.0,12.0,70.0,790.0,44.0,1123.0
2026-580,Australian Open,Hard,128,G,20260119,30,S0RE,,,Juncheng Shang,L,180.0,CHN,20.961,BD06,,,Roberto Bautista Agut,R,183.0,ESP,37.766,6-4 6-7(2) 6-4 6-0,5,R128,176.0,11.0,6.0,113.0,76.0,62.0,19.0,0.0,3.0,4.0,11.0,1.0,107.0,76.0,48.0,18.0,0.0,5.0,11.0,318.0,165.0,91.0,670.0
2026-580,Australian Open,Hard,128,G,20260120,62,M0FH,,,Tomas Machac,R,183.0,CZE,25.27,D875,,,Grigor Dimitrov,R,191.0,BUL,34.683,6-4 6-4 6-3,5,R128,107.0,21.0,1.0,82.0,58.0,45.0,15.0,0.0,4.0,4.0,11.0,4.0,97.0,78.0,48.0,8.0,0.0,6.0,10.0,24.0,1610.0,45.0,1105.0
2026-580,Australian Open,Hard,128,G,20260120,61,KI82,,,Vit Kopriva,R,178.0,CZE,28.6,SL28,,,Jan Lennard Struff,R,193.0,GER,35.74,4-6 6-2 2-6 6-3 6-1,5,R128,190.0,19.0,5.0,169.0,110.0,78.0,24.0,0.0,16.0,20.0,16.0,10.0,121.0,78.0,51.0,18.0,0.0,5.0,12.0,101.0,626.0,86.0,706.0
2026-580,Australian Open,Hard,128,G,20260120,60,HB71,,,Hubert Hurkacz,R,196.0,POL,28.939,BU13,,,Zizou Bergs,R,185.0,BEL,26.634,6-7(6) 7-6(6) 6-3 6-3,5,R128,204.0,18.0,2.0,140.0,110.0,87.0,15.0,0.0,6.0,6.0,15.0,6.0,147.0,106.0,75.0,23.0,0.0,8.0,11.0,55.0,965.0,43.0,1170.0
2026-580,Australian Open,Hard,128,G,20260120,59,FB98,9.0,,Taylor Fritz,R,196.0,USA,28.23,R0EB,,,Valentin Royer,R,188.0,FRA,24.646,7-6(5) 5-7 6-1 6-3,5,R128,182.0,24.0,3.0,110.0,76.0,62.0,18.0,0.0,4.0,7.0,19.0,6.0,150.0,89.0,62.0,25.0,0.0,15.0,21.0,9.0,3840.0,58.0,924.0
2026-580,Australian Open,Hard,128,G,20260120,63,TE51,31.0,,Stefanos Tsitsipas,R,193.0,GRE,27.441,M0HU,,,Shintaro Mochizuki,R,175.0,JPN,22.637,4-6 6-3 6-2 6-2,5,R128,180.0,16.0,6.0,105.0,72.0,57.0,16.0,0.0,7.0,8.0,3.0,6.0,136.0,79.0,50.0,26.0,0.0,15.0,20.0,35.0,1455.0,112.0,547.0
2026-580,Australian Open,Hard,128,G,20260120,64,D994,,,James Duckworth,R,183.0,AUS,33.999,P0HW,,,Dino Prizmic,R,188.0,CRO,20.46,7-6(4) 3-6 1-6 7-5 6-3,5,R128,262.0,16.0,5.0,179.0,119.0,80.0,30.0,0.0,14.0,20.0,9.0,12.0,174.0,108.0,76.0,35.0,0.0,14.0,18.0,88.0,694.0,127.0,481.0
2026-580,Australian Open,Hard,128,G,20260120,46,S0S1,8.0,,Ben Shelton,L,193.0,USA,23.283,HH26,,,Ugo Humbert,L,188.0,FRA,27.57,6-3 7-6(2) 7-6(5),5,R128,160.0,15.0,2.0,103.0,72.0,56.0,20.0,0.0,1.0,3.0,5.0,6.0,107.0,64.0,47.0,21.0,0.0,7.0,10.0,7.0,4000.0,33.0,1510.0
2026-580,Australian Open,Hard,128,G,20260120,45,M0EJ,5.0,,Lorenzo Musetti,R,185.0,ITA,23.885,C0JP,,,Raphael Collignon,R,191.0,BEL,24.019,4-6 7-6(3) 7-5 3-2 RET,5,R128,187.0,10.0,3.0,120.0,81.0,55.0,24.0,0.0,11.0,15.0,11.0,6.0,129.0,70.0,49.0,28.0,0.0,5.0,10.0,5.0,4105.0,72.0,767.0
2026-580,Australian Open,Hard,128,G,20260120,58,S0AG,2.0,,Jannik Sinner,R,191.0,ITA,24.43,G09O,,,Hugo Gaston,L,173.0,FRA,25.317,6-2 6-1 RET,5,R128,71.0,6.0,0.0,45.0,29.0,25.0,8.0,0.0,3.0,3.0,0.0,0.0,47.0,23.0,14.0,8.0,0.0,3.0,7.0,2.0,11500.0,93.0,656.0
2026-580,Australian Open,Hard,128,G,20260120,57,J0DZ,,,Rafael Jodar,R,191.0,ESP,19.343,S0UV,,,Rei Sakamoto,R,193.0,JPN,19.576,7-6(6) 6-1 5-7 4-6 6-3,5,R128,234.0,4.0,1.0,160.0,99.0,70.0,39.0,0.0,6.0,9.0,6.0,4.0,173.0,112.0,76.0,34.0,0.0,10.0,15.0,150.0,418.0,203.0,292.0
2026-580,Australian Open,Hard,128,G,20260120,56,S0IA,,,Dane Sweeny,R,170.0,AUS,24.936,MC65,,,Gael Monfils,R,193.0,FRA,39.387,6-7(3) 7-5 6-4 7-5,5,R128,,2.0,3.0,148.0,104.0,74.0,25.0,0.0,9.0,11.0,14.0,6.0,164.0,112.0,79.0,24.0,0.0,14.0,19.0,182.0,325.0,110.0,550.0
2026-580,Australian Open,Hard,128,G,20260120,55,WB32,,,Yibing Wu,R,183.0,CHN,26.27,N0BG,,,Luca Nardi,R,185.0,ITA,22.459,7-5 4-6 6-4 6-2,5,R128,,7.0,3.0,132.0,75.0,52.0,32.0,0.0,15.0,19.0,7.0,6.0,117.0,66.0,42.0,27.0,0.0,6.0,13.0,168.0,347.0,108.0,561.0
2026-580,Australian Open,Hard,128,G,20260120,54,SU87,,,Lorenzo Sonego,R,191.0,ITA,30.697,TE16,,,Carlos Taberner,R,183.0,ESP,28.452,6-4 6-0 6-3,5,R128,106.0,13.0,2.0,62.0,46.0,37.0,8.0,0.0,0.0,1.0,1.0,11.0,77.0,51.0,28.0,9.0,0.0,5.0,12.0,40.0,1240.0,99.0,630.0
2026-580,Australian Open,Hard,128,G,20260120,53,B0NN,,,Nishesh Basavareddy,R,180.0,USA,20.72,O483,,,Christopher O'Connell,R,183.0,AUS,31.633,4-6 7-6(7) 6-7(3) 6-2 6-3,5,R128,251.0,17.0,5.0,148.0,85.0,64.0,40.0,0.0,1.0,4.0,25.0,3.0,176.0,108.0,80.0,31.0,0.0,8.0,13.0,242.0,230.0,118.0,521.0
2026-580,Australian Open,Hard,128,G,20260120,52,B0BI,,,Sebastian Baez,R,170.0,ARG,25.062,M0GZ,,,Giovanni Mpetshi Perricard,R,203.0,FRA,22.538,6-4 6-4 3-6 5-7 6-3,5,R128,195.0,10.0,2.0,154.0,120.0,87.0,18.0,0.0,10.0,13.0,30.0,5.0,150.0,107.0,78.0,23.0,0.0,6.0,10.0,36.0,1390.0,61.0,905.0
2026-580,Australian Open,Hard,128,G,20260120,51,S0JA,,,Eliot Spizzirri,R,185.0,USA,24.077,F0FV,28,,Joao Fonseca,R,188.0,BRA,19.417,6-4 2-6 6-1 6-2,5,R128,161.0,14.0,2.0,97.0,65.0,53.0,16.0,0.0,7.0,9.0,10.0,5.0,102.0,63.0,42.0,19.0,0.0,8.0,13.0,85.0,725.0,32.0,1510.0
2026-580,Australian Open,Hard,128,G,20260120,50,Q02L,,,Ethan Quinn,R,191.0,USA,21.859,GJ37,23,,Tallon Griekspoor,R,188.0,NED,29.552,6-2 6-3 6-2,5,R128,98.0,5.0,2.0,59.0,39.0,29.0,16.0,0.0,0.0,2.0,6.0,8.0,80.0,51.0,28.0,12.0,0.0,8.0,15.0,80.0,733.0,26.0,1565.0
2026-580,Australian Open,Hard,128,G,20260120,49,D0FJ,22.0,,Luciano Darderi,R,183.0,ITA,23.932,GD64,,,Cristian Garin,R,185.0,CHI,29.643,7-6(5) 7-5 7-6(3),5,R128,176.0,15.0,2.0,101.0,63.0,50.0,25.0,0.0,2.0,4.0,12.0,6.0,132.0,78.0,54.0,27.0,0.0,8.0,11.0,25.0,1599.0,82.0,726.0
2026-580,Australian Open,Hard,128,G,20260120,48,M0NI,16.0,,Jakub Mensik,R,196.0,CZE,20.386,CD85,,,Pablo Carreno Busta,R,188.0,ESP,34.527,7-5 4-6 2-6 7-6(1) 6-3,5,R128,253.0,27.0,19.0,185.0,105.0,79.0,31.0,0.0,12.0,18.0,1.0,6.0,161.0,109.0,75.0,23.0,0.0,6.0,12.0,17.0,2345.0,94.0,656.0
2026-580,Australian Open,Hard,128,G,20260120,47,KE29,15.0,,Karen Khachanov,R,198.0,RUS,29.667,M0QI,,,Alex Michelsen,R,193.0,USA,21.405,4-6 6-4 6-3 5-7 6-3,5,R128,237.0,24.0,4.0,176.0,112.0,86.0,31.0,0.0,11.0,13.0,16.0,4.0,142.0,94.0,72.0,25.0,0.0,11.0,15.0,18.0,2320.0,38.0,1350.0
2026-580,Australian Open,Hard,128,G,20260121,79,N771,26.0,,Cameron Norrie,L,188.0,GBR,30.415,N0AM,,,Emilio Nava,R,185.0,USA,24.137,6-1 7-6(3) 4-6 7-6(5),5,R64,200.0,5.0,2.0,144.0,112.0,79.0,19.0,0.0,7.0,10.0,19.0,5.0,148.0,105.0,69.0,22.0,0.0,15.0,19.0,27.0,1553.0,89.0,683.0
2026-580,Australian Open,Hard,128,G,20260121,80,TD51,29.0,,Frances Tiafoe,R,188.0,USA,28.003,C0DF,,,Francisco Comesana,R,178.0,ARG,25.292,6-4 6-3 4-6 6-2,5,R64,185.0,7.0,1.0,108.0,61.0,52.0,25.0,0.0,4.0,5.0,15.0,5.0,124.0,84.0,57.0,17.0,0.0,12.0,17.0,34.0,1500.0,68.0,829.0
2026-580,Australian Open,Hard,128,G,20260121,78,DH58,6.0,,Alex De Minaur,R,183.0,AUS,26.927,M0JF,,,Hamad Medjedovic,R,188.0,SRB,22.513,6-7(5) 6-2 6-2 6-1,5,R64,184.0,12.0,4.0,110.0,77.0,59.0,20.0,0.0,2.0,3.0,19.0,11.0,137.0,88.0,57.0,19.0,0.0,14.0,21.0,6.0,4080.0,90.0,681.0
2026-580,Australian Open,Hard,128,G,20260121,77,Z355,3.0,,Alexander Zverev,R,198.0,GER,28.756,MP20,,,Alexandre Muller,R,183.0,FRA,28.969,6-3 4-6 6-3 6-4,5,R64,183.0,18.0,1.0,108.0,74.0,53.0,21.0,0.0,5.0,8.0,4.0,2.0,125.0,86.0,55.0,18.0,0.0,10.0,16.0,3.0,5105.0,52.0,980.0
2026-580,Australian Open,Hard,128,G,20260121,74,T0HA,25.0,,Learner Tien,L,180.0,USA,20.137,S0H2,,,Alexander Shevchenko,R,188.0,KAZ,25.144,6-2 5-7 6-1 6-0,5,R64,124.0,9.0,2.0,92.0,55.0,45.0,19.0,0.0,2.0,4.0,4.0,1.0,94.0,59.0,31.0,17.0,0.0,4.0,13.0,29.0,1540.0,97.0,650.0
2026-580,Australian Open,Hard,128,G,20260121,73,DH50,14.0,,Alejandro Davidovich Fokina,R,180.0,ESP,26.631,O522,,,Reilly Opelka,R,211.0,USA,28.4,6-3 7-6(3) 5-7 4-6 6-4,5,R64,230.0,12.0,1.0,165.0,129.0,98.0,20.0,0.0,9.0,11.0,37.0,12.0,161.0,108.0,81.0,30.0,0.0,9.0,11.0,14.0,2635.0,63.0,873.0
2026-580,Australian Open,Hard,128,G,20260121,76,BT72,,,Nuno Borges,R,185.0,POR,28.92,TC61,,,Jordan Thompson,R,183.0,AUS,31.756,6-7(9) 6-3 6-2 6-4,5,R64,186.0,10.0,4.0,130.0,89.0,64.0,24.0,0.0,5.0,7.0,12.0,1.0,121.0,70.0,46.0,26.0,0.0,1.0,7.0,46.0,1070.0,111.0,548.0
2026-580,Australian Open,Hard,128,G,20260121,75,MW02,32.0,,Corentin Moutet,L,180.0,FRA,26.76,Z0BZ,,,Michael Zheng,R,188.0,USA,21.985,3-6 6-1 6-3 2-0 RET,5,R64,121.0,10.0,5.0,76.0,46.0,33.0,16.0,0.0,4.0,7.0,3.0,1.0,84.0,62.0,37.0,6.0,0.0,0.0,7.0,37.0,1383.0,174.0,337.0
2026-580,Australian Open,Hard,128,G,20260121,71,A0E2,1.0,,Carlos Alcaraz,R,183.0,ESP,22.714,H997,,,Yannick Hanfmann,R,193.0,GER,34.19,7-6(4) 6-4 6-3,5,R64,166.0,12.0,3.0,111.0,69.0,47.0,26.0,15.0,6.0,7.0,7.0,4.0,100.0,62.0,43.0,17.0,14.0,5.0,9.0,1.0,12050.0,102.0,611.0
2026-580,Australian Open,Hard,128,G,20260121,72,BK92,10.0,,Alexander Bublik,R,196.0,KAZ,28.597,F724,,,Marton Fucsovics,R,188.0,HUN,33.952,7-5 6-4 7-5,5,R64,134.0,12.0,4.0,90.0,63.0,48.0,14.0,0.0,0.0,2.0,6.0,6.0,119.0,72.0,44.0,26.0,0.0,8.0,13.0,10.0,3065.0,54.0,967.0
2026-580,Australian Open,Hard,128,G,20260121,70,EA24,,,Tomas Martin Etcheverry,R,196.0,ARG,26.513,F0DM,,,Arthur Fery,R,175.0,GBR,23.529,7-6(4) 6-1 6-3,5,R64,165.0,11.0,1.0,102.0,70.0,47.0,23.0,0.0,9.0,10.0,5.0,1.0,92.0,66.0,40.0,14.0,0.0,6.0,11.0,62.0,895.0,186.0,316.0
2026-580,Australian Open,Hard,128,G,20260121,69,MM58,11.0,,Daniil Medvedev,R,198.0,RUS,29.944,HB64,,,Quentin Halys,R,191.0,FRA,29.238,6-7(9) 6-3 6-4 6-2,5,R64,184.0,13.0,4.0,145.0,98.0,72.0,26.0,0.0,10.0,12.0,6.0,6.0,115.0,75.0,54.0,16.0,0.0,4.0,10.0,12.0,2910.0,83.0,725.0
2026-580,Australian Open,Hard,128,G,20260121,67,RE44,13.0,,Andrey Rublev,R,188.0,RUS,28.255,F0F2,,,Jaime Faria,R,188.0,POR,22.461,6-4 6-3 4-6 7-5,5,R64,172.0,6.0,3.0,125.0,88.0,67.0,20.0,0.0,10.0,12.0,10.0,5.0,120.0,77.0,53.0,22.0,0.0,4.0,9.0,15.0,2600.0,151.0,413.0
2026-580,Australian Open,Hard,128,G,20260121,68,M0CI,,,Fabian Marozsan,R,193.0,HUN,26.289,MQ75,,,Kamil Majchrzak,R,183.0,POL,30.023,6-3 6-4 7-6(5),5,R64,144.0,5.0,2.0,113.0,83.0,52.0,16.0,0.0,8.0,12.0,3.0,4.0,119.0,80.0,45.0,14.0,0.0,8.0,14.0,47.0,1065.0,59.0,918.0
2026-580,Australian Open,Hard,128,G,20260121,65,C0AU,18.0,,Francisco Cerundolo,R,185.0,ARG,27.441,D923,,,Damir Dzumhur,R,175.0,BIH,33.673,6-3 6-2 6-1,5,R64,98.0,10.0,1.0,66.0,36.0,29.0,20.0,0.0,2.0,3.0,3.0,1.0,78.0,50.0,29.0,12.0,0.0,5.0,12.0,21.0,2035.0,66.0,837.0
2026-580,Australian Open,Hard,128,G,20260121,66,PL56,19.0,,Tommy Paul,R,185.0,USA,28.682,T0A1,,,Thiago Agustin Tirante,R,185.0,ARG,24.783,6-3 6-4 6-2,5,R64,124.0,4.0,1.0,82.0,47.0,37.0,23.0,0.0,4.0,4.0,12.0,3.0,85.0,48.0,36.0,11.0,0.0,6.0,10.0,20.0,2050.0,103.0,605.0
2026-580,Australian Open,Hard,128,G,20260122,82,M0NI,16.0,,Jakub Mensik,R,196.0,CZE,20.392,J0DZ,,,Rafael Jodar,R,191.0,ESP,19.348,6-2 6-4 6-4,5,R64,120.0,9.0,2.0,90.0,55.0,44.0,15.0,0.0,4.0,6.0,3.0,1.0,85.0,52.0,31.0,16.0,0.0,5.0,11.0,17.0,2345.0,150.0,418.0
2026-580,Australian Open,Hard,128,G,20260122,81,KE29,15.0,,Karen Khachanov,R,198.0,RUS,29.673,B0NN,,,Nishesh Basavareddy,R,180.0,USA,20.726,6-1 6-4 6-3,5,R64,118.0,15.0,1.0,70.0,53.0,43.0,12.0,0.0,4.0,4.0,10.0,3.0,93.0,45.0,32.0,17.0,0.0,7.0,12.0,18.0,2320.0,242.0,230.0
2026-580,Australian Open,Hard,128,G,20260122,84,M0EJ,5.0,,Lorenzo Musetti,R,185.0,ITA,23.89,SU87,,,Lorenzo Sonego,R,191.0,ITA,30.702,6-3 6-3 6-4,5,R64,169.0,2.0,2.0,87.0,58.0,40.0,17.0,0.0,4.0,6.0,5.0,6.0,116.0,77.0,47.0,13.0,0.0,17.0,23.0,5.0,4105.0,40.0,1240.0
2026-580,Australian Open,Hard,128,G,20260122,83,D643,4.0,,Novak Djokovic,R,188.0,SRB,38.672,M0IF,Q,,Francesco Maestrelli,R,196.0,ITA,23.088,6-3 6-2 6-2,5,R64,136.0,5.0,4.0,78.0,52.0,45.0,9.0,0.0,4.0,5.0,10.0,4.0,93.0,56.0,30.0,15.0,0.0,10.0,16.0,4.0,4780.0,141.0,436.0
2026-580,Australian Open,Hard,128,G,20260122,85,S0S1,8.0,,Ben Shelton,L,193.0,USA,23.288,S0IA,,,Dane Sweeny,R,170.0,AUS,24.942,6-3 6-2 6-2,5,R64,104.0,19.0,2.0,64.0,44.0,39.0,14.0,0.0,0.0,0.0,0.0,5.0,80.0,58.0,36.0,8.0,0.0,7.0,12.0,7.0,4000.0,182.0,325.0
2026-580,Australian Open,Hard,128,G,20260122,86,D0FJ,22.0,,Luciano Darderi,R,183.0,ITA,23.937,B0BI,,,Sebastian Baez,R,170.0,ARG,25.068,6-3 1-6 6-4 6-3,5,R64,149.0,10.0,1.0,104.0,67.0,41.0,21.0,0.0,5.0,10.0,4.0,3.0,106.0,82.0,49.0,11.0,0.0,8.0,14.0,25.0,1599.0,36.0,1390.0
2026-580,Australian Open,Hard,128,G,20260122,88,Q02L,,,Ethan Quinn,R,191.0,USA,21.864,HB71,,,Hubert Hurkacz,R,196.0,POL,28.945,6-4 7-6(5) 6-1,5,R64,136.0,12.0,2.0,108.0,72.0,56.0,21.0,0.0,8.0,8.0,9.0,1.0,95.0,62.0,40.0,18.0,0.0,4.0,7.0,80.0,733.0,55.0,965.0
2026-580,Australian Open,Hard,128,G,20260122,87,VA25,30.0,,Valentin Vacherot,R,193.0,MON,27.184,H0BH,,,Rinky Hijikata,R,178.0,AUS,24.912,6-1 6-3 4-6 6-2,5,R64,151.0,15.0,4.0,99.0,70.0,56.0,16.0,0.0,4.0,5.0,5.0,5.0,109.0,87.0,55.0,8.0,0.0,5.0,11.0,31.0,1519.0,114.0,542.0
2026-580,Australian Open,Hard,128,G,20260122,91,C977,,,Marin Cilic,R,198.0,CRO,37.317,SU55,21,,Denis Shapovalov,L,185.0,CAN,26.773,6-4 6-3 6-2,5,R64,130.0,5.0,5.0,91.0,54.0,43.0,17.0,0.0,4.0,6.0,3.0,7.0,82.0,47.0,29.0,12.0,0.0,6.0,12.0,70.0,790.0,23.0,1650.0
2026-580,Australian Open,Hard,128,G,20260122,92,S0AG,2.0,,Jannik Sinner,R,191.0,ITA,24.435,D994,,,James Duckworth,R,183.0,AUS,34.004,6-1 6-4 6-2,5,R64,,18.0,2.0,77.0,53.0,45.0,13.0,0.0,3.0,3.0,9.0,4.0,79.0,50.0,35.0,8.0,0.0,9.0,14.0,2.0,11500.0,88.0,694.0
2026-580,Australian Open,Hard,128,G,20260122,89,S0JA,,,Eliot Spizzirri,R,185.0,USA,24.082,WB32,,,Yibing Wu,R,183.0,CHN,26.275,6-2 6-4 6-7(4) 4-6 6-3,5,R64,225.0,8.0,4.0,170.0,121.0,83.0,26.0,0.0,11.0,14.0,11.0,6.0,164.0,111.0,77.0,22.0,0.0,9.0,15.0,85.0,725.0,168.0,347.0
2026-580,Australian Open,Hard,128,G,20260122,90,V812,,,Botic Van De Zandschulp,R,191.0,NED,30.303,S0RE,,,Juncheng Shang,L,180.0,CHN,20.969,7-6(6) 6-2 6-3,5,R64,136.0,15.0,6.0,94.0,64.0,56.0,13.0,0.0,1.0,1.0,2.0,3.0,101.0,68.0,46.0,16.0,0.0,9.0,13.0,75.0,759.0,318.0,165.0
2026-580,Australian Open,Hard,128,G,20260122,93,M0FH,,,Tomas Machac,R,183.0,CZE,25.276,TE51,31,,Stefanos Tsitsipas,R,193.0,GRE,27.447,6-4 3-6 7-6(5) 7-6(5),5,R64,187.0,6.0,6.0,139.0,97.0,67.0,28.0,0.0,7.0,10.0,24.0,8.0,135.0,83.0,65.0,26.0,0.0,0.0,3.0,24.0,1610.0,35.0,1455.0
2026-580,Australian Open,Hard,128,G,20260122,94,W367,,,Stan Wawrinka,R,183.0,SUI,40.821,G0IX,,,Arthur Gea,R,180.0,FRA,21.054,4-6 6-3 3-6 7-5 7-6(3),5,R64,274.0,11.0,3.0,177.0,139.0,92.0,23.0,0.0,10.0,14.0,13.0,7.0,170.0,121.0,83.0,23.0,0.0,9.0,13.0,139.0,437.0,198.0,300.0
2026-580,Australian Open,Hard,128,G,20260122,96,RH16,12.0,,Casper Ruud,R,183.0,NOR,27.086,MU94,,,Jaume Munar,R,183.0,ESP,28.717,6-3 7-5 6-4,5,R64,144.0,5.0,3.0,97.0,56.0,45.0,24.0,0.0,2.0,2.0,5.0,4.0,89.0,42.0,29.0,29.0,0.0,7.0,10.0,13.0,2795.0,39.0,1335.0
2026-580,Australian Open,Hard,128,G,20260122,95,FB98,9.0,,Taylor Fritz,R,196.0,USA,28.241,KI82,,,Vit Kopriva,R,178.0,CZE,28.611,6-1 6-4 7-6(4),5,R64,119.0,15.0,1.0,88.0,70.0,56.0,11.0,0.0,2.0,3.0,3.0,2.0,86.0,53.0,33.0,19.0,0.0,3.0,7.0,9.0,3840.0,101.0,626.0
2026-580,Australian Open,Hard,128,G,20260123,99,PL56,19.0,,Tommy Paul,R,185.0,USA,28.687,DH50,14,,Alejandro Davidovich Fokina,R,180.0,ESP,26.637,6-1 6-1 RET,5,R32,55.0,3.0,0.0,32.0,21.0,19.0,9.0,0.0,0.0,0.0,3.0,4.0,51.0,31.0,15.0,8.0,0.0,3.0,8.0,20.0,2050.0,14.0,2635.0
2026-580,Australian Open,Hard,128,G,20260123,100,A0E2,1.0,,Carlos Alcaraz,R,183.0,ESP,22.721,MW02,32,,Corentin Moutet,L,180.0,FRA,26.765,6-2 6-4 6-1,5,R32,127.0,3.0,1.0,72.0,51.0,37.0,11.0,0.0,2.0,4.0,0.0,5.0,93.0,56.0,29.0,15.0,0.0,5.0,13.0,1.0,12050.0,37.0,1383.0
2026-580,Australian Open,Hard,128,G,20260123,102,DH58,6.0,,Alex De Minaur,R,183.0,AUS,26.932,TD51,29,,Frances Tiafoe,R,188.0,USA,28.008,6-3 6-4 7-5,5,R32,163.0,8.0,6.0,97.0,60.0,46.0,20.0,0.0,3.0,5.0,6.0,1.0,101.0,60.0,35.0,22.0,0.0,7.0,12.0,6.0,4080.0,34.0,1500.0
2026-580,Australian Open,Hard,128,G,20260123,101,Z355,3.0,,Alexander Zverev,R,198.0,GER,28.761,N771,26,,Cameron Norrie,L,188.0,GBR,30.42,7-5 4-6 6-3 6-1,5,R32,,16.0,1.0,106.0,79.0,61.0,14.0,0.0,3.0,5.0,5.0,2.0,116.0,83.0,53.0,18.0,0.0,8.0,14.0,3.0,5105.0,27.0,1553.0
2026-580,Australian Open,Hard,128,G,20260123,103,C0AU,18.0,,Francisco Cerundolo,R,185.0,ARG,27.447,RE44,13,,Andrey Rublev,R,188.0,RUS,28.26,6-3 7-6(4) 6-3,5,R32,129.0,8.0,2.0,100.0,66.0,52.0,20.0,0.0,2.0,3.0,5.0,5.0,81.0,50.0,42.0,12.0,0.0,3.0,6.0,21.0,2035.0,15.0,2600.0
2026-580,Australian Open,Hard,128,G,20260123,104,BK92,10.0,,Alexander Bublik,R,196.0,KAZ,28.602,EA24,,,Tomas Martin Etcheverry,R,196.0,ARG,26.519,7-6(4) 7-6(5) 6-4,5,R32,155.0,21.0,2.0,104.0,67.0,60.0,23.0,0.0,3.0,3.0,10.0,1.0,112.0,75.0,56.0,24.0,0.0,3.0,4.0,10.0,3065.0,62.0,895.0
2026-580,Australian Open,Hard,128,G,20260123,98,MM58,11.0,,Daniil Medvedev,R,198.0,RUS,29.949,M0CI,,,Fabian Marozsan,R,193.0,HUN,26.294,6-7(5) 4-6 7-5 6-0 6-3,5,R32,226.0,19.0,10.0,146.0,94.0,61.0,30.0,0.0,5.0,12.0,0.0,2.0,188.0,134.0,82.0,16.0,0.0,17.0,28.0,12.0,2910.0,47.0,1065.0
2026-580,Australian Open,Hard,128,G,20260123,97,T0HA,25.0,,Learner Tien,L,180.0,USA,20.142,BT72,,,Nuno Borges,R,185.0,POR,28.925,7-6(9) 6-4 6-2,5,R32,127.0,8.0,5.0,101.0,72.0,52.0,15.0,0.0,4.0,6.0,8.0,2.0,96.0,80.0,51.0,7.0,0.0,3.0,8.0,29.0,1540.0,46.0,1070.0
2026-580,Australian Open,Hard,128,G,20260124,107,S0AG,2.0,,Jannik Sinner,R,191.0,ITA,24.441,S0JA,,,Eliot Spizzirri,R,185.0,USA,24.088,4-6 6-3 6-4 6-4,5,R32,222.0,17.0,4.0,131.0,88.0,56.0,19.0,13.0,10.0,16.0,6.0,3.0,108.0,70.0,46.0,17.0,11.0,3.0,11.0,2.0,11500.0,85.0,725.0
2026-580,Australian Open,Hard,128,G,20260124,108,S0S1,8.0,,Ben Shelton,L,193.0,USA,23.294,VA25,30,,Valentin Vacherot,R,193.0,MON,27.19,6-4 6-4 7-6(5),5,R32,138.0,15.0,1.0,96.0,63.0,50.0,22.0,0.0,1.0,1.0,12.0,4.0,91.0,63.0,50.0,13.0,0.0,2.0,4.0,7.0,4000.0,31.0,1519.0
2026-580,Australian Open,Hard,128,G,20260124,110,D643,4.0,,Novak Djokovic,R,188.0,SRB,38.678,V812,,,Botic Van De Zandschulp,R,191.0,NED,30.308,6-3 6-4 7-6(4),5,R32,164.0,11.0,5.0,93.0,61.0,46.0,20.0,14.0,5.0,7.0,15.0,4.0,102.0,62.0,45.0,18.0,11.0,5.0,9.0,4.0,4780.0,75.0,759.0
2026-580,Australian Open,Hard,128,G,20260124,109,FB98,9.0,,Taylor Fritz,R,196.0,USA,28.241,W367,,,Stan Wawrinka,R,183.0,SUI,40.827,7-6(5) 2-6 6-4 6-4,5,R32,165.0,30.0,1.0,120.0,84.0,71.0,18.0,0.0,5.0,7.0,16.0,3.0,114.0,70.0,60.0,24.0,0.0,5.0,7.0,9.0,3840.0,139.0,437.0
2026-580,Australian Open,Hard,128,G,20260124,105,D0FJ,22.0,,Luciano Darderi,R,183.0,ITA,23.943,KE29,15,,Karen Khachanov,R,198.0,RUS,29.678,7-6(5) 3-6 6-3 6-4,5,R32,206.0,17.0,4.0,126.0,78.0,59.0,27.0,0.0,2.0,4.0,14.0,4.0,139.0,91.0,64.0,26.0,0.0,5.0,8.0,25.0,1599.0,18.0,2320.0
2026-580,Australian Open,Hard,128,G,20260124,106,M0EJ,5.0,,Lorenzo Musetti,R,185.0,ITA,23.896,M0FH,,,Tomas Machac,R,183.0,CZE,25.281,5-7 6-4 6-2 5-7 6-2,5,R32,265.0,10.0,5.0,156.0,118.0,79.0,17.0,0.0,10.0,15.0,3.0,3.0,197.0,153.0,88.0,19.0,0.0,18.0,26.0,5.0,4105.0,24.0,1610.0
2026-580,Australian Open,Hard,128,G,20260124,111,M0NI,16.0,,Jakub Mensik,R,196.0,CZE,20.397,Q02L,,,Ethan Quinn,R,191.0,USA,21.87,6-2 7-6(5) 7-6(5),5,R32,154.0,11.0,7.0,102.0,54.0,39.0,28.0,0.0,3.0,6.0,9.0,7.0,107.0,57.0,39.0,23.0,0.0,5.0,10.0,17.0,2345.0,80.0,733.0
2026-580,Australian Open,Hard,128,G,20260124,112,RH16,12.0,,Casper Ruud,R,183.0,NOR,27.091,C977,,,Marin Cilic,R,198.0,CRO,37.322,6-4 6-4 3-6 7-5,5,R32,185.0,25.0,4.0,123.0,87.0,68.0,15.0,0.0,8.0,10.0,18.0,6.0,123.0,65.0,51.0,31.0,0.0,3.0,7.0,13.0,2795.0,70.0,790.0
2026-580,Australian Open,Hard,128,G,20260125,115,DH58,6.0,,Alex De Minaur,R,183.0,AUS,26.938,BK92,10,,Alexander Bublik,R,196.0,KAZ,28.608,6-4 6-1 6-1,5,R16,93.0,5.0,1.0,62.0,38.0,31.0,17.0,0.0,0.0,0.0,6.0,4.0,81.0,54.0,28.0,12.0,0.0,5.0,11.0,6.0,4080.0,10.0,3065.0
2026-580,Australian Open,Hard,128,G,20260125,116,T0HA,25.0,,Learner Tien,L,180.0,USA,20.148,MM58,11,,Daniil Medvedev,R,198.0,RUS,29.955,6-4 6-0 6-3,5,R16,100.0,5.0,1.0,68.0,45.0,32.0,15.0,0.0,0.0,1.0,6.0,6.0,86.0,59.0,34.0,7.0,0.0,3.0,10.0,29.0,1540.0,12.0,2910.0
2026-580,Australian Open,Hard,128,G,20260125,113,A0E2,1.0,,Carlos Alcaraz,R,183.0,ESP,22.727,PL56,19,,Tommy Paul,R,185.0,USA,28.693,7-6(6) 6-4 7-5,5,R16,158.0,2.0,0.0,89.0,63.0,50.0,19.0,15.0,1.0,2.0,7.0,5.0,106.0,60.0,50.0,23.0,14.0,7.0,9.0,1.0,12050.0,20.0,2050.0
2026-580,Australian Open,Hard,128,G,20260125,114,Z355,3.0,,Alexander Zverev,R,198.0,GER,28.767,C0AU,18,,Francisco Cerundolo,R,185.0,ARG,27.452,6-2 6-4 6-4,5,R16,134.0,7.0,2.0,75.0,60.0,48.0,8.0,0.0,1.0,2.0,0.0,0.0,94.0,60.0,39.0,15.0,0.0,3.0,8.0,3.0,5105.0,21.0,2035.0
2026-580,Australian Open,Hard,128,G,20260126,118,S0AG,2.0,,Jannik Sinner,R,191.0,ITA,24.446,D0FJ,22,,Luciano Darderi,R,183.0,ITA,23.948,6-1 6-3 7-6(2),5,R16,131.0,19.0,0.0,86.0,63.0,51.0,14.0,0.0,6.0,6.0,11.0,5.0,97.0,56.0,41.0,16.0,0.0,4.0,8.0,2.0,11500.0,25.0,1599.0
2026-580,Australian Open,Hard,128,G,20260126,120,S0S1,8.0,,Ben Shelton,L,193.0,USA,23.299,RH16,12,,Casper Ruud,R,183.0,NOR,27.097,3-6 6-4 6-3 6-4,5,R16,,14.0,4.0,96.0,63.0,52.0,24.0,0.0,2.0,3.0,9.0,6.0,125.0,88.0,59.0,22.0,0.0,8.0,11.0,7.0,4000.0,13.0,2795.0
2026-580,Australian Open,Hard,128,G,20260126,117,M0EJ,5.0,,Lorenzo Musetti,R,185.0,ITA,23.901,FB98,9,,Taylor Fritz,R,196.0,USA,28.246,6-2 7-5 6-4,5,R16,124.0,13.0,2.0,81.0,56.0,47.0,17.0,0.0,2.0,2.0,10.0,1.0,84.0,50.0,32.0,19.0,0.0,5.0,9.0,5.0,4105.0,9.0,3840.0
2026-580,Australian Open,Hard,128,G,20260127,122,A0E2,1.0,,Carlos Alcaraz,R,183.0,ESP,22.732,DH58,6,,Alex De Minaur,R,183.0,AUS,26.943,7-5 6-2 6-1,5,QF,138.0,1.0,0.0,93.0,51.0,30.0,16.0,6.0,9.0,16.0,5.0,3.0,83.0,48.0,37.0,19.0,12.0,5.0,7.0,1.0,12050.0,6.0,4080.0
2026-580,Australian Open,Hard,128,G,20260127,121,Z355,3.0,,Alexander Zverev,R,198.0,GER,28.772,T0HA,25,,Learner Tien,L,180.0,USA,20.153,6-3 6-7(5) 6-1 7-6(3),5,QF,193.0,24.0,1.0,133.0,98.0,75.0,21.0,0.0,3.0,3.0,11.0,9.0,133.0,92.0,63.0,19.0,0.0,4.0,7.0,3.0,5105.0,29.0,1540.0
2026-580,Australian Open,Hard,128,G,20260128,123,D643,4.0,,Novak Djokovic,R,188.0,SRB,38.689,M0EJ,5,,Lorenzo Musetti,R,185.0,ITA,23.907,4-6 3-6 3-1 RET,5,QF,128.0,4.0,1.0,83.0,53.0,31.0,12.0,6.0,6.0,11.0,4.0,2.0,60.0,40.0,24.0,12.0,8.0,3.0,6.0,4.0,4780.0,5.0,4105.0
2026-580,Australian Open,Hard,128,G,20260128,124,S0AG,2.0,,Jannik Sinner,R,191.0,ITA,24.452,S0S1,8,,Ben Shelton,L,193.0,USA,23.305,6-3 6-4 6-4,5,QF,145.0,5.0,2.0,91.0,55.0,42.0,23.0,0.0,4.0,4.0,8.0,3.0,102.0,78.0,51.0,10.0,0.0,9.0,12.0,2.0,11500.0,7.0,4000.0
2026-580,Australian Open,Hard,128,G,20260128,119,D643,4.0,,Novak Djokovic,R,188.0,SRB,38.689,M0NI,16,,Jakub Mensik,R,196.0,CZE,20.397,W/O,5,R16,,,,,,,,,,,,,,,,,,,,4.0,4780.0,17.0,2345.0
2026-580,Australian Open,Hard,128,G,20260130,126,D643,4.0,,Novak Djokovic,R,188.0,SRB,38.694,S0AG,2,,Jannik Sinner,R,191.0,ITA,24.457,3-6 6-3 4-6 6-4 6-4,5,SF,252.0,12.0,3.0,158.0,112.0,80.0,23.0,21.0,16.0,18.0,26.0,2.0,133.0,100.0,80.0,17.0,21.0,5.0,8.0,4.0,4780.0,2.0,11500.0
2026-580,Australian Open,Hard,128,G,20260130,125,A0E2,1.0,,Carlos Alcaraz,R,183.0,ESP,22.741,Z355,3,,Alexander Zverev,R,198.0,GER,28.78,6-4 7-6(5) 6-7(3) 6-7(4) 7-5,5,SF,341.0,12.0,5.0,187.0,121.0,89.0,41.0,27.0,5.0,7.0,17.0,4.0,203.0,146.0,105.0,31.0,25.0,10.0,13.0,1.0,12050.0,3.0,5105.0
2026-580,Australian Open,Hard,128,G,20260201,127,A0E2,1.0,,Carlos Alcaraz,R,183.0,ESP,22.746,D643,4,,Novak Djokovic,R,188.0,SRB,38.7,2-6 6-2 6-3 7-5,5,F,185.0,9.0,2.0,101.0,67.0,52.0,20.0,16.0,4.0,6.0,4.0,2.0,122.0,85.0,57.0,20.0,14.0,12.0,16.0,1.0,12050.0,4.0,4780.0
2026-375,Montpellier,Hard,28,250,20260202,2,G0IX,,,Arthur Gea,R,180.0,FRA,21.092,M0GZ,,,Giovanni Mpetshi Perricard,R,203.0,FRA,22.582,6-3 RET,3,R32,39.0,2.0,2.0,23.0,11.0,10.0,10.0,5.0,0.0,0.0,1.0,1.0,20.0,17.0,12.0,1.0,4.0,0.0,1.0,168.0,353.0,57.0,905.0
2026-375,Montpellier,Hard,28,250,20260202,3,ME82,,,Adrian Mannarino,L,180.0,FRA,37.604,MO44,,,Pedro Martinez,R,185.0,ESP,28.78,7-6(3) 6-1,3,R32,96.0,14.0,1.0,65.0,44.0,36.0,13.0,10.0,2.0,2.0,1.0,1.0,55.0,32.0,23.0,12.0,9.0,1.0,3.0,70.0,810.0,77.0,728.0
2026-375,Montpellier,Hard,28,250,20260202,1,BD06,,,Roberto Bautista Agut,R,183.0,ESP,37.812,O483,,,Christopher O'Connell,R,183.0,AUS,31.677,5-7 6-3 7-5,3,R32,168.0,6.0,0.0,101.0,70.0,48.0,18.0,17.0,6.0,9.0,11.0,1.0,110.0,58.0,42.0,26.0,16.0,9.0,13.0,89.0,670.0,119.0,511.0
2026-375,Montpellier,Hard,28,250,20260203,8,CD85,,,Pablo Carreno Busta,R,188.0,ESP,34.571,KI95,,,Miomir Kecmanovic,R,183.0,SRB,26.434,4-6 6-3 7-6(4),3,R32,127.0,7.0,2.0,102.0,69.0,50.0,13.0,16.0,3.0,6.0,15.0,4.0,87.0,51.0,45.0,13.0,15.0,4.0,7.0,100.0,616.0,69.0,820.0
2026-375,Montpellier,Hard,28,250,20260203,9,D0DW,,,Titouan Droguet,R,191.0,FRA,24.643,CH12,,,Jan Choinski,R,196.0,GBR,29.656,6-2 7-6(2),3,R32,84.0,14.0,2.0,59.0,38.0,33.0,13.0,10.0,2.0,2.0,4.0,3.0,83.0,49.0,31.0,17.0,10.0,7.0,9.0,150.0,403.0,125.0,498.0
2026-375,Montpellier,Hard,28,250,20260203,4,HH26,5.0,,Ugo Humbert,L,188.0,FRA,27.614,V812,,,Botic Van De Zandschulp,R,191.0,NED,30.341,6-3 6-4,3,R32,72.0,9.0,1.0,58.0,42.0,32.0,11.0,10.0,3.0,3.0,9.0,1.0,47.0,29.0,25.0,8.0,9.0,1.0,3.0,38.0,1320.0,67.0,849.0
2026-375,Montpellier,Hard,28,250,20260203,5,F0F1,6.0,,Arthur Fils,R,185.0,FRA,21.651,R0EB,,,Valentin Royer,R,188.0,FRA,24.69,7-6(7) 6-7(4) 6-2,3,R32,152.0,14.0,5.0,108.0,66.0,55.0,21.0,16.0,0.0,1.0,14.0,2.0,101.0,68.0,50.0,20.0,16.0,5.0,8.0,42.0,1110.0,56.0,920.0
2026-375,Montpellier,Hard,28,250,20260203,7,BV16,,,Ugo Blanchet,R,175.0,FRA,27.086,VA08,,,Andrea Vavassori,R,193.0,ITA,30.757,6-4 6-3,3,R32,79.0,5.0,3.0,63.0,33.0,26.0,16.0,10.0,1.0,2.0,9.0,2.0,58.0,43.0,29.0,4.0,9.0,5.0,8.0,174.0,343.0,282.0,185.0
2026-375,Montpellier,Hard,28,250,20260203,6,D0DT,,,Martin Damm,L,203.0,USA,22.35,HB71,7,,Hubert Hurkacz,R,196.0,POL,28.983,7-6(5) 6-4,3,R32,92.0,13.0,3.0,71.0,44.0,32.0,19.0,11.0,1.0,1.0,14.0,0.0,72.0,45.0,33.0,16.0,11.0,3.0,4.0,160.0,373.0,52.0,965.0
2026-375,Montpellier,Hard,28,250,20260204,12,D0DT,,,Martin Damm,L,203.0,USA,22.35,BD06,,,Roberto Bautista Agut,R,183.0,ESP,37.812,6-1 6-3,3,R16,55.0,11.0,2.0,39.0,27.0,22.0,10.0,8.0,0.0,0.0,2.0,0.0,51.0,35.0,18.0,8.0,8.0,3.0,7.0,160.0,373.0,89.0,670.0
2026-375,Montpellier,Hard,28,250,20260204,13,K0AZ,8.0,,Aleksandar Kovacevic,R,183.0,USA,27.439,K0O4,,,Moise Kouame,R,191.0,FRA,16.92,6-7(5) 6-2 6-2,3,R32,114.0,13.0,2.0,91.0,50.0,41.0,23.0,14.0,1.0,1.0,10.0,4.0,77.0,47.0,36.0,15.0,14.0,4.0,8.0,83.0,709.0,551.0,70.0
2026-375,Montpellier,Hard,28,250,20260204,15,W367,,,Stan Wawrinka,R,183.0,SUI,40.86,M0JF,,,Hamad Medjedovic,R,188.0,SRB,22.554,7-6(3) 6-4,3,R32,98.0,5.0,4.0,76.0,29.0,24.0,26.0,11.0,4.0,5.0,10.0,0.0,65.0,37.0,26.0,17.0,11.0,4.0,6.0,113.0,537.0,80.0,717.0
2026-375,Montpellier,Hard,28,250,20260204,14,N0BG,,,Luca Nardi,R,185.0,ITA,22.502,BG23,,,Nikoloz Basilashvili,R,185.0,GEO,33.952,6-3 6-3,3,R32,63.0,3.0,0.0,46.0,28.0,22.0,15.0,9.0,1.0,1.0,5.0,3.0,57.0,28.0,21.0,11.0,9.0,6.0,9.0,106.0,571.0,137.0,464.0
2026-375,Montpellier,Hard,28,250,20260204,10,G0IX,,,Arthur Gea,R,180.0,FRA,21.092,M0FH,3,,Tomas Machac,R,183.0,CZE,25.314,6-3 4-5 RET,3,R16,75.0,6.0,1.0,46.0,26.0,24.0,12.0,9.0,0.0,0.0,4.0,1.0,61.0,32.0,24.0,15.0,9.0,4.0,5.0,168.0,353.0,28.0,1610.0
2026-375,Montpellier,Hard,28,250,20260204,11,ME82,,,Adrian Mannarino,L,180.0,FRA,37.604,HH26,5,,Ugo Humbert,L,188.0,FRA,27.614,6-7(4) 6-3 7-6(4),3,R16,167.0,7.0,2.0,115.0,75.0,63.0,21.0,17.0,9.0,9.0,23.0,3.0,111.0,73.0,61.0,17.0,16.0,8.0,9.0,70.0,810.0,38.0,1320.0
2026-M-DC-2026-QLS-M-NOR-GBR-01,Davis Cup QLS R1: NOR vs GBR,Hard,4,D,20260205,2,D0CO,,,Jack Draper,L,193.0,GBR,24.148,DC76,,,Viktor Durasovic,R,185.0,NOR,28.909,6-2 6-2,3,RR,60.0,8.0,1.0,43.0,26.0,23.0,10.0,8.0,0.0,0.0,2.0,3.0,49.0,32.0,17.0,7.0,4.0,0.0,4.0,13.0,2790.0,313.0,164.0
2026-M-DC-2026-QLS-M-NOR-GBR-01,Davis Cup QLS R1: NOR vs GBR,Hard,4,D,20260205,1,N771,,,Cameron Norrie,L,188.0,GBR,30.48,B0U4,,,Nicolai Budkov Kjaer,R,191.0,NOR,19.455,6-4 6-4,3,RR,82.0,6.0,1.0,68.0,50.0,38.0,7.0,9.0,3.0,4.0,6.0,0.0,52.0,39.0,29.0,6.0,7.0,1.0,4.0,26.0,1643.0,133.0,476.0
2026-375,Montpellier,Hard,28,250,20260205,24,F0F1,6.0,,Arthur Fils,R,185.0,FRA,21.656,BV16,,,Ugo Blanchet,R,175.0,FRA,27.091,7-6(4) 7-5,3,R16,95.0,14.0,3.0,67.0,42.0,32.0,16.0,12.0,0.0,2.0,10.0,6.0,81.0,39.0,29.0,21.0,12.0,6.0,9.0,42.0,1110.0,174.0,343.0
2026-375,Montpellier,Hard,28,250,20260205,16,AG37,,,Felix Auger Aliassime,R,193.0,CAN,25.495,W367,,,Stan Wawrinka,R,183.0,SUI,40.86,6-4 7-6(3),3,R16,107.0,16.0,2.0,65.0,45.0,37.0,11.0,11.0,3.0,4.0,5.0,4.0,81.0,48.0,35.0,16.0,11.0,8.0,10.0,8.0,3725.0,113.0,537.0
2026-375,Montpellier,Hard,28,250,20260205,18,GJ37,4.0,,Tallon Griekspoor,R,188.0,NED,29.596,CD85,,,Pablo Carreno Busta,R,188.0,ESP,34.571,6-4 6-4,3,R16,66.0,18.0,2.0,46.0,28.0,27.0,13.0,10.0,0.0,0.0,3.0,2.0,62.0,39.0,28.0,11.0,10.0,2.0,4.0,29.0,1565.0,100.0,616.0
2026-375,Montpellier,Hard,28,250,20260205,17,N0BG,,,Luca Nardi,R,185.0,ITA,22.502,C0E9,,,Flavio Cobolli,R,183.0,ITA,23.754,6-2 6-3,3,R16,74.0,7.0,1.0,46.0,27.0,21.0,13.0,8.0,2.0,2.0,3.0,1.0,58.0,29.0,14.0,16.0,9.0,5.0,9.0,106.0,571.0,20.0,1955.0
2026-375,Montpellier,Hard,28,250,20260205,19,D0DW,,,Titouan Droguet,R,191.0,FRA,24.643,K0AZ,8,,Aleksandar Kovacevic,R,183.0,USA,27.439,4-6 7-6(5) 6-4,3,R16,114.0,25.0,3.0,91.0,51.0,44.0,26.0,16.0,1.0,2.0,19.0,4.0,90.0,59.0,49.0,19.0,16.0,2.0,3.0,150.0,403.0,83.0,709.0
2026-M-DC-2026-QLS-M-CAN-BRA-01,Davis Cup QLS R1: CAN vs BRA,Hard,4,D,20260206,3,D0DP,,,Liam Draxl,R,185.0,CAN,24.194,H0DU,,,Gustavo Heide,R,191.0,BRA,23.962,6-3 6-4,3,RR,90.0,4.0,2.0,50.0,36.0,27.0,11.0,9.0,3.0,4.0,4.0,2.0,59.0,35.0,25.0,9.0,6.0,3.0,6.0,146.0,422.0,253.0,215.0
2026-M-DC-2026-QLS-M-CRO-DEN-01,Davis Cup QLS R1: CRO vs DEN,Hard,4,D,20260206,3,P0HW,,,Dino Prizmic,R,188.0,CRO,20.528,M0K4,,,Elmer Moller,R,183.0,DEN,22.604,7-6(5) 7-6(2),3,RR,114.0,6.0,1.0,68.0,49.0,36.0,15.0,10.0,0.0,2.0,2.0,8.0,85.0,55.0,38.0,15.0,10.0,8.0,10.0,121.0,507.0,120.0,509.0
2026-M-DC-2026-QLS-M-CRO-DEN-01,Davis Cup QLS R1: CRO vs DEN,Hard,4,D,20260206,2,P0HW,,,Dino Prizmic,R,188.0,CRO,20.528,H09N,,,August Holmgren,R,188.0,DEN,27.817,5-7 6-0 6-2,3,RR,139.0,7.0,4.0,98.0,67.0,42.0,16.0,10.0,8.0,11.0,2.0,2.0,89.0,55.0,31.0,12.0,6.0,7.0,14.0,121.0,507.0,199.0,303.0
2026-M-DC-2026-QLS-M-CRO-DEN-01,Davis Cup QLS R1: CRO vs DEN,Hard,4,D,20260206,1,M0K4,,,Elmer Moller,R,183.0,DEN,22.604,D0L3,,,Matej Dodig,R,188.0,CRO,20.575,6-4 7-6(3),3,RR,91.0,4.0,3.0,62.0,42.0,36.0,13.0,11.0,0.0,0.0,7.0,1.0,66.0,46.0,36.0,9.0,10.0,0.0,1.0,120.0,509.0,235.0,244.0
2026-M-DC-2026-QLS-M-CHI-SRB-01,Davis Cup QLS R1: CHI vs SRB,Clay,4,D,20260206,1,TE30,,,Alejandro Tabilo,L,188.0,CHI,28.704,M0UR,,,Ognjen Milic,L,180.0,SRB,18.652,6-7(3) 6-2 6-4,3,RR,132.0,7.0,1.0,94.0,63.0,51.0,15.0,14.0,6.0,7.0,9.0,5.0,89.0,46.0,34.0,22.0,11.0,1.0,5.0,73.0,774.0,462.0,95.0
2026-M-DC-2026-QLS-M-CAN-BRA-01,Davis Cup QLS R1: CAN vs BRA,Hard,4,D,20260206,2,D0DP,,,Liam Draxl,R,185.0,CAN,24.194,R0A7,,,Joao Lucas Reis Da Silva,R,178.0,BRA,25.889,6-3 6-3,3,RR,76.0,1.0,4.0,59.0,33.0,28.0,11.0,8.0,4.0,5.0,5.0,1.0,49.0,29.0,20.0,6.0,5.0,2.0,6.0,146.0,422.0,207.0,291.0
2026-M-DC-2026-QLS-M-CAN-BRA-01,Davis Cup QLS R1: CAN vs BRA,Hard,4,D,20260206,1,H0DU,,,Gustavo Heide,R,191.0,BRA,23.962,D0F6,,,Gabriel Diallo,R,203.0,CAN,24.392,7-6(4) 3-6 7-6(3),3,RR,162.0,9.0,2.0,88.0,69.0,55.0,13.0,16.0,0.0,0.0,10.0,3.0,113.0,63.0,50.0,29.0,15.0,2.0,4.0,253.0,215.0,39.0,1175.0
2026-M-DC-2026-QLS-M-NOR-GBR-01,Davis Cup QLS R1: NOR vs GBR,Hard,4,D,20260206,3,F0BY,,,Jacob Fearnley,R,183.0,GBR,24.586,B0U4,,,Nicolai Budkov Kjaer,R,191.0,NOR,19.455,3-6 6-3 [10-7],3,RR,83.0,7.0,1.0,60.0,38.0,28.0,11.0,6.0,3.0,5.0,7.0,4.0,56.0,38.0,30.0,7.0,6.0,1.0,3.0,90.0,668.0,133.0,476.0
2026-M-DC-2026-QLS-M-CAN-BRA-01,Davis Cup QLS R1: CAN vs BRA,Hard,4,D,20260206,4,D0F6,,,Gabriel Diallo,R,203.0,CAN,24.392,P0DF,,,Matheus Pucinelli De Almeida,R,183.0,BRA,24.877,3-6 6-1 7-6(4),3,RR,147.0,6.0,1.0,91.0,79.0,59.0,6.0,13.0,3.0,4.0,2.0,2.0,92.0,81.0,55.0,5.0,12.0,2.0,4.0,39.0,1175.0,292.0,180.0
2026-M-DC-2026-WG1-PO-GRE-MEX-01,Davis Cup WG1 PO: GRE vs MEX,Hard,4,D,20260206,2,TE51,,,Stefanos Tsitsipas,R,193.0,GRE,27.51,M0HD,,,Alan Magadan,R,183.0,MEX,24.723,6-3 7-6(1),3,RR,90.0,11.0,3.0,70.0,37.0,32.0,18.0,11.0,3.0,4.0,4.0,3.0,62.0,34.0,26.0,14.0,10.0,4.0,6.0,33.0,1495.0,818.0,32.0
2026-M-DC-2026-WG1-PO-GRE-MEX-01,Davis Cup WG1 PO: GRE vs MEX,Hard,4,D,20260206,1,P0J1,,,Rodrigo Pacheco Mendez,L,191.0,MEX,20.808,S0KT,,,Stefanos Sakellaridis,R,198.0,GRE,21.421,6-2 4-6 6-3,3,RR,136.0,5.0,5.0,85.0,44.0,30.0,22.0,,5.0,8.0,5.0,6.0,86.0,41.0,23.0,23.0,,9.0,15.0,222.0,256.0,275.0,193.0
2026-M-DC-2026-QLS-M-ECU-AUS-01,Davis Cup QLS R1: ECU vs AUS,Clay,4,D,20260206,3,KB95,,,Jason Kubler,R,178.0,AUS,32.742,C0S3,,,Emilio Camacho,,,ECU,16.772,6-4 6-2,3,,70.0,3.0,3.0,51.0,36.0,30.0,6.0,8.0,1.0,2.0,0.0,2.0,52.0,32.0,21.0,7.0,5.0,5.0,9.0,179.0,339.0,,
2026-M-DC-2026-QLS-M-ECU-AUS-01,Davis Cup QLS R1: ECU vs AUS,Clay,4,D,20260206,2,G0DH,,,Alvaro Guillen Meza,R,175.0,ECU,23.118,H0BH,,,Rinky Hijikata,R,178.0,AUS,24.975,6-4 1-6 6-4,3,RR,119.0,7.0,8.0,85.0,46.0,35.0,15.0,10.0,6.0,9.0,3.0,1.0,97.0,57.0,37.0,21.0,11.0,9.0,12.0,201.0,298.0,103.0,584.0
2026-M-DC-2026-QLS-M-ECU-AUS-01,Davis Cup QLS R1: ECU vs AUS,Clay,4,D,20260206,1,AG08,,,Andres Andrade,R,180.0,ECU,27.17,D994,,,James Duckworth,R,183.0,AUS,34.067,3-6 6-3 7-5,3,RR,126.0,14.0,6.0,85.0,43.0,36.0,22.0,13.0,6.0,8.0,5.0,1.0,86.0,49.0,36.0,21.0,12.0,2.0,5.0,257.0,211.0,86.0,694.0
2026-M-DC-2026-QLS-M-JPN-AUT-01,Davis Cup QLS R1: JPN vs AUT,Hard,4,D,20260206,4,R09X,,,Jurij Rodionov,L,191.0,AUT,26.752,N732,,,Yoshihito Nishioka,L,170.0,JPN,30.385,5-7 6-1 6-0,3,RR,124.0,10.0,2.0,77.0,42.0,32.0,19.0,11.0,2.0,4.0,0.0,2.0,77.0,43.0,26.0,12.0,6.0,5.0,11.0,170.0,350.0,131.0,486.0
2026-M-DC-2026-QLS-M-JPN-AUT-01,Davis Cup QLS R1: JPN vs AUT,Hard,4,D,20260206,3,N0CS,,,Lukas Neumayer,R,183.0,AUT,23.441,M0HU,,,Shintaro Mochizuki,R,175.0,JPN,22.705,6-3 6-3,3,RR,75.0,3.0,1.0,49.0,30.0,26.0,12.0,9.0,2.0,2.0,3.0,3.0,60.0,41.0,25.0,9.0,6.0,7.0,10.0,223.0,255.0,108.0,551.0
2026-M-DC-2026-QLS-M-JPN-AUT-01,Davis Cup QLS R1: JPN vs AUT,Hard,4,D,20260206,2,WB08,,,Yosuke Watanuki,R,180.0,JPN,27.844,O513,,,Sebastian Ofner,R,191.0,AUT,29.76,6-3 6-4,3,RR,73.0,5.0,2.0,51.0,32.0,26.0,12.0,9.0,0.0,1.0,5.0,1.0,62.0,34.0,25.0,10.0,6.0,5.0,8.0,166.0,356.0,135.0,471.0
2026-M-DC-2026-QLS-M-JPN-AUT-01,Davis Cup QLS R1: JPN vs AUT,Hard,4,D,20260206,1,R09X,,,Jurij Rodionov,L,191.0,AUT,26.752,M0HU,,,Shintaro Mochizuki,R,175.0,JPN,22.705,6-4 7-5,3,RR,108.0,7.0,4.0,77.0,38.0,29.0,18.0,9.0,7.0,9.0,3.0,7.0,81.0,25.0,19.0,26.0,7.0,7.0,11.0,170.0,350.0,108.0,551.0
2026-M-DC-2026-WG1-PO-KAZ-MON-01,Davis Cup WG1 PO: KAZ vs MON,Hard,4,D,20260206,3,VA25,,,Valentin Vacherot,R,193.0,MON,27.247,BK92,,,Alexander Bublik,R,196.0,KAZ,28.663,7-6(4) 7-6(7),3,RR,114.0,9.0,3.0,85.0,51.0,40.0,22.0,12.0,4.0,5.0,13.0,7.0,95.0,57.0,45.0,19.0,12.0,5.0,6.0,27.0,1611.0,10.0,3235.0
2026-M-DC-2026-WG1-PO-KAZ-MON-01,Davis Cup WG1 PO: KAZ vs MON,Hard,4,D,20260206,2,VA25,,,Valentin Vacherot,R,193.0,MON,27.247,BK92,,,Alexander Shevchenko,R,196.0,KAZ,28.663,6-0 6-3,3,RR,61.0,5.0,5.0,54.0,32.0,26.0,11.0,8.0,6.0,7.0,1.0,1.0,44.0,28.0,14.0,4.0,7.0,0.0,5.0,27.0,1611.0,10.0,3235.0
2026-M-DC-2026-WG1-PO-PAR-ROU-01,Davis Cup WG1 PO: PAR vs ROU,Clay,4,D,20260206,3,V0DP,,,Adolfo Daniel Vallejo,R,183.0,PAR,21.799,P0CY,,,Stefan Palosi,R,180.0,ROU,26.048,6-1 6-2,3,RR,85.0,4.0,3.0,59.0,43.0,29.0,4.0,7.0,9.0,11.0,1.0,4.0,54.0,36.0,14.0,5.0,8.0,6.0,13.0,104.0,580.0,445.0,104.0
2026-M-DC-2026-WG1-PO-PAR-ROU-01,Davis Cup WG1 PO: PAR vs ROU,Clay,4,D,20260206,2,T0JZ,,,Radu David Turcanu,L,,ROU,19.918,N0FT,,,Alex Santino Nunez Vera,,,PAR,18.504,6-1 3-6 7-6(2),3,RR,166.0,7.0,6.0,106.0,85.0,55.0,8.0,14.0,9.0,13.0,3.0,6.0,92.0,72.0,39.0,10.0,14.0,5.0,10.0,667.0,51.0,112.0,546.0
2026-M-DC-2026-WG1-PO-PAR-ROU-01,Davis Cup WG1 PO: PAR vs ROU,Clay,4,D,20260206,1,V0DP,,,Adolfo Daniel Vallejo,R,183.0,PAR,21.799,G0ME,,,Gabriel Ghetu,R,180.0,ROU,18.272,6-1 6-4,3,RR,81.0,3.0,3.0,59.0,49.0,32.0,3.0,9.0,5.0,8.0,2.0,1.0,41.0,32.0,11.0,4.0,8.0,2.0,8.0,104.0,580.0,714.0,45.0
2026-M-DC-2026-QLS-M-CHI-SRB-01,Davis Cup QLS R1: CHI vs SRB,Clay,4,D,20260206,3,S0EK,,,Matias Soto,R,170.0,CHI,26.804,D0HJ,,,Branko Djuric,R,188.0,SRB,21.01,6-7(2) 7-6(4) [10-7],3,RR,143.0,3.0,2.0,91.0,78.0,54.0,7.0,10.0,1.0,3.0,13.0,5.0,89.0,77.0,56.0,3.0,10.0,3.0,5.0,323.0,157.0,489.0,87.0
2026-M-DC-2026-QLS-M-GER-PER-01,Davis Cup QLS R1: GER vs PER,Hard,4,D,20260206,1,H997,,,Yannick Hanfmann,R,193.0,GER,34.256,B0GR,,,Gonzalo Bueno,R,173.0,PER,21.867,6-4 6-4,3,RR,89.0,9.0,2.0,51.0,37.0,33.0,7.0,10.0,0.0,0.0,3.0,2.0,66.0,42.0,30.0,9.0,8.0,4.0,6.0,93.0,653.0,217.0,265.0
2026-M-DC-2026-QLS-M-IND-NED-01,Davis Cup QLS R1: IND vs NED,Hard,4,D,20260206,3,S0DE,,,Dhakshineswar Suresh,R,196.0,IND,25.881,D0H9,,,Guy Den Ouden,R,183.0,NED,23.855,6-4 7-6(4),3,RR,99.0,15.0,1.0,70.0,48.0,41.0,11.0,11.0,0.0,0.0,5.0,3.0,75.0,51.0,41.0,9.0,10.0,3.0,4.0,465.0,94.0,162.0,371.0
2026-M-DC-2026-QLS-M-IND-NED-01,Davis Cup QLS R1: IND vs NED,Hard,4,D,20260206,2,D0H9,,,Guy Den Ouden,R,183.0,NED,23.855,N897,,,Sumit Nagal,R,178.0,IND,28.498,6-0 4-6 6-3,3,RR,147.0,2.0,4.0,89.0,52.0,35.0,23.0,11.0,7.0,9.0,1.0,2.0,87.0,56.0,35.0,13.0,7.0,6.0,11.0,162.0,371.0,281.0,186.0
2026-M-DC-2026-QLS-M-IND-NED-01,Davis Cup QLS R1: IND vs NED,Hard,4,D,20260206,1,S0DE,,,Dhakshineswar Suresh,R,196.0,IND,25.881,D0C1,,,Jesper De Jong,R,180.0,NED,25.708,6-4 7-5,3,RR,88.0,9.0,3.0,62.0,34.0,28.0,18.0,11.0,1.0,1.0,7.0,5.0,62.0,36.0,30.0,12.0,9.0,5.0,7.0,465.0,94.0,88.0,673.0
2026-M-DC-2026-QLS-M-CZE-SWE-01,Davis Cup QLS R1: CZE vs SWE,Hard,4,D,20260206,3,W0BU,,,Olle Wallin,R,191.0,SWE,24.315,M0SE,,,Maxim Mrva,R,178.0,CZE,18.538,6-4 7-6(1),3,RR,83.0,3.0,4.0,73.0,40.0,29.0,16.0,8.0,4.0,7.0,11.0,4.0,73.0,41.0,26.0,15.0,7.0,3.0,7.0,408.0,116.0,324.0,156.0
2026-M-DC-2026-QLS-M-CZE-SWE-01,Davis Cup QLS R1: CZE vs SWE,Hard,4,D,20260206,2,L0BV,,,Jiri Lehecka,R,185.0,CZE,24.268,MW54,,,Dragos Nicolae Madaras,L,191.0,SWE,28.424,6-3 6-4,3,RR,85.0,7.0,3.0,55.0,32.0,29.0,6.0,10.0,0.0,0.0,2.0,1.0,50.0,26.0,17.0,9.0,7.0,0.0,2.0,21.0,1900.0,576.0,65.0
2026-M-DC-2026-QLS-M-CZE-SWE-01,Davis Cup QLS R1: CZE vs SWE,Hard,4,D,20260206,1,S0GD,,,Dalibor Svrcina,R,178.0,CZE,23.37,W0BU,,,Olle Wallin,R,191.0,SWE,24.315,6-1 6-3,3,RR,73.0,4.0,3.0,52.0,34.0,24.0,12.0,7.0,4.0,5.0,5.0,5.0,53.0,27.0,19.0,4.0,3.0,6.0,11.0,96.0,643.0,408.0,116.0
2026-M-DC-2026-WG1-PO-LUX-UKR-01,Davis Cup WG1 PO: LUX vs UKR,Hard,4,D,20260206,3,O0BE,,,Oleksandr Ovcharenko,R,185.0,UKR,24.329,CN80,,,Raphael Calzi,R,180.0,LUX,28.583,6-4 6-4,3,RR,77.0,4.0,8.0,63.0,36.0,31.0,9.0,10.0,2.0,3.0,8.0,2.0,57.0,32.0,23.0,12.0,10.0,6.0,9.0,498.0,84.0,,
2026-M-DC-2026-WG1-PO-LUX-UKR-01,Davis Cup WG1 PO: LUX vs UKR,Hard,4,D,20260206,2,R0E0,,,Chris Rodesch,R,198.0,LUX,24.578,K0DP,,,Oleksii Krutykh,R,185.0,UKR,25.933,6-3 6-1,3,RR,68.0,11.0,1.0,46.0,30.0,23.0,11.0,,2.0,2.0,0.0,2.0,56.0,37.0,20.0,8.0,,8.0,12.0,138.0,456.0,569.0,67.0
2026-M-DC-2026-WG1-PO-LUX-UKR-01,Davis Cup WG1 PO: LUX vs UKR,Hard,4,D,20260206,1,KJ00,,,Alex Knaff,R,193.0,LUX,28.219,O659,,,Vladyslav Orlov,R,188.0,UKR,30.749,7-6(2) 6-2,3,RR,93.0,3.0,0.0,51.0,31.0,26.0,16.0,10.0,0.0,1.0,4.0,7.0,76.0,42.0,29.0,14.0,10.0,3.0,6.0,,,499.0,84.0
2026-M-DC-2026-QLS-M-BUL-BEL-01,Davis Cup QLS R1: BUL vs BEL,Clay,4,D,20260206,3,C0JP,,,Raphael Collignon,R,191.0,BEL,24.088,I0BF,,,Ivan Ivanov,R,,BUL,17.292,6-2 6-2,3,RR,70.0,3.0,3.0,45.0,25.0,24.0,10.0,8.0,2.0,2.0,0.0,3.0,40.0,27.0,14.0,7.0,4.0,2.0,6.0,72.0,777.0,780.0,35.0
2026-M-DC-2026-QLS-M-BUL-BEL-01,Davis Cup QLS R1: BUL vs BEL,Clay,4,D,20260206,2,C0JP,,,Raphael Collignon,R,191.0,BEL,24.088,V0GR,,,Alexander Vasilev,L,185.0,BUL,18.757,6-3 6-3,3,RR,96.0,5.0,7.0,58.0,36.0,25.0,14.0,8.0,5.0,6.0,2.0,11.0,71.0,38.0,25.0,10.0,5.0,10.0,14.0,72.0,777.0,1025.0,15.0
2026-M-DC-2026-QLS-M-BUL-BEL-01,Davis Cup QLS R1: BUL vs BEL,Clay,4,D,20260206,1,B0PG,,,Alexander Blockx,R,193.0,BEL,20.854,R0IL,,,Iliyan Radulov,R,187.0,BUL,20.679,6-7(3) 6-3 6-3,3,RR,126.0,10.0,1.0,69.0,51.0,46.0,11.0,12.0,3.0,5.0,0.0,4.0,91.0,64.0,42.0,13.0,9.0,2.0,8.0,105.0,579.0,663.0,51.0
2026-M-DC-2026-QLS-M-HUN-USA-01,Davis Cup QLS R1: HUN vs USA,Clay,4,D,20260206,3,N0AM,,,Emilio Nava,R,185.0,USA,24.203,F09U,,,Matyas Fuele,R,180.0,HUN,27.151,6-2 6-3,3,RR,68.0,6.0,0.0,50.0,33.0,28.0,8.0,8.0,4.0,5.0,0.0,3.0,58.0,38.0,20.0,9.0,4.0,7.0,11.0,82.0,710.0,781.0,35.0
2026-M-DC-2026-QLS-M-HUN-USA-01,Davis Cup QLS R1: HUN vs USA,Clay,4,D,20260206,2,PL56,,,Tommy Paul,R,185.0,USA,28.747,P09O,,,Zsombor Piros,R,180.0,HUN,26.341,7-6(3) 6-3,3,RR,113.0,2.0,3.0,76.0,40.0,25.0,18.0,7.0,2.0,5.0,7.0,1.0,70.0,42.0,34.0,16.0,9.0,4.0,6.0,22.0,1850.0,176.0,341.0
2026-M-DC-2026-QLS-M-HUN-USA-01,Davis Cup QLS R1: HUN vs USA,Clay,4,D,20260206,1,Q02L,,,Ethan Quinn,R,191.0,USA,21.927,M0CI,,,Fabian Marozsan,R,193.0,HUN,26.355,3-6 6-3 7-6(11),3,RR,145.0,8.0,0.0,111.0,73.0,51.0,26.0,14.0,10.0,11.0,5.0,0.0,104.0,75.0,53.0,18.0,14.0,3.0,4.0,68.0,820.0,46.0,1065.0
2026-M-DC-2026-WG1-PO-GRE-MEX-01,Davis Cup WG1 PO: GRE vs MEX,Hard,4,D,20260206,3,TE51,,,Stefanos Tsitsipas,R,193.0,GRE,27.51,P0J1,,,Rodrigo Pacheco Mendez,L,191.0,MEX,20.808,6-1 7-5,3,RR,73.0,3.0,2.0,52.0,27.0,25.0,14.0,10.0,0.0,1.0,2.0,2.0,66.0,46.0,27.0,7.0,9.0,4.0,8.0,33.0,1495.0,222.0,256.0
2026-M-DC-2026-QLS-M-KOR-ARG-01,Davis Cup QLS R1: KOR vs ARG,Hard,4,D,20260206,3,KF17,,,Soonwoo Kwon,R,180.0,KOR,28.203,T0A1,,,Thiago Agustin Tirante,R,185.0,ARG,24.849,6-4 4-6 6-3,3,RR,126.0,11.0,3.0,80.0,49.0,39.0,15.0,11.0,5.0,8.0,8.0,1.0,91.0,46.0,32.0,22.0,10.0,1.0,6.0,343.0,142.0,95.0,647.0
2026-M-DC-2026-QLS-M-KOR-ARG-01,Davis Cup QLS R1: KOR vs ARG,Hard,4,D,20260206,2,T0A1,,,Thiago Agustin Tirante,R,185.0,ARG,24.849,CH27,,,Hyeon Chung,R,188.0,KOR,29.741,2-6 7-5 7-6(5),3,RR,172.0,12.0,5.0,0.0,94.0,59.0,40.0,22.0,12.0,3.0,7.0,124.0,79.0,59.0,18.0,13.0,4.0,7.0,7.0,95.0,647.0,392.0,120.0
2026-M-DC-2026-QLS-M-KOR-ARG-01,Davis Cup QLS R1: KOR vs ARG,Hard,4,D,20260206,1,KF17,,,Soonwoo Kwon,R,180.0,KOR,28.203,TA29,,,Marco Trungelliti,R,178.0,ARG,36.038,7-6(6) 6-2,3,RR,94.0,8.0,1.0,72.0,49.0,39.0,8.0,9.0,2.0,3.0,6.0,3.0,61.0,38.0,26.0,10.0,7.0,0.0,3.0,343.0,142.0,134.0,472.0
2026-M-DC-2026-WG1-PO-FIN-HKG-01,Davis Cup WG1 PO: FIN vs HKG,Hard,4,D,20260206,3,V0AM,,,Otto Virtanen,R,193.0,FIN,24.652,W0BH,,,Coleman Wong,R,191.0,HKG,21.692,7-5 6-2,3,RR,78.0,11.0,3.0,67.0,40.0,31.0,14.0,,4.0,5.0,9.0,4.0,68.0,41.0,23.0,11.0,,6.0,10.0,116.0,513.0,136.0,466.0
2026-M-DC-2026-WG1-PO-FIN-HKG-01,Davis Cup WG1 PO: FIN vs HKG,Hard,4,D,20260206,2,V0AM,,,Otto Virtanen,R,193.0,FIN,24.652,C0RT,,,Siu Chi Nicholas Cheng,,,HKG,17.879,6-0 6-1,3,RR,42.0,9.0,0.0,33.0,18.0,15.0,10.0,6.0,0.0,0.0,0.0,4.0,37.0,21.0,9.0,3.0,7.0,3.0,9.0,116.0,513.0,262.0,205.0
2026-M-DC-2026-WG1-PO-FIN-HKG-01,Davis Cup WG1 PO: FIN vs HKG,Hard,4,D,20260206,1,W0BH,,,Coleman Wong,R,191.0,HKG,21.692,V993,,,Eero Vasa,R,185.0,FIN,29.035,6-4 6-2,3,RR,59.0,7.0,2.0,48.0,27.0,25.0,13.0,,3.0,3.0,4.0,5.0,51.0,27.0,19.0,12.0,,2.0,5.0,136.0,466.0,476.0,91.0
2026-M-DC-2026-WG1-PO-EGY-POL-01,Davis Cup WG1 PO: EGY vs POL,Clay,4,D,20260206,3,P0FU,,,Filip Pieczonka,L,196.0,POL,21.851,I0B3,,,Karim Ibrahim,R,188.0,EGY,22.525,7-5 6-2,3,RR,67.0,3.0,4.0,51.0,40.0,34.0,8.0,10.0,3.0,4.0,0.0,3.0,57.0,27.0,13.0,20.0,10.0,5.0,9.0,1066.0,13.0,1045.0,15.0
2026-M-DC-2026-WG1-PO-EGY-POL-01,Davis Cup WG1 PO: EGY vs POL,Clay,4,D,20260206,2,F0HN,,,Karol Filar,R,188.0,POL,27.46,Z0BL,,,Faris Zakaria,R,183.0,EGY,24.761,6-2 6-0,3,RR,69.0,1.0,4.0,45.0,28.0,18.0,8.0,7.0,1.0,3.0,1.0,7.0,44.0,22.0,8.0,5.0,7.0,3.0,10.0,624.0,57.0,,
2026-M-DC-2026-WG1-PO-EGY-POL-01,Davis Cup WG1 PO: EGY vs POL,Clay,4,D,20260206,1,K0HC,,,Maks Kasnikowski,R,180.0,POL,22.612,B0LV,,,Michael Bassem Sobhy,R,,EGY,21.774,6-1 7-6(7),3,RR,92.0,2.0,0.0,63.0,47.0,33.0,9.0,10.0,3.0,5.0,2.0,2.0,55.0,32.0,21.0,9.0,9.0,0.0,4.0,416.0,113.0,690.0,48.0
2026-M-DC-2026-WG1-PO-MAR-COL-01,Davis Cup WG1 PO: MAR vs COL,Clay,4,D,20260206,3,M0AW,,,Nicolas Mejia,R,183.0,COL,26.01,B0PU,,,Reda Bennani,R,178.0,MAR,18.996,6-1 4-6 6-2,3,RR,155.0,4.0,0.0,83.0,55.0,39.0,18.0,,6.0,8.0,2.0,2.0,96.0,71.0,41.0,10.0,,11.0,16.0,177.0,341.0,556.0,69.0
2026-M-DC-2026-WG1-PO-MAR-COL-01,Davis Cup WG1 PO: MAR vs COL,Clay,4,D,20260206,2,B0PU,,,Reda Bennani,R,178.0,MAR,18.996,S0BT,,,Adria Soriano Barrera,R,191.0,COL,26.705,7-6(4) 7-5,3,RR,151.0,3.0,1.0,77.0,64.0,48.0,7.0,12.0,2.0,3.0,2.0,4.0,71.0,45.0,34.0,15.0,12.0,2.0,4.0,556.0,69.0,390.0,120.0
2026-M-DC-2026-WG1-PO-KAZ-MON-01,Davis Cup WG1 PO: KAZ vs MON,Hard,4,D,20260206,1,BK92,,,Alexander Bublik,R,196.0,KAZ,28.663,N670,,,Hugo Nys,R,183.0,MON,34.995,6-0 6-3,3,RR,61.0,5.0,1.0,41.0,24.0,20.0,9.0,7.0,0.0,0.0,3.0,3.0,56.0,31.0,16.0,11.0,8.0,7.0,12.0,10.0,3235.0,,
2026-M-DC-2026-WG1-PO-ISR-LTU-01,Davis Cup WG1 PO: ISR vs LTU,Hard,4,D,20260206,3,G0FW,,,Vilius Gaubas,R,178.0,LTU,21.128,V0G2,,,Amit Vales,R,173.0,ISR,20.693,6-1 3-6 6-2,3,RR,131.0,5.0,1.0,84.0,57.0,38.0,12.0,12.0,5.0,8.0,2.0,4.0,75.0,40.0,27.0,10.0,12.0,5.0,11.0,126.0,495.0,876.0,26.0
2026-M-DC-2026-WG1-PO-ISR-LTU-01,Davis Cup WG1 PO: ISR vs LTU,Hard,4,D,20260206,2,B0MM,,,Edas Butvilas,R,191.0,LTU,21.563,V0G2,,,Amit Vales,R,173.0,ISR,20.693,7-6(3) 6-0,3,RR,84.0,1.0,0.0,50.0,39.0,30.0,6.0,9.0,1.0,2.0,1.0,1.0,73.0,53.0,29.0,7.0,9.0,3.0,7.0,248.0,223.0,876.0,26.0
2026-M-DC-2026-WG1-PO-ISR-LTU-01,Davis Cup WG1 PO: ISR vs LTU,Hard,4,D,20260206,1,G0FW,,,Vilius Gaubas,R,178.0,LTU,21.128,S0V8,,,Ofek Shimanov,R,178.0,ISR,20.619,6-0 6-4,3,RR,70.0,1.0,1.0,42.0,22.0,17.0,11.0,8.0,0.0,1.0,0.0,1.0,56.0,30.0,19.0,7.0,8.0,3.0,8.0,126.0,495.0,1210.0,8.0
2026-M-DC-2026-QLS-M-CHI-SRB-01,Davis Cup QLS R1: CHI vs SRB,Clay,4,D,20260206,2,BS86,,,Tomas Barrios Vera,R,191.0,CHI,28.183,L987,,,Dusan Lajovic,R,183.0,SRB,35.628,7-5 7-6(7),3,RR,127.0,2.0,4.0,82.0,53.0,36.0,18.0,10.0,1.0,3.0,2.0,0.0,71.0,41.0,31.0,15.0,9.0,3.0,6.0,112.0,546.0,123.0,503.0
2026-M-DC-2026-QLS-M-IND-NED-01,Davis Cup QLS R1: IND vs NED,Hard,4,D,20260206,4,D0C1,,,Jesper De Jong,R,180.0,NED,25.708,N897,,,Sumit Nagal,R,178.0,IND,28.498,5-7 6-1 6-4,3,RR,172.0,10.0,5.0,89.0,46.0,36.0,19.0,11.0,6.0,10.0,1.0,4.0,98.0,64.0,40.0,13.0,8.0,9.0,15.0,88.0,673.0,281.0,186.0
2026-M-DC-2026-QLS-M-KOR-ARG-01,Davis Cup QLS R1: KOR vs ARG,Hard,4,D,20260206,4,CH27,,,Hyeon Chung,R,188.0,KOR,29.741,TA29,,,Marco Trungelliti,R,178.0,ARG,36.038,6-4 6-3,3,RR,89.0,0.0,1.0,53.0,31.0,23.0,15.0,9.0,0.0,1.0,2.0,3.0,59.0,34.0,26.0,9.0,6.0,2.0,5.0,392.0,120.0,134.0,472.0
2026-M-DC-2026-WG1-PO-TPE-LBN-01,Davis Cup WG1 PO: TPE vs LBN,Hard,4,D,20260206,2,HG94,,,Benjamin Hassan,R,183.0,LBN,31.028,H0B5,,,Tsung Hao Huang,R,173.0,TPE,26.231,6-4 6-4,3,RR,146.0,2.0,0.0,62.0,30.0,21.0,18.0,,4.0,6.0,5.0,2.0,80.0,52.0,30.0,13.0,,3.0,7.0,259.0,208.0,490.0,87.0
2026-M-DC-2026-WG1-PO-TPE-LBN-01,Davis Cup WG1 PO: TPE vs LBN,Hard,4,D,20260206,1,W857,,,Tung Lin Wu,R,188.0,TPE,27.762,HF80,,,Hady Habib,R,188.0,LBN,27.485,6-3 6-2,3,RR,64.0,10.0,1.0,45.0,36.0,32.0,5.0,,3.0,3.0,11.0,4.0,68.0,42.0,28.0,9.0,,6.0,9.0,373.0,127.0,341.0,143.0
2026-M-DC-2026-WG1-PO-NZL-BIH-01,Davis Cup WG1 PO: NZL vs BIH,Hard,4,D,20260206,1,BE67,,,Mirza Basic,R,188.0,BIH,34.595,W0ED,,,James Watt,R,206.0,NZL,25.684,6-2 7-6(5),3,RR,75.0,3.0,3.0,58.0,22.0,20.0,24.0,,0.0,0.0,11.0,3.0,61.0,42.0,31.0,8.0,,2.0,4.0,491.0,86.0,650.0,53.0
2026-M-DC-2026-WG1-PO-NZL-BIH-01,Davis Cup WG1 PO: NZL vs BIH,Hard,4,D,20260206,2,N0DB,,,Andrej Nedic,R,185.0,BIH,21.331,S0NT,,,Anton Shepp,R,185.0,NZL,23.293,6-4 4-6 7-5,3,RR,167.0,3.0,4.0,105.0,69.0,50.0,20.0,,7.0,9.0,12.0,7.0,127.0,77.0,51.0,25.0,,13.0,16.0,285.0,184.0,906.0,23.0
2026-M-DC-2026-WG1-PO-NZL-BIH-01,Davis Cup WG1 PO: NZL vs BIH,Hard,4,D,20260206,3,S0NT,,,Anton Shepp,R,185.0,NZL,23.293,BE67,,,Mirza Basic,R,188.0,BIH,34.595,6-2 6-4,3,RR,70.0,10.0,5.0,57.0,32.0,24.0,14.0,,5.0,6.0,4.0,1.0,65.0,46.0,26.0,10.0,,7.0,11.0,906.0,23.0,491.0,86.0
2026-M-DC-2026-WG1-PO-TPE-LBN-01,Davis Cup WG1 PO: TPE vs LBN,Hard,4,D,20260206,3,W857,,,Tung Lin Wu,R,188.0,TPE,27.762,HG94,,,Benjamin Hassan,R,183.0,LBN,31.028,6-3 6-4,3,RR,59.0,3.0,1.0,46.0,41.0,36.0,4.0,10.0,0.0,0.0,3.0,2.0,52.0,45.0,29.0,2.0,9.0,2.0,4.0,373.0,127.0,259.0,208.0
2026-M-DC-2026-WG1-PO-SLO-TUR-01,Davis Cup WG1 PO: SLO vs TUR,Clay,4,D,20260206,2,A09Q,,,Mert Alkaya,R,178.0,TUR,25.67,D0I0,,,Sebastian Dominko,L,203.0,SLO,22.76,7-5 7-6(4),3,RR,107.0,4.0,2.0,88.0,48.0,36.0,25.0,12.0,7.0,8.0,7.0,1.0,76.0,52.0,36.0,15.0,12.0,2.0,4.0,376.0,126.0,1069.0,13.0
2026-M-DC-2026-WG1-PO-SLO-TUR-01,Davis Cup WG1 PO: SLO vs TUR,Clay,4,D,20260206,1,E0AA,,,Yanki Erel,L,178.0,TUR,25.388,A0I1,,,Bor Artnak,R,193.0,SLO,21.697,7-6(2) 6-1,3,RR,107.0,4.0,4.0,88.0,46.0,35.0,19.0,,5.0,7.0,1.0,8.0,64.0,35.0,22.0,10.0,,4.0,8.0,436.0,107.0,467.0,94.0
2026-M-DC-2026-QLS-M-GER-PER-01,Davis Cup QLS R1: GER vs PER,Hard,4,D,20260206,2,SL28,,,Jan Lennard Struff,R,193.0,GER,35.808,V836,,,Juan Pablo Varillas,R,185.0,PER,30.36,6-4 6-2,3,RR,74.0,6.0,0.0,50.0,24.0,17.0,19.0,8.0,4.0,5.0,3.0,1.0,54.0,30.0,18.0,13.0,5.0,9.0,13.0,84.0,706.0,284.0,184.0
2026-M-DC-2026-WG1-PO-CHN-POR-01,Davis Cup WG1 PO: CHN vs POR,Hard,4,D,20260206,1,R0GO,,,Henrique Rocha,R,180.0,POR,21.837,Y09V,,,Yunchaokete Bu,R,185.0,CHN,24.049,6-4 6-4,3,RR,86.0,1.0,1.0,57.0,40.0,31.0,12.0,10.0,0.0,0.0,8.0,1.0,58.0,48.0,34.0,3.0,10.0,2.0,4.0,157.0,379.0,139.0,449.0
2026-M-DC-2026-WG1-PO-SUI-TUN-01,Davis Cup WG1 PO: SUI vs TUN,Hard,4,D,20260206,1,R0FS,,,Leandro Riedi,R,191.0,SUI,24.049,T0JO,,,Alaa Trifi,,,TUN,19.082,6-1 6-0,3,RR,56.0,1.0,1.0,47.0,30.0,22.0,11.0,7.0,2.0,2.0,0.0,4.0,49.0,28.0,14.0,8.0,6.0,10.0,15.0,171.0,348.0,1171.0,10.0
2026-M-DC-2026-WG1-PO-SLO-TUR-01,Davis Cup WG1 PO: SLO vs TUR,Clay,4,D,20260206,3,P0FV,,,Filip Jeff Planinsek,R,188.0,SVN,24.63,K0P9,,,Kaan Isik Kosaner,,,TUR,16.682,6-7(4) 6-1 [10-4],3,RR,136.0,8.0,1.0,56.0,48.0,32.0,4.0,9.0,1.0,3.0,2.0,4.0,77.0,73.0,39.0,1.0,10.0,11.0,16.0,578.0,65.0,,
2026-M-DC-2026-WG1-PO-SUI-TUN-01,Davis Cup WG1 PO: SUI vs TUN,Hard,4,D,20260206,2,EA13,,,Jerome Kym,R,178.0,TUN,33.095,K0EP,,,Moez Echargui,R,198.0,SUI,23.006,7-6(2) 6-4,3,RR,111.0,10.0,0.0,70.0,48.0,41.0,10.0,11.0,3.0,3.0,4.0,5.0,79.0,46.0,36.0,13.0,1.0,,,142.0,434.0,192.0,315.0
2026-M-DC-2026-WG1-PO-NZL-BIH-01,Davis Cup WG1 PO: NZL vs BIH,Hard,4,D,20260206,4,W0ED,,,James Watt,R,206.0,NZL,25.684,N0DB,,,Andrej Nedic,R,185.0,BIH,21.331,6-3 7-6(4),3,RR,105.0,15.0,0.0,74.0,52.0,35.0,11.0,11.0,4.0,7.0,1.0,1.0,75.0,51.0,30.0,11.0,10.0,8.0,12.0,650.0,53.0,285.0,184.0
2026-M-DC-2026-WG1-PO-CHN-POR-01,Davis Cup WG1 PO: CHN vs POR,Hard,4,D,20260206,2,WB32,,,Yibing Wu,R,183.0,CHN,26.316,BT72,,,Nuno Borges,R,185.0,POR,28.964,6-1 7-6(3),3,RR,93.0,3.0,0.0,59.0,26.0,22.0,23.0,10.0,2.0,2.0,6.0,3.0,79.0,48.0,31.0,15.0,9.0,7.0,9.0,144.0,427.0,45.0,1070.0
2026-M-DC-2026-QLS-M-GER-PER-01,Davis Cup QLS R1: GER vs PER,Hard,4,D,20260206,3,E0DD,,,Justin Engel,R,185.0,GER,18.374,B0GR,,,Gonzalo Bueno,R,173.0,PER,21.867,6-3 6-7(4) [10-6],3,RR,96.0,4.0,4.0,63.0,37.0,31.0,10.0,9.0,2.0,4.0,0.0,4.0,69.0,46.0,26.0,13.0,7.0,3.0,6.0,196.0,309.0,217.0,265.0
2026-M-DC-2026-WG1-PO-CHN-POR-01,Davis Cup WG1 PO: CHN vs POR,Hard,4,D,20260206,3,Z371,,,Zhizhen Zhang,R,193.0,CHN,29.331,BT72,,,Nuno Borges,R,185.0,POR,28.986,7-5 6-4,3,RR,78.0,12.0,1.0,74.0,46.0,38.0,10.0,11.0,3.0,4.0,6.0,3.0,73.0,41.0,28.0,16.0,11.0,5.0,8.0,367.0,130.0,45.0,1070.0
2026-M-DC-2026-WG1-PO-MAR-COL-01,Davis Cup WG1 PO: MAR vs COL,Clay,4,D,20260206,1,M0AW,,,Nicolas Mejia,R,183.0,COL,26.01,B0D6,,,Taha Baadi,R,183.0,MAR,24.575,6-3 6-2,3,RR,78.0,1.0,0.0,54.0,36.0,26.0,13.0,9.0,0.0,0.0,0.0,2.0,42.0,22.0,14.0,10.0,8.0,0.0,3.0,177.0,341.0,582.0,65.0
2026-M-DC-2026-QLS-M-FRA-SVK-01,Davis Cup QLS R1: FRA vs SVK,Hard,4,D,20260206,2,RC91,,,Arthur Rinderknech,R,196.0,FRA,30.565,MV14,,,Alex Molcan,L,178.0,SVK,28.205,7-5 7-6(6),3,RR,118.0,16.0,1.0,79.0,62.0,49.0,8.0,11.0,5.0,6.0,5.0,1.0,80.0,64.0,45.0,8.0,10.0,0.0,2.0,31.0,1542.0,200.0,302.0
2026-M-DC-2026-QLS-M-FRA-SVK-01,Davis Cup QLS R1: FRA vs SVK,Hard,4,D,20260206,3,RC91,,,Arthur Rinderknech,R,196.0,FRA,30.565,GB93,,,Norbert Gombos,R,193.0,SVK,35.507,7-6(1) 7-6(6),3,RR,133.0,6.0,1.0,79.0,54.0,42.0,14.0,10.0,1.0,3.0,2.0,0.0,91.0,58.0,40.0,16.0,10.0,2.0,4.0,31.0,1542.0,300.0,175.0
2026-M-DC-2026-QLS-M-FRA-SVK-01,Davis Cup QLS R1: FRA vs SVK,Hard,4,D,20260206,1,MV14,,,Alex Molcan,L,178.0,SVK,28.205,MP20,,,Alexandre Muller,R,183.0,FRA,29.035,6-4 6-4,3,RR,46.0,4.0,0.0,57.0,43.0,31.0,12.0,8.0,2.0,3.0,5.0,1.0,50.0,35.0,23.0,10.0,7.0,0.0,3.0,200.0,302.0,49.0,1020.0
2026-M-DC-2026-WG1-PO-SUI-TUN-01,Davis Cup WG1 PO: SUI vs TUN,Hard,4,D,20260206,3,B0LW,,,Mika Brunold,R,191.0,SUI,21.369,O09A,,,Aziz Ouakaa,R,185.0,TUN,26.524,6-2 6-2,3,RR,52.0,3.0,2.0,52.0,41.0,28.0,7.0,8.0,2.0,3.0,0.0,2.0,46.0,27.0,12.0,9.0,8.0,2.0,7.0,453.0,98.0,621.0,58.0
2026-375,Montpellier,Hard,28,250,20260207,22,D0DT,,,Martin Damm,L,203.0,USA,,N0BG,,,Luca Nardi,R,185.0,ITA,22.508,6-3 7-6(8),3,QF,84.0,16.0,0.0,61.0,39.0,36.0,17.0,11.0,1.0,1.0,5.0,2.0,67.0,44.0,34.0,12.0,10.0,3.0,4.0,160.0,373.0,106.0,571.0
2026-375,Montpellier,Hard,28,250,20260207,21,AG37,,,Felix Auger Aliassime,R,193.0,CAN,25.5,F0F1,6,,Arthur Fils,R,185.0,FRA,21.656,6-4 6-2,3,QF,68.0,12.0,0.0,40.0,27.0,25.0,11.0,9.0,0.0,0.0,2.0,1.0,55.0,33.0,18.0,14.0,9.0,2.0,5.0,8.0,3725.0,42.0,1110.0
2026-375,Montpellier,Hard,28,250,20260207,20,D0DW,,,Titouan Droguet,R,191.0,FRA,24.649,GJ37,4,,Tallon Griekspoor,R,188.0,NED,29.602,7-6(5) 7-6(1),3,QF,106.0,21.0,0.0,71.0,46.0,39.0,16.0,12.0,0.0,0.0,8.0,2.0,83.0,60.0,45.0,11.0,12.0,1.0,1.0,150.0,403.0,29.0,1565.0
2026-375,Montpellier,Hard,28,250,20260207,23,ME82,,,Adrian Mannarino,L,180.0,FRA,37.61,G0IX,,,Arthur Gea,R,180.0,FRA,21.098,5-7 6-4 6-4,3,QF,151.0,3.0,1.0,93.0,65.0,49.0,13.0,16.0,1.0,3.0,12.0,3.0,91.0,54.0,43.0,18.0,16.0,2.0,5.0,70.0,810.0,168.0,353.0
2026-375,Montpellier,Hard,28,250,20260208,26,ME82,,,Adrian Mannarino,L,180.0,FRA,37.613,D0DT,,,Martin Damm,L,203.0,USA,,1-6 6-3 6-4,3,SF,104.0,11.0,3.0,74.0,46.0,36.0,15.0,13.0,2.0,4.0,23.0,3.0,65.0,45.0,38.0,9.0,13.0,0.0,2.0,70.0,810.0,160.0,373.0
2026-375,Montpellier,Hard,28,250,20260208,27,AG37,,,Felix Auger Aliassime,R,193.0,CAN,25.506,ME82,,,Adrian Mannarino,L,180.0,FRA,37.615,6-3 7-6(4),3,F,95.0,13.0,1.0,58.0,45.0,39.0,7.0,10.0,0.0,0.0,4.0,1.0,63.0,38.0,28.0,13.0,11.0,1.0,3.0,8.0,3725.0,70.0,810.0
2026-375,Montpellier,Hard,28,250,20260208,25,AG37,,,Felix Auger Aliassime,R,193.0,CAN,25.503,D0DW,,,Titouan Droguet,R,191.0,FRA,24.652,6-4 6-7(5) 6-1,3,SF,147.0,20.0,0.0,92.0,72.0,58.0,12.0,15.0,3.0,3.0,14.0,3.0,121.0,77.0,54.0,20.0,14.0,7.0,10.0,8.0,3725.0,150.0,403.0
2026-407,Rotterdam,Hard,32,500,20260209,4,O483,,,Christopher O'Connell,R,183.0,AUS,31.688,R0EB,,,Valentin Royer,R,188.0,FRA,24.701,6-4 4-6 7-6(4),3,R32,172.0,10.0,3.0,102.0,62.0,47.0,19.0,16.0,4.0,7.0,7.0,3.0,125.0,79.0,54.0,20.0,16.0,8.0,11.0,119.0,511.0,57.0,897.0
2026-506,Buenos Aires,Clay,28,250,20260209,1,MO44,,,Pedro Martinez,R,185.0,ESP,28.791,M0OH,,,Lautaro Midon,R,180.0,ARG,21.867,6-4 6-1,3,R32,95.0,1.0,3.0,54.0,37.0,30.0,5.0,8.0,4.0,5.0,3.0,1.0,66.0,37.0,20.0,13.0,9.0,6.0,11.0,94.0,636.0,229.0,245.0
2026-407,Rotterdam,Hard,32,500,20260209,1,V812,,,Botic Van De Zandschulp,R,191.0,NED,30.352,P0AY,,,Luka Pavlovic,R,196.0,FRA,25.864,7-6(5) 6-3,3,R32,95.0,6.0,6.0,67.0,40.0,32.0,13.0,11.0,4.0,6.0,8.0,1.0,76.0,37.0,28.0,13.0,10.0,6.0,9.0,65.0,849.0,219.0,262.0
2026-407,Rotterdam,Hard,32,500,20260209,3,N771,6.0,,Cameron Norrie,L,188.0,GBR,30.467,BD06,,,Roberto Bautista Agut,R,183.0,ESP,37.823,7-6(3) 6-1,3,R32,114.0,9.0,3.0,88.0,49.0,38.0,18.0,10.0,7.0,9.0,2.0,0.0,63.0,41.0,25.0,9.0,9.0,2.0,6.0,26.0,1603.0,85.0,685.0
2026-407,Rotterdam,Hard,32,500,20260209,2,HH26,,,Ugo Humbert,L,188.0,FRA,27.625,MM58,4,,Daniil Medvedev,R,198.0,RUS,29.996,7-6(4) 3-6 6-3,3,R32,142.0,4.0,2.0,98.0,63.0,43.0,24.0,15.0,7.0,8.0,6.0,9.0,102.0,60.0,50.0,18.0,15.0,4.0,5.0,36.0,1335.0,11.0,3060.0
2026-506,Buenos Aires,Clay,28,250,20260209,2,DA31,,,Hugo Dellien,R,180.0,BOL,32.652,D923,,,Damir Dzumhur,R,175.0,BIH,33.725,6-4 6-1,3,R32,74.0,2.0,1.0,51.0,42.0,32.0,6.0,9.0,2.0,2.0,1.0,2.0,49.0,37.0,23.0,5.0,8.0,2.0,5.0,167.0,355.0,62.0,877.0
2026-424,Dallas,Hard,32,500,20260209,1,N0AE,,,Brandon Nakashima,R,188.0,USA,24.52,B0GG,,,Mattia Bellucci,L,175.0,ITA,24.693,6-3 6-4,3,R32,68.0,11.0,0.0,44.0,36.0,35.0,5.0,10.0,0.0,0.0,6.0,2.0,53.0,34.0,25.0,9.0,9.0,4.0,6.0,29.0,1535.0,107.0,553.0
2026-407,Rotterdam,Hard,32,500,20260210,8,HB64,,,Quentin Halys,R,191.0,FRA,29.292,R0KD,,,Mees Rottgering,L,180.0,NED,18.598,3-6 6-1 6-1,3,R32,113.0,11.0,3.0,76.0,47.0,38.0,10.0,12.0,5.0,7.0,2.0,3.0,92.0,49.0,24.0,22.0,11.0,8.0,13.0,77.0,725.0,614.0,59.0
2026-506,Buenos Aires,Clay,28,250,20260210,4,EA24,7.0,,Tomas Martin Etcheverry,R,196.0,ARG,26.568,PH64,,,Andrea Pellegrino,R,185.0,ITA,28.887,6-3 6-4,3,R32,98.0,7.0,1.0,61.0,34.0,29.0,13.0,10.0,1.0,1.0,4.0,2.0,55.0,36.0,26.0,9.0,9.0,3.0,5.0,54.0,945.0,145.0,434.0
2026-506,Buenos Aires,Clay,28,250,20260210,6,B0FV,,,Roman Andres Burruchaga,R,183.0,ARG,24.049,DB63,,,Laslo Djere,R,188.0,SRB,30.694,6-2 6-4,3,R32,79.0,2.0,1.0,46.0,31.0,27.0,10.0,9.0,1.0,1.0,3.0,3.0,61.0,37.0,23.0,11.0,9.0,6.0,9.0,104.0,568.0,91.0,651.0
2026-424,Dallas,Hard,32,500,20260210,2,K0AH,,,Sebastian Korda,R,196.0,USA,25.602,Z0BZ,,,Michael Zheng,R,188.0,USA,22.04,6-3 6-4,3,R32,67.0,9.0,1.0,51.0,30.0,29.0,12.0,10.0,1.0,1.0,3.0,1.0,60.0,46.0,30.0,8.0,9.0,6.0,8.0,53.0,960.0,151.0,414.0
2026-424,Dallas,Hard,32,500,20260210,4,TD51,8.0,,Frances Tiafoe,R,188.0,USA,28.057,A0GC,,,Terence Atmane,L,193.0,FRA,24.088,4-6 6-2 6-2,3,R32,108.0,3.0,1.0,77.0,43.0,32.0,19.0,13.0,3.0,5.0,12.0,3.0,74.0,45.0,32.0,10.0,13.0,2.0,7.0,30.0,1510.0,64.0,849.0
2026-424,Dallas,Hard,32,500,20260210,3,DH50,3.0,,Alejandro Davidovich Fokina,R,180.0,ESP,26.686,S0K7,,,Zachary Svajda,R,175.0,USA,23.201,6-4 7-6(1),3,R32,94.0,6.0,0.0,71.0,51.0,37.0,13.0,11.0,3.0,4.0,10.0,0.0,74.0,53.0,43.0,4.0,11.0,3.0,5.0,14.0,2535.0,110.0,551.0
2026-506,Buenos Aires,Clay,28,250,20260210,5,KI82,,,Vit Kopriva,R,178.0,CZE,28.657,B0GY,,,Alex Barrena,R,175.0,ARG,23.337,6-4 3-6 6-4,3,R32,147.0,4.0,5.0,86.0,57.0,39.0,12.0,14.0,3.0,7.0,4.0,4.0,109.0,68.0,43.0,17.0,15.0,6.0,11.0,95.0,632.0,180.0,336.0
2026-407,Rotterdam,Hard,32,500,20260210,6,DH58,1.0,,Alex De Minaur,R,183.0,AUS,26.981,F0F1,,,Arthur Fils,R,185.0,FRA,21.665,7-6(3) 6-2,3,R32,92.0,2.0,1.0,57.0,37.0,28.0,16.0,10.0,1.0,2.0,4.0,3.0,70.0,47.0,29.0,11.0,10.0,2.0,5.0,8.0,3835.0,42.0,1110.0
2026-407,Rotterdam,Hard,32,500,20260210,7,GJ37,7.0,,Tallon Griekspoor,R,188.0,NED,29.61,M0GZ,,,Giovanni Mpetshi Perricard,R,203.0,FRA,22.595,6-4 6-4,3,R32,72.0,10.0,0.0,63.0,39.0,32.0,16.0,10.0,6.0,6.0,7.0,3.0,54.0,38.0,31.0,5.0,10.0,2.0,4.0,27.0,1585.0,56.0,905.0
2026-407,Rotterdam,Hard,32,500,20260210,5,MU94,,,Jaume Munar,R,183.0,ESP,28.769,B0U4,,,Nicolai Budkov Kjaer,R,191.0,NOR,19.444,6-1 6-3,3,R32,71.0,4.0,2.0,44.0,25.0,20.0,14.0,8.0,2.0,2.0,4.0,1.0,46.0,33.0,18.0,6.0,8.0,2.0,6.0,37.0,1185.0,132.0,476.0
2026-506,Buenos Aires,Clay,28,250,20260210,8,BS86,,,Tomas Barrios Vera,R,191.0,CHI,28.17,SX91,,,Thiago Seyboth Wild,R,185.0,BRA,25.922,4-6 6-5 RET,3,R32,123.0,4.0,1.0,58.0,37.0,24.0,11.0,11.0,3.0,7.0,8.0,3.0,75.0,49.0,29.0,14.0,10.0,7.0,10.0,114.0,546.0,197.0,305.0
2026-407,Rotterdam,Hard,32,500,20260210,9,SL28,,,Jan Lennard Struff,R,193.0,GER,35.797,GF95,,,Hugo Grenier,R,196.0,FRA,29.886,6-0 6-4,3,R32,64.0,3.0,1.0,45.0,23.0,19.0,14.0,8.0,1.0,2.0,1.0,3.0,50.0,25.0,17.0,6.0,8.0,7.0,12.0,82.0,706.0,188.0,323.0
2026-424,Dallas,Hard,32,500,20260210,6,C977,,,Marin Cilic,R,198.0,CRO,37.369,T0HA,6,,Learner Tien,L,180.0,USA,20.192,7-5 7-6(4),3,R32,110.0,9.0,3.0,82.0,47.0,41.0,14.0,12.0,2.0,4.0,9.0,6.0,75.0,42.0,32.0,13.0,12.0,1.0,4.0,61.0,890.0,23.0,1710.0
2026-424,Dallas,Hard,32,500,20260210,5,KI95,,,Miomir Kecmanovic,R,183.0,SRB,26.448,SY67,,,Sho Shimabukuro,R,180.0,JPN,28.534,6-7(3) 6-3 7-6(3),3,R32,124.0,6.0,1.0,94.0,64.0,49.0,24.0,17.0,1.0,2.0,13.0,1.0,99.0,59.0,49.0,23.0,16.0,1.0,3.0,66.0,820.0,144.0,441.0
2026-506,Buenos Aires,Clay,28,250,20260210,9,TE30,,,Alejandro Tabilo,L,188.0,CHI,28.693,D0CG,,,Facundo Diaz Acosta,L,183.0,ARG,25.155,7-6(5) 6-3,3,R32,110.0,2.0,1.0,71.0,49.0,37.0,13.0,11.0,2.0,2.0,6.0,2.0,62.0,41.0,29.0,13.0,10.0,0.0,1.0,71.0,774.0,285.0,182.0
2026-506,Buenos Aires,Clay,28,250,20260210,7,C0C8,,,Juan Manuel Cerundolo,L,183.0,ARG,24.238,AE14,5,,Daniel Altmaier,R,188.0,GER,27.414,6-2 6-2,3,R32,87.0,0.0,0.0,51.0,40.0,31.0,5.0,8.0,1.0,1.0,2.0,4.0,54.0,37.0,21.0,6.0,8.0,6.0,10.0,80.0,717.0,51.0,995.0
2026-424,Dallas,Hard,32,500,20260211,7,SU55,7.0,,Denis Shapovalov,L,185.0,CAN,26.828,J0DZ,,,Rafael Jodar,R,191.0,ESP,19.403,6-1 6-2,3,R32,69.0,7.0,3.0,44.0,22.0,16.0,15.0,7.0,5.0,6.0,1.0,1.0,59.0,36.0,17.0,7.0,8.0,4.0,10.0,40.0,1160.0,124.0,498.0
2026-506,Buenos Aires,Clay,28,250,20260211,11,BK40,8.0,,Matteo Berrettini,R,196.0,ITA,29.834,CE77,,,Federico Coria,R,180.0,ARG,33.927,7-5 7-5,3,R32,134.0,4.0,2.0,66.0,46.0,36.0,12.0,12.0,1.0,2.0,1.0,1.0,103.0,68.0,37.0,19.0,12.0,8.0,11.0,58.0,895.0,322.0,156.0
2026-506,Buenos Aires,Clay,28,250,20260211,12,B0ID,,,Ignacio Buse,R,183.0,PER,21.884,P0CT,,,Francesco Passaro,R,180.0,ITA,25.095,5-7 7-5 6-4,3,R32,154.0,4.0,2.0,103.0,63.0,48.0,18.0,17.0,3.0,6.0,1.0,3.0,102.0,61.0,40.0,25.0,17.0,6.0,10.0,96.0,623.0,159.0,376.0
2026-424,Dallas,Hard,32,500,20260211,8,FB98,1.0,,Taylor Fritz,R,196.0,USA,28.29,GC88,,,Marcos Giron,R,180.0,USA,32.553,6-4 5-7 7-6(1),3,R32,146.0,21.0,1.0,99.0,70.0,57.0,14.0,17.0,3.0,5.0,9.0,2.0,113.0,74.0,52.0,21.0,17.0,8.0,10.0,7.0,3940.0,59.0,895.0
2026-424,Dallas,Hard,32,500,20260211,9,S0S1,2.0,,Ben Shelton,L,193.0,USA,23.343,D0F6,,,Gabriel Diallo,R,203.0,CAN,24.383,6-4 6-4,3,R32,97.0,13.0,3.0,59.0,34.0,28.0,16.0,10.0,3.0,3.0,6.0,3.0,56.0,36.0,29.0,7.0,10.0,1.0,3.0,9.0,3560.0,38.0,1175.0
2026-424,Dallas,Hard,32,500,20260211,10,P0HT,,,Jack Pinnington Jones,R,180.0,GBR,22.872,C0E9,4,,Flavio Cobolli,R,183.0,ITA,23.77,6-2 6-2,3,R32,53.0,11.0,2.0,38.0,28.0,25.0,7.0,8.0,0.0,0.0,4.0,2.0,42.0,22.0,13.0,8.0,8.0,1.0,5.0,181.0,331.0,20.0,1955.0
2026-424,Dallas,Hard,32,500,20260211,11,K0AZ,,,Aleksandar Kovacevic,R,183.0,USA,27.455,K0A3,,,Patrick Kypson,R,188.0,USA,26.292,6-4 7-6(1),3,R32,84.0,24.0,2.0,57.0,36.0,34.0,14.0,11.0,0.0,0.0,7.0,1.0,70.0,50.0,36.0,12.0,11.0,5.0,6.0,78.0,721.0,109.0,552.0
2026-424,Dallas,Hard,32,500,20260211,12,M0QI,,,Alex Michelsen,R,193.0,USA,21.465,D875,,,Grigor Dimitrov,R,191.0,BUL,34.743,5-7 6-4 6-4,3,R32,125.0,16.0,4.0,92.0,71.0,54.0,12.0,16.0,4.0,5.0,14.0,5.0,89.0,53.0,44.0,17.0,16.0,1.0,3.0,41.0,1160.0,43.0,1105.0
2026-506,Buenos Aires,Clay,28,250,20260211,10,U182,6.0,,Camilo Ugo Carabelli,R,185.0,ARG,26.656,C0DF,,,Francisco Comesana,R,178.0,ARG,25.35,6-4 7-6(3),3,R32,125.0,1.0,2.0,82.0,56.0,35.0,14.0,11.0,5.0,7.0,2.0,4.0,65.0,46.0,31.0,8.0,11.0,1.0,4.0,47.0,1028.0,63.0,869.0
2026-407,Rotterdam,Hard,32,500,20260211,10,M0JF,,,Hamad Medjedovic,R,188.0,SRB,22.571,BU13,,,Zizou Bergs,R,185.0,BEL,26.694,7-6(5) 7-6(5),3,R32,139.0,8.0,6.0,96.0,60.0,41.0,19.0,12.0,7.0,10.0,10.0,4.0,97.0,50.0,31.0,28.0,12.0,5.0,8.0,79.0,717.0,39.0,1170.0
2026-407,Rotterdam,Hard,32,500,20260211,16,D0H9,,,Guy Den Ouden,R,183.0,NED,23.847,F724,,,Marton Fucsovics,R,188.0,HUN,34.01,7-6(5) 6-1,3,R32,111.0,2.0,3.0,92.0,53.0,34.0,22.0,10.0,11.0,12.0,2.0,4.0,62.0,35.0,22.0,15.0,9.0,1.0,4.0,169.0,355.0,49.0,1009.0
2026-506,Buenos Aires,Clay,28,250,20260211,13,N0BS,,,Mariano Navone,R,178.0,ARG,24.956,N0AM,,,Emilio Nava,R,185.0,USA,24.194,6-2 6-1,3,R32,63.0,1.0,1.0,43.0,27.0,23.0,7.0,7.0,2.0,2.0,1.0,2.0,44.0,28.0,14.0,4.0,8.0,1.0,6.0,73.0,760.0,81.0,710.0
2026-407,Rotterdam,Hard,32,500,20260211,15,TE51,,,Stefanos Tsitsipas,R,193.0,GRE,27.502,RC91,8,,Arthur Rinderknech,R,196.0,FRA,30.557,7-5 6-3,3,R32,81.0,2.0,4.0,57.0,36.0,31.0,14.0,11.0,1.0,1.0,4.0,5.0,60.0,37.0,32.0,7.0,10.0,3.0,5.0,32.0,1445.0,28.0,1542.0
2026-407,Rotterdam,Hard,32,500,20260211,14,KE29,5.0,,Karen Khachanov,R,198.0,RUS,29.728,D0C1,,,Jesper De Jong,R,180.0,NED,25.7,3-6 6-4 7-5,3,R32,143.0,10.0,2.0,87.0,54.0,41.0,20.0,15.0,4.0,6.0,7.0,3.0,103.0,52.0,37.0,27.0,16.0,4.0,7.0,18.0,2320.0,86.0,673.0
2026-407,Rotterdam,Hard,32,500,20260211,13,BK92,3.0,,Alexander Bublik,R,196.0,KAZ,28.654,HB71,,,Hubert Hurkacz,R,196.0,POL,28.999,6-7(2) 7-6(1) 7-5,3,R32,142.0,13.0,4.0,119.0,74.0,60.0,22.0,18.0,5.0,6.0,25.0,9.0,107.0,56.0,51.0,23.0,18.0,1.0,3.0,10.0,3235.0,70.0,775.0
2026-407,Rotterdam,Hard,32,500,20260211,12,O483,,,Christopher O'Connell,R,183.0,AUS,31.693,N771,6,,Cameron Norrie,L,188.0,GBR,30.472,7-6(9) 6-4,3,R16,117.0,12.0,1.0,84.0,49.0,31.0,23.0,11.0,1.0,2.0,6.0,2.0,80.0,52.0,39.0,11.0,11.0,2.0,4.0,119.0,511.0,26.0,1603.0
2026-407,Rotterdam,Hard,32,500,20260211,11,W367,,,Stan Wawrinka,R,183.0,SUI,40.876,B0T6,,,Thijs Boogaard,R,183.0,NED,17.605,6-3 6-4,3,R32,82.0,9.0,2.0,65.0,31.0,28.0,19.0,10.0,3.0,3.0,1.0,3.0,56.0,35.0,25.0,11.0,9.0,4.0,6.0,106.0,562.0,1048.0,17.0
2026-424,Dallas,Hard,32,500,20260212,18,Q02L,,,Ethan Quinn,R,191.0,USA,21.922,S0VM,,,Trevor Svajda,R,175.0,USA,19.817,7-6(3) 7-5,3,R32,106.0,8.0,3.0,72.0,47.0,41.0,9.0,12.0,2.0,3.0,6.0,1.0,78.0,44.0,34.0,15.0,12.0,4.0,6.0,74.0,758.0,363.0,131.0
2026-424,Dallas,Hard,32,500,20260212,17,ME82,,,Adrian Mannarino,L,180.0,FRA,37.624,W09E,,,Adam Walton,R,183.0,AUS,26.825,6-4 6-2,3,R32,84.0,5.0,0.0,56.0,35.0,24.0,12.0,9.0,7.0,9.0,4.0,0.0,53.0,29.0,14.0,12.0,9.0,1.0,6.0,52.0,975.0,93.0,643.0
2026-424,Dallas,Hard,32,500,20260212,16,PL56,5.0,,Tommy Paul,R,185.0,USA,28.742,B0CD,,,Jenson Brooksby,R,193.0,USA,25.298,4-6 6-4 7-6(4),3,R32,142.0,10.0,1.0,90.0,54.0,46.0,22.0,16.0,1.0,2.0,3.0,1.0,100.0,59.0,45.0,23.0,16.0,3.0,4.0,24.0,1700.0,45.0,1042.0
2026-424,Dallas,Hard,32,500,20260212,15,DH50,3.0,,Alejandro Davidovich Fokina,R,180.0,ESP,26.691,M0QI,,,Alex Michelsen,R,193.0,USA,21.467,6-4 6-4,3,R16,78.0,7.0,0.0,68.0,52.0,40.0,7.0,10.0,1.0,1.0,7.0,1.0,59.0,42.0,31.0,7.0,10.0,1.0,3.0,14.0,2535.0,41.0,1160.0
2026-424,Dallas,Hard,32,500,20260212,14,FB98,1.0,,Taylor Fritz,R,196.0,USA,28.293,N0AE,,,Brandon Nakashima,R,188.0,USA,24.528,6-3 6-4,3,R16,69.0,15.0,3.0,54.0,41.0,34.0,8.0,10.0,3.0,3.0,5.0,0.0,50.0,34.0,22.0,10.0,9.0,0.0,2.0,7.0,3940.0,29.0,1535.0
2026-424,Dallas,Hard,32,500,20260212,13,K0AH,,,Sebastian Korda,R,196.0,USA,25.607,TD51,8,,Frances Tiafoe,R,188.0,USA,28.063,7-5 6-1,3,R16,68.0,8.0,1.0,50.0,34.0,30.0,8.0,10.0,1.0,2.0,8.0,1.0,49.0,32.0,22.0,6.0,9.0,3.0,7.0,53.0,960.0,30.0,1510.0
2026-407,Rotterdam,Hard,32,500,20260212,18,AG37,2.0,,Felix Auger Aliassime,R,193.0,CAN,25.514,P09Z,,,Alexei Popyrin,R,196.0,AUS,26.524,7-5 6-3,3,R32,92.0,8.0,3.0,61.0,41.0,34.0,11.0,11.0,2.0,2.0,6.0,1.0,57.0,39.0,26.0,11.0,10.0,1.0,3.0,6.0,3950.0,50.0,1000.0
2026-424,Dallas,Hard,32,500,20260212,19,S0JA,,,Eliot Spizzirri,R,185.0,USA,24.14,D994,,,James Duckworth,R,183.0,AUS,34.062,6-2 6-4,3,R32,79.0,8.0,0.0,45.0,32.0,28.0,8.0,9.0,0.0,0.0,5.0,1.0,76.0,49.0,27.0,14.0,9.0,5.0,8.0,68.0,781.0,83.0,691.0
2026-407,Rotterdam,Hard,32,500,20260212,17,GJ37,7.0,,Tallon Griekspoor,R,188.0,NED,29.615,HB64,,,Quentin Halys,R,191.0,FRA,29.298,7-5 7-6(11),3,R16,121.0,16.0,0.0,70.0,50.0,43.0,15.0,12.0,0.0,0.0,20.0,4.0,108.0,73.0,59.0,10.0,12.0,7.0,8.0,27.0,1585.0,77.0,725.0
2026-407,Rotterdam,Hard,32,500,20260212,22,V812,,,Botic Van De Zandschulp,R,191.0,NED,30.36,TE51,,,Stefanos Tsitsipas,R,193.0,GRE,27.504,6-4 7-6(4),3,R16,109.0,4.0,4.0,76.0,50.0,39.0,14.0,11.0,5.0,6.0,8.0,4.0,85.0,53.0,35.0,15.0,11.0,3.0,5.0,65.0,849.0,32.0,1445.0
2026-506,Buenos Aires,Clay,28,250,20260212,18,D0FJ,2.0,,Luciano Darderi,R,183.0,ITA,23.995,BS86,,,Tomas Barrios Vera,R,191.0,CHI,28.175,6-1 6-3,3,R16,82.0,6.0,4.0,49.0,22.0,21.0,13.0,8.0,3.0,4.0,0.0,1.0,55.0,34.0,16.0,6.0,8.0,4.0,9.0,22.0,1789.0,114.0,546.0
2026-506,Buenos Aires,Clay,28,250,20260212,15,TE30,,,Alejandro Tabilo,L,188.0,CHI,28.698,F0FV,3,,Joao Fonseca,R,188.0,BRA,19.48,6-3 3-6 7-5,3,R16,144.0,5.0,1.0,84.0,52.0,40.0,16.0,15.0,4.0,7.0,5.0,0.0,102.0,61.0,39.0,24.0,15.0,7.0,11.0,71.0,774.0,33.0,1440.0
2026-407,Rotterdam,Hard,32,500,20260212,20,MU94,,,Jaume Munar,R,183.0,ESP,28.775,KE29,5,,Karen Khachanov,R,198.0,RUS,29.73,7-6(8) 3-6 6-3,3,R16,152.0,4.0,3.0,87.0,49.0,43.0,23.0,15.0,0.0,1.0,7.0,0.0,104.0,66.0,51.0,22.0,15.0,4.0,5.0,37.0,1185.0,18.0,2320.0
2026-407,Rotterdam,Hard,32,500,20260212,19,DH58,1.0,,Alex De Minaur,R,183.0,AUS,26.987,W367,,,Stan Wawrinka,R,183.0,SUI,40.879,6-4 6-2,3,R16,69.0,3.0,0.0,43.0,29.0,22.0,10.0,9.0,0.0,1.0,3.0,4.0,57.0,26.0,15.0,15.0,9.0,2.0,6.0,8.0,3835.0,106.0,562.0
2026-407,Rotterdam,Hard,32,500,20260212,21,HH26,,,Ugo Humbert,L,188.0,FRA,27.633,D0H9,,,Guy Den Ouden,R,183.0,NED,23.849,6-4 6-3,3,R16,80.0,3.0,2.0,56.0,30.0,19.0,18.0,10.0,2.0,4.0,0.0,2.0,53.0,30.0,16.0,12.0,9.0,0.0,4.0,36.0,1335.0,169.0,355.0
2026-506,Buenos Aires,Clay,28,250,20260212,17,KI82,,,Vit Kopriva,R,178.0,CZE,28.663,BK40,8,,Matteo Berrettini,R,196.0,ITA,29.837,6-4 6-3,3,R16,94.0,0.0,0.0,56.0,35.0,27.0,14.0,10.0,2.0,2.0,4.0,0.0,69.0,43.0,29.0,13.0,9.0,6.0,8.0,95.0,632.0,58.0,895.0
2026-506,Buenos Aires,Clay,28,250,20260212,16,EA24,7.0,,Tomas Martin Etcheverry,R,196.0,ARG,26.574,B0FV,,,Roman Andres Burruchaga,R,183.0,ARG,24.055,7-6(5) 6-7(3) 6-4,3,R16,217.0,6.0,3.0,122.0,81.0,55.0,19.0,17.0,6.0,10.0,4.0,5.0,121.0,81.0,53.0,21.0,17.0,8.0,13.0,54.0,945.0,104.0,568.0
2026-506,Buenos Aires,Clay,28,250,20260212,14,C0AU,1.0,,Francisco Cerundolo,R,185.0,ARG,27.502,DA31,,,Hugo Dellien,R,180.0,BOL,32.66,6-0 7-6(6),3,R16,84.0,4.0,0.0,60.0,39.0,30.0,15.0,9.0,5.0,5.0,2.0,1.0,65.0,46.0,25.0,11.0,9.0,6.0,9.0,19.0,2135.0,167.0,355.0
2026-424,Dallas,Hard,32,500,20260213,23,P0HT,,,Jack Pinnington Jones,R,180.0,GBR,22.877,S0JA,,,Eliot Spizzirri,R,185.0,USA,24.142,7-6(5) 4-6 7-6(4),3,R16,172.0,14.0,8.0,116.0,81.0,66.0,15.0,17.0,4.0,5.0,13.0,0.0,101.0,77.0,60.0,16.0,17.0,0.0,0.0,181.0,331.0,68.0,781.0
2026-424,Dallas,Hard,32,500,20260213,20,S0S1,2.0,,Ben Shelton,L,193.0,USA,23.348,ME82,,,Adrian Mannarino,L,180.0,FRA,37.626,7-6(2) 6-7(4) 6-3,3,R16,160.0,23.0,1.0,108.0,77.0,59.0,16.0,17.0,6.0,8.0,12.0,4.0,107.0,63.0,47.0,21.0,16.0,3.0,6.0,9.0,3560.0,52.0,975.0
2026-424,Dallas,Hard,32,500,20260213,25,FB98,1.0,,Taylor Fritz,R,196.0,USA,28.296,K0AH,,,Sebastian Korda,R,196.0,USA,25.61,6-7(2) 6-4 7-6(5),3,QF,149.0,22.0,3.0,116.0,86.0,69.0,12.0,17.0,4.0,4.0,12.0,0.0,103.0,69.0,57.0,19.0,17.0,1.0,2.0,7.0,3940.0,53.0,960.0
2026-424,Dallas,Hard,32,500,20260213,26,C977,,,Marin Cilic,R,198.0,CRO,37.377,P0HT,,,Jack Pinnington Jones,R,180.0,GBR,22.877,6-1 6-4,3,QF,77.0,16.0,0.0,51.0,33.0,28.0,9.0,9.0,2.0,2.0,3.0,3.0,56.0,32.0,20.0,10.0,8.0,4.0,7.0,61.0,890.0,181.0,331.0
2026-506,Buenos Aires,Clay,28,250,20260213,23,C0AU,1.0,,Francisco Cerundolo,R,185.0,ARG,27.504,KI82,,,Vit Kopriva,R,178.0,CZE,28.665,6-4 6-3,3,QF,97.0,3.0,2.0,62.0,38.0,28.0,10.0,10.0,3.0,6.0,2.0,4.0,67.0,42.0,26.0,6.0,9.0,7.0,12.0,19.0,2135.0,95.0,632.0
2026-506,Buenos Aires,Clay,28,250,20260213,19,U182,6.0,,Camilo Ugo Carabelli,R,185.0,ARG,26.661,N0BS,,,Mariano Navone,R,178.0,ARG,24.961,6-2 7-5,3,R16,122.0,1.0,1.0,65.0,39.0,23.0,17.0,10.0,4.0,6.0,0.0,4.0,74.0,45.0,25.0,12.0,10.0,4.0,9.0,47.0,1028.0,73.0,760.0
2026-407,Rotterdam,Hard,32,500,20260213,24,AG37,2.0,,Felix Auger Aliassime,R,193.0,CAN,25.517,M0JF,,,Hamad Medjedovic,R,188.0,SRB,22.576,6-4 6-4,3,R16,90.0,9.0,1.0,56.0,36.0,30.0,11.0,10.0,1.0,1.0,5.0,1.0,66.0,40.0,28.0,14.0,10.0,2.0,4.0,6.0,3950.0,79.0,717.0
2026-424,Dallas,Hard,32,500,20260213,22,C977,,,Marin Cilic,R,198.0,CRO,37.377,Q02L,,,Ethan Quinn,R,191.0,USA,21.925,7-6(4) 6-3,3,R16,97.0,15.0,5.0,62.0,38.0,38.0,14.0,11.0,0.0,0.0,12.0,1.0,76.0,49.0,38.0,12.0,10.0,4.0,5.0,61.0,890.0,74.0,758.0
2026-424,Dallas,Hard,32,500,20260213,21,SU55,7.0,,Denis Shapovalov,L,185.0,CAN,26.834,K0AZ,,,Aleksandar Kovacevic,R,183.0,USA,27.461,6-4 6-4,3,R16,66.0,22.0,1.0,48.0,32.0,30.0,10.0,10.0,0.0,0.0,4.0,2.0,56.0,37.0,29.0,7.0,10.0,2.0,4.0,40.0,1160.0,78.0,721.0
2026-407,Rotterdam,Hard,32,500,20260213,26,HH26,,,Ugo Humbert,L,188.0,FRA,27.636,O483,,,Christopher O'Connell,R,183.0,AUS,31.699,6-4 6-1,3,QF,77.0,5.0,2.0,49.0,26.0,25.0,13.0,9.0,0.0,0.0,4.0,1.0,50.0,27.0,16.0,11.0,8.0,4.0,7.0,36.0,1335.0,119.0,511.0
2026-506,Buenos Aires,Clay,28,250,20260213,21,MO44,,,Pedro Martinez,R,185.0,ESP,28.802,C0C8,,,Juan Manuel Cerundolo,L,183.0,ARG,24.246,7-6(5) 6-4,3,R16,123.0,0.0,3.0,72.0,53.0,37.0,6.0,11.0,3.0,6.0,3.0,2.0,71.0,53.0,32.0,10.0,11.0,2.0,6.0,94.0,636.0,80.0,717.0
2026-407,Rotterdam,Hard,32,500,20260213,25,DH58,1.0,,Alex De Minaur,R,183.0,AUS,26.99,V812,,,Botic Van De Zandschulp,R,191.0,NED,30.363,3-6 7-6(4) 7-5,3,QF,164.0,4.0,3.0,100.0,67.0,50.0,18.0,16.0,5.0,7.0,12.0,8.0,119.0,69.0,52.0,24.0,17.0,3.0,5.0,8.0,3835.0,65.0,849.0
2026-424,Dallas,Hard,32,500,20260213,24,KI95,,,Miomir Kecmanovic,R,183.0,SRB,26.456,PL56,5,,Tommy Paul,R,185.0,USA,28.745,5-7 6-4 6-4,3,R16,120.0,6.0,2.0,89.0,64.0,49.0,14.0,16.0,4.0,6.0,14.0,1.0,90.0,58.0,46.0,13.0,16.0,3.0,6.0,66.0,820.0,24.0,1700.0
2026-407,Rotterdam,Hard,32,500,20260213,27,AG37,2.0,,Felix Auger Aliassime,R,193.0,CAN,25.517,GJ37,7,,Tallon Griekspoor,R,188.0,NED,29.618,7-6(2) 6-2,3,QF,104.0,9.0,3.0,63.0,37.0,34.0,14.0,10.0,1.0,1.0,3.0,3.0,68.0,46.0,32.0,9.0,10.0,4.0,6.0,6.0,3950.0,27.0,1585.0
2026-506,Buenos Aires,Clay,28,250,20260213,20,B0BI,4.0,,Sebastian Baez,R,170.0,ARG,25.128,B0ID,,,Ignacio Buse,R,183.0,PER,21.889,6-4 6-3,3,R16,83.0,1.0,1.0,49.0,31.0,23.0,12.0,9.0,1.0,2.0,2.0,0.0,62.0,41.0,21.0,13.0,10.0,4.0,8.0,34.0,1420.0,96.0,623.0
2026-407,Rotterdam,Hard,32,500,20260213,23,BK92,3.0,,Alexander Bublik,R,196.0,KAZ,28.66,SL28,,,Jan Lennard Struff,R,193.0,GER,35.806,7-6(2) 4-6 6-3,3,R16,125.0,13.0,7.0,112.0,54.0,41.0,33.0,16.0,5.0,7.0,9.0,2.0,90.0,57.0,46.0,16.0,15.0,7.0,9.0,10.0,3235.0,82.0,706.0
2026-506,Buenos Aires,Clay,28,250,20260213,22,EA24,7.0,,Tomas Martin Etcheverry,R,196.0,ARG,26.576,TE30,,,Alejandro Tabilo,L,188.0,CHI,28.701,1-6 6-3 6-4,3,QF,126.0,9.0,0.0,80.0,56.0,39.0,12.0,13.0,2.0,5.0,2.0,3.0,70.0,45.0,29.0,15.0,13.0,0.0,3.0,54.0,945.0,71.0,774.0
2026-407,Rotterdam,Hard,32,500,20260214,29,DH58,1.0,,Alex De Minaur,R,183.0,AUS,26.992,HH26,,,Ugo Humbert,L,188.0,FRA,27.639,6-4 6-3,3,SF,92.0,1.0,2.0,76.0,51.0,34.0,14.0,9.0,10.0,10.0,0.0,2.0,52.0,29.0,20.0,15.0,10.0,1.0,4.0,8.0,3835.0,36.0,1335.0
2026-424,Dallas,Hard,32,500,20260214,27,S0S1,2.0,,Ben Shelton,L,193.0,USA,23.351,KI95,,,Miomir Kecmanovic,R,183.0,SRB,26.459,5-7 6-3 6-4,3,QF,118.0,14.0,7.0,90.0,64.0,59.0,8.0,16.0,1.0,2.0,7.0,2.0,85.0,51.0,44.0,16.0,15.0,3.0,5.0,9.0,3560.0,66.0,820.0
2026-424,Dallas,Hard,32,500,20260214,28,SU55,7.0,,Denis Shapovalov,L,185.0,CAN,26.836,DH50,3,,Alejandro Davidovich Fokina,R,180.0,ESP,26.697,5-7 6-4 6-3,3,QF,117.0,17.0,2.0,89.0,54.0,41.0,21.0,16.0,2.0,3.0,2.0,3.0,86.0,63.0,48.0,12.0,15.0,5.0,7.0,40.0,1160.0,14.0,2535.0
2026-506,Buenos Aires,Clay,28,250,20260214,24,D0FJ,2.0,,Luciano Darderi,R,183.0,ITA,24.0,MO44,,,Pedro Martinez,R,185.0,ESP,28.805,7-5 6-1,3,QF,91.0,9.0,3.0,64.0,37.0,34.0,11.0,10.0,4.0,4.0,0.0,3.0,56.0,40.0,26.0,5.0,9.0,1.0,4.0,22.0,1789.0,94.0,636.0
2026-407,Rotterdam,Hard,32,500,20260214,28,BK92,3.0,,Alexander Bublik,R,196.0,KAZ,28.663,MU94,,,Jaume Munar,R,183.0,ESP,28.78,6-4 6-7(4) 7-6(3),3,QF,162.0,10.0,7.0,113.0,61.0,50.0,31.0,17.0,10.0,11.0,8.0,1.0,110.0,61.0,48.0,26.0,17.0,4.0,6.0,10.0,3235.0,37.0,1185.0
2026-506,Buenos Aires,Clay,28,250,20260214,25,B0BI,4.0,,Sebastian Baez,R,170.0,ARG,25.131,U182,6,,Camilo Ugo Carabelli,R,185.0,ARG,26.664,7-6(5) 6-2,3,QF,119.0,1.0,1.0,67.0,46.0,32.0,15.0,10.0,5.0,7.0,2.0,4.0,94.0,56.0,37.0,14.0,10.0,9.0,13.0,34.0,1420.0,47.0,1028.0
2026-424,Dallas,Hard,32,500,20260215,31,S0S1,2.0,,Ben Shelton,L,193.0,USA,23.357,FB98,1,,Taylor Fritz,R,196.0,USA,28.304,3-6 6-3 7-5,3,F,111.0,16.0,0.0,89.0,63.0,42.0,17.0,15.0,5.0,7.0,14.0,1.0,73.0,49.0,43.0,10.0,15.0,2.0,5.0,9.0,3560.0,7.0,3940.0
2026-506,Buenos Aires,Clay,28,250,20260215,27,D0FJ,2.0,,Luciano Darderi,R,183.0,ITA,24.003,B0BI,4,,Sebastian Baez,R,170.0,ARG,25.133,7-6(2) 6-1,3,SF,78.0,3.0,0.0,51.0,32.0,27.0,15.0,9.0,0.0,0.0,1.0,1.0,65.0,47.0,27.0,11.0,10.0,1.0,4.0,22.0,1789.0,34.0,1420.0
2026-407,Rotterdam,Hard,32,500,20260215,31,DH58,1.0,,Alex De Minaur,R,183.0,AUS,26.995,AG37,2,,Felix Auger Aliassime,R,193.0,CAN,25.522,6-3 6-2,3,F,78.0,1.0,1.0,51.0,34.0,26.0,11.0,9.0,0.0,0.0,2.0,3.0,45.0,22.0,18.0,7.0,8.0,2.0,5.0,8.0,3835.0,6.0,3950.0
2026-424,Dallas,Hard,32,500,20260215,30,S0S1,2.0,,Ben Shelton,L,193.0,USA,23.354,SU55,7,,Denis Shapovalov,L,185.0,CAN,26.839,4-6 6-4 7-6(4),3,SF,156.0,8.0,4.0,113.0,81.0,59.0,18.0,16.0,10.0,11.0,4.0,2.0,109.0,68.0,50.0,25.0,16.0,5.0,6.0,9.0,3560.0,40.0,1160.0
2026-424,Dallas,Hard,32,500,20260215,29,FB98,1.0,,Taylor Fritz,R,196.0,USA,28.301,C977,,,Marin Cilic,R,198.0,CRO,37.383,7-6(5) 7-6(3),3,SF,122.0,22.0,0.0,75.0,56.0,48.0,11.0,12.0,0.0,0.0,16.0,8.0,97.0,54.0,44.0,21.0,12.0,5.0,5.0,7.0,3940.0,61.0,890.0
2026-407,Rotterdam,Hard,32,500,20260215,30,AG37,2.0,,Felix Auger Aliassime,R,193.0,CAN,25.522,BK92,3,,Alexander Bublik,R,196.0,KAZ,28.665,6-1 6-2,3,SF,54.0,7.0,3.0,40.0,28.0,27.0,6.0,8.0,0.0,0.0,4.0,1.0,44.0,30.0,16.0,5.0,7.0,2.0,6.0,6.0,3950.0,10.0,3235.0
2026-506,Buenos Aires,Clay,28,250,20260215,26,C0AU,1.0,,Francisco Cerundolo,R,185.0,ARG,27.51,EA24,7,,Tomas Martin Etcheverry,R,196.0,ARG,26.582,6-3 7-5,3,SF,111.0,3.0,0.0,67.0,42.0,35.0,14.0,11.0,1.0,1.0,4.0,1.0,64.0,39.0,25.0,14.0,10.0,3.0,5.0,19.0,2135.0,54.0,945.0
2026-506,Buenos Aires,Clay,28,250,20260215,28,C0AU,1.0,,Francisco Cerundolo,R,185.0,ARG,27.513,D0FJ,2,,Luciano Darderi,R,183.0,ITA,24.005,6-4 6-2,3,F,96.0,1.0,4.0,68.0,36.0,22.0,20.0,9.0,6.0,7.0,3.0,3.0,58.0,33.0,24.0,6.0,9.0,6.0,10.0,19.0,2135.0,22.0,1789.0
2026-499,Delray Beach,Hard,28,250,20260216,1,M0QI,,,Alex Michelsen,R,193.0,USA,21.478,VA25,6,,Valentin Vacherot,R,193.0,MON,27.253,7-6(4) 6-4,3,R32,88.0,5.0,2.0,58.0,39.0,36.0,13.0,11.0,0.0,0.0,10.0,3.0,65.0,43.0,36.0,11.0,11.0,2.0,3.0,41.0,1110.0,26.0,1605.0
2026-451,Doha,Hard,32,500,20260216,5,F0F1,,,Arthur Fils,R,185.0,FRA,21.681,MQ75,,,Kamil Majchrzak,R,183.0,POL,30.094,6-7(5) 6-3 6-4,3,R32,130.0,5.0,5.0,99.0,65.0,49.0,18.0,16.0,0.0,1.0,7.0,5.0,107.0,70.0,50.0,16.0,15.0,3.0,6.0,40.0,1110.0,56.0,920.0
2026-499,Delray Beach,Hard,28,250,20260216,2,A0GC,,,Terence Atmane,L,193.0,FRA,24.104,K0A3,,,Patrick Kypson,R,188.0,USA,26.305,6-3 2-6 6-4,3,R32,103.0,11.0,2.0,74.0,43.0,32.0,20.0,14.0,1.0,3.0,5.0,2.0,72.0,50.0,39.0,11.0,13.0,1.0,3.0,66.0,833.0,105.0,565.0
2026-451,Doha,Hard,32,500,20260216,3,S0AG,2.0,,Jannik Sinner,R,191.0,ITA,24.504,M0FH,,,Tomas Machac,R,183.0,CZE,25.35,6-1 6-4,3,R32,70.0,7.0,0.0,42.0,29.0,25.0,11.0,9.0,0.0,0.0,1.0,4.0,64.0,38.0,25.0,10.0,8.0,8.0,11.0,2.0,10300.0,31.0,1510.0
2026-451,Doha,Hard,32,500,20260216,2,P09Z,,,Alexei Popyrin,R,196.0,AUS,26.535,AC39,,,Mubarak Shannan Zayid,R,,QAT,30.845,6-0 6-2,3,R32,58.0,5.0,1.0,40.0,27.0,23.0,8.0,7.0,1.0,1.0,0.0,6.0,40.0,21.0,9.0,6.0,7.0,3.0,8.0,53.0,1000.0,,
2026-451,Doha,Hard,32,500,20260216,1,R0EB,,,Valentin Royer,R,188.0,FRA,24.72,H996,,,Pierre Hugues Herbert,R,188.0,FRA,34.919,6-0 6-3,3,R32,62.0,2.0,1.0,48.0,30.0,24.0,8.0,8.0,1.0,2.0,4.0,4.0,51.0,35.0,19.0,2.0,7.0,1.0,6.0,60.0,897.0,190.0,313.0
2026-451,Doha,Hard,32,500,20260216,4,M0NI,6.0,,Jakub Mensik,R,196.0,CZE,20.46,CH12,,,Jan Choinski,R,196.0,GBR,29.687,6-7(6) 6-2 6-4,3,R32,138.0,10.0,2.0,93.0,61.0,46.0,16.0,15.0,2.0,4.0,3.0,2.0,103.0,70.0,44.0,16.0,15.0,5.0,10.0,16.0,2425.0,124.0,498.0
2026-6932,Rio de Janeiro,Clay,32,500,20260216,1,T0A1,,,Thiago Agustin Tirante,R,185.0,ARG,24.854,GD64,,,Cristian Garin,R,185.0,CHI,29.717,7-5 6-3,3,R32,113.0,12.0,0.0,69.0,38.0,27.0,17.0,11.0,5.0,7.0,2.0,5.0,65.0,39.0,24.0,12.0,10.0,4.0,8.0,92.0,647.0,89.0,656.0
2026-451,Doha,Hard,32,500,20260216,6,MM58,4.0,,Daniil Medvedev,R,198.0,RUS,30.015,S0RE,,,Juncheng Shang,L,180.0,CHN,21.038,6-4 6-2,3,R32,75.0,6.0,1.0,53.0,42.0,33.0,7.0,9.0,1.0,1.0,1.0,2.0,59.0,39.0,25.0,8.0,9.0,5.0,8.0,11.0,3010.0,261.0,205.0
2026-499,Delray Beach,Hard,28,250,20260216,3,W0BH,,,Coleman Wong,R,191.0,HKG,21.697,BT72,,,Nuno Borges,R,185.0,POR,28.991,7-6(5) 4-6 6-3,3,R32,127.0,14.0,3.0,100.0,68.0,50.0,19.0,16.0,9.0,11.0,8.0,3.0,98.0,66.0,49.0,17.0,15.0,3.0,5.0,137.0,458.0,45.0,1070.0
2026-451,Doha,Hard,32,500,20260217,15,Z371,,,Zhizhen Zhang,R,193.0,CHN,29.339,CF59,,,Roberto Carballes Baena,R,183.0,ESP,32.906,6-4 6-4,3,R32,74.0,10.0,0.0,60.0,40.0,35.0,10.0,10.0,1.0,1.0,7.0,2.0,54.0,37.0,28.0,8.0,10.0,0.0,2.0,319.0,155.0,175.0,350.0
2026-451,Doha,Hard,32,500,20260217,9,L0BV,8.0,,Jiri Lehecka,R,185.0,CZE,24.277,B0CD,,,Jenson Brooksby,R,193.0,USA,25.311,6-3 6-3,3,R32,82.0,5.0,3.0,59.0,42.0,32.0,8.0,9.0,4.0,5.0,0.0,3.0,63.0,42.0,24.0,9.0,9.0,3.0,7.0,22.0,1860.0,47.0,1042.0
2026-451,Doha,Hard,32,500,20260217,10,BU13,,,Zizou Bergs,R,185.0,BEL,26.71,M0GZ,,,Giovanni Mpetshi Perricard,R,203.0,FRA,22.615,6-3 6-7(5) 6-4,3,R32,135.0,17.0,2.0,101.0,61.0,48.0,26.0,16.0,1.0,1.0,7.0,2.0,89.0,64.0,50.0,13.0,15.0,2.0,4.0,44.0,1080.0,58.0,905.0
2026-451,Doha,Hard,32,500,20260217,11,F724,,,Marton Fucsovics,R,188.0,HUN,34.026,HF80,,,Hady Habib,R,188.0,LBN,27.493,6-3 6-3,3,R32,70.0,1.0,2.0,52.0,39.0,26.0,9.0,9.0,2.0,3.0,1.0,6.0,55.0,29.0,20.0,10.0,9.0,3.0,7.0,61.0,891.0,334.0,143.0
2026-451,Doha,Hard,32,500,20260217,8,KE29,7.0,,Karen Khachanov,R,198.0,RUS,29.744,M0HU,,,Shintaro Mochizuki,R,175.0,JPN,22.713,6-1 3-6 6-4,3,R32,115.0,7.0,2.0,74.0,46.0,35.0,12.0,13.0,2.0,5.0,6.0,7.0,96.0,51.0,29.0,22.0,13.0,8.0,13.0,17.0,2360.0,117.0,525.0
2026-451,Doha,Hard,32,500,20260217,13,M0CI,,,Fabian Marozsan,R,193.0,HUN,26.363,HH26,,,Ugo Humbert,L,188.0,FRA,27.647,6-3 6-1,3,R32,57.0,1.0,1.0,39.0,30.0,26.0,6.0,8.0,0.0,0.0,1.0,2.0,47.0,25.0,14.0,11.0,8.0,3.0,7.0,48.0,1040.0,36.0,1285.0
2026-451,Doha,Hard,32,500,20260217,12,HB64,,,Quentin Halys,R,191.0,FRA,29.311,CD85,,,Pablo Carreno Busta,R,188.0,ESP,34.604,4-6 7-5 6-3,3,R32,143.0,14.0,2.0,91.0,47.0,40.0,23.0,16.0,5.0,7.0,4.0,0.0,94.0,62.0,40.0,18.0,15.0,1.0,4.0,72.0,762.0,123.0,504.0
2026-6932,Rio de Janeiro,Clay,32,500,20260217,6,TE30,,,Alejandro Tabilo,L,188.0,CHI,28.712,N0AM,,,Emilio Nava,R,185.0,USA,24.211,6-3 6-3,3,R32,63.0,3.0,0.0,42.0,35.0,29.0,7.0,9.0,0.0,0.0,6.0,3.0,53.0,38.0,25.0,6.0,9.0,4.0,7.0,68.0,808.0,76.0,710.0
2026-6932,Rio de Janeiro,Clay,32,500,20260217,5,KI82,,,Vit Kopriva,R,178.0,CZE,28.676,H0DU,,,Gustavo Heide,R,191.0,BRA,23.97,6-2 7-6(5),3,R32,109.0,2.0,1.0,65.0,42.0,30.0,17.0,10.0,7.0,8.0,1.0,1.0,66.0,36.0,23.0,16.0,10.0,2.0,5.0,87.0,660.0,258.0,207.0
2026-499,Delray Beach,Hard,28,250,20260217,4,TD51,8.0,,Frances Tiafoe,R,188.0,USA,28.077,H0BH,,,Rinky Hijikata,R,178.0,AUS,24.983,6-4 6-4,3,R32,73.0,6.0,0.0,48.0,34.0,32.0,9.0,10.0,1.0,1.0,5.0,1.0,59.0,34.0,24.0,15.0,10.0,5.0,7.0,28.0,1550.0,113.0,546.0
2026-6932,Rio de Janeiro,Clay,32,500,20260217,3,L987,,,Dusan Lajovic,R,183.0,SRB,35.636,AE14,7,,Daniel Altmaier,R,188.0,GER,27.433,6-4 7-6(7),3,R32,121.0,2.0,1.0,73.0,56.0,44.0,7.0,11.0,1.0,2.0,8.0,2.0,89.0,56.0,39.0,13.0,11.0,6.0,8.0,129.0,485.0,54.0,961.0
2026-6932,Rio de Janeiro,Clay,32,500,20260217,2,H997,,,Yannick Hanfmann,R,193.0,GER,34.264,R0A7,,,Joao Lucas Reis Da Silva,R,178.0,BRA,25.897,7-6(3) 6-4,3,R32,117.0,6.0,1.0,69.0,50.0,40.0,8.0,11.0,2.0,4.0,1.0,3.0,79.0,54.0,36.0,9.0,11.0,6.0,9.0,90.0,653.0,207.0,291.0
2026-499,Delray Beach,Hard,28,250,20260217,5,GC88,,,Marcos Giron,R,180.0,USA,32.569,SY67,,,Sho Shimabukuro,R,180.0,JPN,28.553,6-3 7-5,3,R32,86.0,2.0,2.0,75.0,40.0,28.0,25.0,11.0,9.0,9.0,10.0,2.0,59.0,39.0,30.0,7.0,10.0,3.0,5.0,64.0,855.0,135.0,466.0
2026-451,Doha,Hard,32,500,20260217,7,A0E2,1.0,,Carlos Alcaraz,R,183.0,ESP,22.79,RC91,,,Arthur Rinderknech,R,196.0,FRA,30.574,6-4 7-6(5),3,R32,107.0,2.0,1.0,69.0,53.0,45.0,8.0,11.0,2.0,2.0,6.0,1.0,83.0,56.0,42.0,13.0,11.0,5.0,6.0,1.0,13150.0,30.0,1530.0
2026-451,Doha,Hard,32,500,20260217,14,TE51,,,Stefanos Tsitsipas,R,193.0,GRE,27.518,EA13,,,Moez Echargui,R,178.0,TUN,33.103,6-4 6-4,3,R32,84.0,5.0,0.0,54.0,33.0,27.0,14.0,10.0,0.0,0.0,4.0,1.0,63.0,44.0,31.0,8.0,10.0,5.0,7.0,33.0,1485.0,139.0,449.0
2026-6932,Rio de Janeiro,Clay,32,500,20260217,4,B0ID,,,Ignacio Buse,R,183.0,PER,21.9,RD48,,,Igor Marcondes,L,185.0,BRA,28.674,4-6 7-5 6-4,3,R32,162.0,3.0,1.0,113.0,76.0,55.0,18.0,16.0,12.0,14.0,6.0,2.0,86.0,53.0,40.0,19.0,16.0,3.0,6.0,91.0,648.0,348.0,138.0
2026-6932,Rio de Janeiro,Clay,32,500,20260218,13,P0CT,,,Francesco Passaro,R,180.0,ITA,25.114,P0HW,,,Dino Prizmic,R,188.0,CRO,20.539,6-3 6-4,3,R32,106.0,3.0,0.0,55.0,32.0,25.0,12.0,9.0,3.0,4.0,2.0,3.0,71.0,39.0,24.0,16.0,10.0,9.0,13.0,163.0,376.0,122.0,507.0
2026-451,Doha,Hard,32,500,20260218,23,L0BV,8.0,,Jiri Lehecka,R,185.0,CZE,24.282,BU13,,,Zizou Bergs,R,185.0,BEL,26.716,6-2 6-1,3,R16,69.0,9.0,1.0,49.0,28.0,24.0,10.0,8.0,3.0,3.0,2.0,4.0,35.0,20.0,11.0,3.0,7.0,0.0,4.0,22.0,1860.0,44.0,1080.0
2026-451,Doha,Hard,32,500,20260218,22,KE29,7.0,,Karen Khachanov,R,198.0,RUS,29.749,F724,,,Marton Fucsovics,R,188.0,HUN,34.031,6-2 4-6 6-4,3,R16,121.0,7.0,1.0,77.0,55.0,46.0,10.0,14.0,5.0,6.0,6.0,2.0,85.0,53.0,39.0,15.0,14.0,3.0,6.0,17.0,2360.0,61.0,891.0
2026-499,Delray Beach,Hard,28,250,20260218,13,W0BH,,,Coleman Wong,R,191.0,HKG,21.706,N0AE,7,,Brandon Nakashima,R,188.0,USA,24.548,6-4 7-6(4),3,R16,88.0,13.0,0.0,64.0,38.0,32.0,14.0,11.0,2.0,3.0,11.0,0.0,63.0,46.0,33.0,9.0,11.0,2.0,4.0,137.0,458.0,29.0,1535.0
2026-451,Doha,Hard,32,500,20260218,24,F0F1,,,Arthur Fils,R,185.0,FRA,21.689,HB64,,,Quentin Halys,R,191.0,FRA,29.317,6-1 7-6(7),3,R16,89.0,5.0,2.0,62.0,42.0,31.0,14.0,10.0,5.0,6.0,5.0,1.0,70.0,38.0,23.0,17.0,9.0,4.0,7.0,40.0,1110.0,72.0,762.0
2026-6932,Rio de Janeiro,Clay,32,500,20260218,19,C0C8,,,Juan Manuel Cerundolo,L,183.0,ARG,24.263,H997,,,Yannick Hanfmann,R,193.0,GER,34.27,6-4 6-7(1) 6-4,3,R16,169.0,9.0,3.0,91.0,64.0,42.0,15.0,16.0,1.0,4.0,6.0,3.0,115.0,72.0,47.0,20.0,16.0,9.0,14.0,78.0,706.0,90.0,653.0
2026-6932,Rio de Janeiro,Clay,32,500,20260218,18,T0A1,,,Thiago Agustin Tirante,R,185.0,ARG,24.862,C0AU,1,,Francisco Cerundolo,R,185.0,ARG,27.521,6-2 3-1 RET,3,R16,73.0,7.0,0.0,37.0,24.0,19.0,8.0,6.0,1.0,1.0,0.0,2.0,52.0,31.0,14.0,12.0,6.0,6.0,9.0,92.0,647.0,19.0,2220.0
2026-451,Doha,Hard,32,500,20260218,17,A0E2,1.0,,Carlos Alcaraz,R,183.0,ESP,22.795,R0EB,,,Valentin Royer,R,188.0,FRA,24.728,6-2 7-5,3,R16,95.0,4.0,2.0,69.0,56.0,37.0,8.0,10.0,4.0,5.0,2.0,2.0,63.0,35.0,21.0,12.0,10.0,4.0,8.0,1.0,13150.0,60.0,897.0
2026-451,Doha,Hard,32,500,20260218,18,S0AG,2.0,,Jannik Sinner,R,191.0,ITA,24.512,P09Z,,,Alexei Popyrin,R,196.0,AUS,26.543,6-3 7-5,3,R16,84.0,7.0,0.0,58.0,43.0,34.0,11.0,11.0,0.0,0.0,4.0,0.0,51.0,33.0,24.0,12.0,10.0,1.0,3.0,2.0,10300.0,53.0,1000.0
2026-6932,Rio de Janeiro,Clay,32,500,20260218,16,D923,,,Damir Dzumhur,R,175.0,BIH,33.749,MO44,,,Pedro Martinez,R,185.0,ESP,28.816,0-6 7-6(5) 6-4,3,R32,159.0,1.0,0.0,91.0,65.0,37.0,10.0,14.0,6.0,12.0,4.0,4.0,81.0,52.0,34.0,14.0,14.0,1.0,5.0,62.0,877.0,101.0,586.0
2026-6932,Rio de Janeiro,Clay,32,500,20260218,15,F0F2,,,Jaime Faria,R,188.0,POR,22.538,B0BI,4,,Sebastian Baez,R,170.0,ARG,25.142,7-5 6-1,3,R32,95.0,2.0,2.0,54.0,35.0,28.0,8.0,10.0,1.0,3.0,2.0,5.0,68.0,47.0,29.0,3.0,9.0,6.0,11.0,147.0,425.0,32.0,1495.0
2026-499,Delray Beach,Hard,28,250,20260218,12,PL56,5.0,,Tommy Paul,R,185.0,USA,28.758,MW02,,,Corentin Moutet,L,180.0,FRA,26.836,4-6 6-3 6-4,3,R32,150.0,11.0,2.0,82.0,56.0,45.0,12.0,15.0,2.0,5.0,4.0,6.0,111.0,72.0,44.0,20.0,14.0,17.0,21.0,24.0,1700.0,34.0,1383.0
2026-6932,Rio de Janeiro,Clay,32,500,20260218,17,G0FW,,,Vilius Gaubas,R,178.0,LTU,21.139,M0WY,,,Luis Guto Miguel,R,180.0,BRA,16.977,6-3 2-6 6-2,3,R32,131.0,0.0,2.0,80.0,61.0,36.0,12.0,13.0,1.0,3.0,1.0,1.0,84.0,59.0,43.0,10.0,12.0,7.0,10.0,126.0,490.0,1593.0,3.0
2026-451,Doha,Hard,32,500,20260218,19,TE51,,,Stefanos Tsitsipas,R,193.0,GRE,27.524,MM58,4,,Daniil Medvedev,R,198.0,RUS,30.023,6-3 6-4,3,R16,76.0,4.0,1.0,60.0,45.0,36.0,8.0,10.0,0.0,0.0,3.0,4.0,60.0,39.0,27.0,10.0,9.0,5.0,7.0,33.0,1485.0,11.0,3010.0
2026-499,Delray Beach,Hard,28,250,20260218,9,K0AH,,,Sebastian Korda,R,196.0,USA,25.624,MK66,,,Mackenzie Mcdonald,R,178.0,USA,30.845,6-4 7-5,3,R32,88.0,14.0,0.0,58.0,44.0,38.0,8.0,11.0,2.0,2.0,2.0,3.0,73.0,47.0,30.0,16.0,11.0,1.0,3.0,50.0,1020.0,116.0,535.0
2026-499,Delray Beach,Hard,28,250,20260218,7,N0AE,7.0,,Brandon Nakashima,R,188.0,USA,24.545,C977,,,Marin Cilic,R,198.0,CRO,37.391,7-6(4) 7-6(5),3,R32,132.0,13.0,0.0,87.0,56.0,47.0,17.0,12.0,1.0,1.0,8.0,1.0,89.0,58.0,47.0,15.0,12.0,2.0,2.0,29.0,1535.0,43.0,1090.0
2026-499,Delray Beach,Hard,28,250,20260218,8,J0DZ,,,Rafael Jodar,R,191.0,ESP,19.422,Q02L,,,Ethan Quinn,R,191.0,USA,21.938,6-2 6-3,3,R32,78.0,2.0,2.0,51.0,30.0,18.0,13.0,8.0,1.0,3.0,4.0,3.0,64.0,44.0,27.0,4.0,9.0,4.0,10.0,118.0,523.0,70.0,776.0
2026-451,Doha,Hard,32,500,20260218,16,RE44,5.0,,Andrey Rublev,R,188.0,RUS,28.331,D0C1,,,Jesper De Jong,R,180.0,NED,25.72,6-4 6-3,3,R32,78.0,4.0,2.0,54.0,34.0,22.0,10.0,9.0,2.0,4.0,5.0,1.0,59.0,36.0,22.0,9.0,10.0,3.0,8.0,14.0,2510.0,86.0,665.0
2026-499,Delray Beach,Hard,28,250,20260218,6,KI95,,,Miomir Kecmanovic,R,183.0,SRB,26.47,B0GG,,,Mattia Bellucci,L,175.0,ITA,24.717,6-1 6-4,3,R32,62.0,3.0,1.0,42.0,27.0,23.0,13.0,9.0,0.0,0.0,3.0,3.0,49.0,29.0,18.0,8.0,8.0,1.0,4.0,83.0,670.0,109.0,553.0
2026-6932,Rio de Janeiro,Clay,32,500,20260218,11,EA24,8.0,,Tomas Martin Etcheverry,R,196.0,ARG,26.59,C0DF,,,Francisco Comesana,R,178.0,ARG,25.369,3-6 6-3 6-4,3,R32,156.0,6.0,2.0,81.0,54.0,39.0,17.0,14.0,3.0,4.0,8.0,4.0,80.0,51.0,41.0,15.0,14.0,3.0,5.0,51.0,1020.0,63.0,869.0
2026-6932,Rio de Janeiro,Clay,32,500,20260218,12,BK40,,,Matteo Berrettini,R,196.0,ITA,29.854,BS86,,,Tomas Barrios Vera,R,191.0,CHI,28.192,7-6(1) 7-5,3,R32,145.0,6.0,2.0,75.0,48.0,38.0,18.0,12.0,5.0,5.0,3.0,0.0,88.0,68.0,43.0,12.0,12.0,5.0,6.0,57.0,910.0,107.0,563.0
2026-451,Doha,Hard,32,500,20260218,21,M0NI,6.0,,Jakub Mensik,R,196.0,CZE,20.468,Z371,,,Zhizhen Zhang,R,193.0,CHN,29.344,6-3 6-2,3,R16,66.0,7.0,1.0,47.0,30.0,24.0,12.0,9.0,0.0,0.0,2.0,3.0,57.0,34.0,21.0,10.0,8.0,9.0,12.0,16.0,2425.0,319.0,155.0
2026-499,Delray Beach,Hard,28,250,20260218,14,C0E9,3.0,,Flavio Cobolli,R,183.0,ITA,23.792,A0GC,,,Terence Atmane,L,193.0,FRA,24.112,7-5 6-4,3,R16,101.0,9.0,2.0,67.0,37.0,32.0,15.0,11.0,1.0,2.0,9.0,4.0,72.0,38.0,26.0,16.0,11.0,4.0,7.0,20.0,1955.0,66.0,833.0
2026-451,Doha,Hard,32,500,20260218,20,RE44,5.0,,Andrey Rublev,R,188.0,RUS,28.334,M0CI,,,Fabian Marozsan,R,193.0,HUN,26.368,6-2 6-4,3,R16,67.0,6.0,0.0,47.0,25.0,22.0,15.0,9.0,0.0,0.0,4.0,4.0,58.0,32.0,17.0,16.0,9.0,2.0,5.0,14.0,2510.0,48.0,1040.0
2026-6932,Rio de Janeiro,Clay,32,500,20260218,9,C0C8,,,Juan Manuel Cerundolo,L,183.0,ARG,24.26,D0FJ,2,,Luciano Darderi,R,183.0,ITA,24.011,6-1 3-6 6-4,3,R32,137.0,4.0,2.0,90.0,66.0,44.0,13.0,13.0,6.0,8.0,1.0,2.0,76.0,47.0,34.0,11.0,13.0,7.0,11.0,78.0,706.0,21.0,1904.0
2026-6932,Rio de Janeiro,Clay,32,500,20260218,8,C0AU,1.0,,Francisco Cerundolo,R,185.0,ARG,27.518,N0BS,,,Mariano Navone,R,178.0,ARG,24.975,6-3 6-4,3,R32,91.0,1.0,2.0,68.0,43.0,31.0,12.0,10.0,10.0,12.0,0.0,2.0,50.0,33.0,22.0,5.0,9.0,1.0,5.0,19.0,2220.0,74.0,750.0
2026-6932,Rio de Janeiro,Clay,32,500,20260218,7,F0FV,3.0,,Joao Fonseca,R,188.0,BRA,19.496,MJ08,,,Thiago Monteiro,L,183.0,BRA,31.721,7-6(1) 6-1,3,R32,94.0,7.0,1.0,60.0,43.0,36.0,10.0,10.0,0.0,0.0,9.0,2.0,61.0,42.0,31.0,5.0,9.0,3.0,5.0,38.0,1190.0,208.0,290.0
2026-499,Delray Beach,Hard,28,250,20260218,11,W09E,,,Adam Walton,R,183.0,AUS,26.842,D0F6,,,Gabriel Diallo,R,203.0,CAN,24.402,7-6(4) 6-3,3,R32,90.0,5.0,0.0,71.0,54.0,40.0,10.0,11.0,1.0,1.0,4.0,1.0,58.0,44.0,32.0,7.0,10.0,0.0,1.0,93.0,643.0,39.0,1175.0
2026-499,Delray Beach,Hard,28,250,20260218,10,S0K7,,,Zachary Svajda,R,175.0,USA,23.222,K0AZ,,,Aleksandar Kovacevic,R,183.0,USA,27.474,7-6(4) 6-3,3,R32,88.0,17.0,2.0,91.0,54.0,46.0,18.0,11.0,9.0,9.0,14.0,4.0,54.0,31.0,29.0,12.0,10.0,2.0,3.0,106.0,563.0,75.0,746.0
2026-6932,Rio de Janeiro,Clay,32,500,20260218,10,B0FV,,,Roman Andres Burruchaga,R,183.0,ARG,24.071,U182,5,,Camilo Ugo Carabelli,R,185.0,ARG,26.675,6-3 6-4,3,R32,96.0,5.0,3.0,63.0,44.0,34.0,11.0,10.0,3.0,3.0,2.0,4.0,64.0,32.0,19.0,19.0,9.0,1.0,3.0,102.0,580.0,46.0,1068.0
2026-6932,Rio de Janeiro,Clay,32,500,20260218,20,KI82,,,Vit Kopriva,R,178.0,CZE,28.682,B0FV,,,Roman Andres Burruchaga,R,183.0,ARG,24.074,6-3 6-1,3,R16,88.0,3.0,2.0,59.0,38.0,26.0,14.0,8.0,6.0,6.0,6.0,2.0,53.0,29.0,19.0,9.0,8.0,4.0,8.0,87.0,660.0,102.0,580.0
2026-451,Doha,Hard,32,500,20260219,26,RE44,5.0,,Andrey Rublev,R,188.0,RUS,28.334,TE51,,,Stefanos Tsitsipas,R,193.0,GRE,27.524,6-3 7-6(2),3,QF,95.0,5.0,2.0,71.0,43.0,34.0,16.0,10.0,5.0,5.0,8.0,1.0,61.0,39.0,31.0,9.0,11.0,0.0,2.0,14.0,2510.0,33.0,1485.0
2026-451,Doha,Hard,32,500,20260219,27,A0E2,1.0,,Carlos Alcaraz,R,183.0,ESP,22.795,KE29,7,,Karen Khachanov,R,198.0,RUS,29.749,6-7(3) 6-4 6-3,3,QF,146.0,8.0,2.0,91.0,64.0,49.0,18.0,15.0,3.0,3.0,4.0,2.0,111.0,78.0,55.0,18.0,16.0,7.0,10.0,1.0,13150.0,17.0,2360.0
2026-499,Delray Beach,Hard,28,250,20260219,16,K0AH,,,Sebastian Korda,R,196.0,USA,25.626,M0QI,,,Alex Michelsen,R,193.0,USA,21.487,6-3 7-6(6),3,R16,106.0,10.0,2.0,70.0,44.0,34.0,12.0,10.0,5.0,7.0,7.0,2.0,85.0,66.0,42.0,9.0,11.0,9.0,13.0,50.0,1020.0,41.0,1110.0
2026-499,Delray Beach,Hard,28,250,20260219,15,RH16,2.0,,Casper Ruud,R,183.0,NOR,27.162,GC88,,,Marcos Giron,R,180.0,USA,32.575,4-6 7-6(6) 6-4,3,R16,142.0,20.0,0.0,105.0,75.0,55.0,18.0,16.0,3.0,4.0,9.0,2.0,94.0,63.0,48.0,20.0,16.0,5.0,6.0,13.0,2625.0,64.0,855.0
2026-451,Doha,Hard,32,500,20260219,25,F0F1,,,Arthur Fils,R,185.0,FRA,21.689,L0BV,8,,Jiri Lehecka,R,185.0,CZE,24.282,6-3 6-3,3,QF,89.0,3.0,0.0,67.0,46.0,32.0,8.0,9.0,4.0,6.0,2.0,2.0,69.0,45.0,23.0,10.0,9.0,5.0,10.0,40.0,1110.0,22.0,1860.0
2026-6932,Rio de Janeiro,Clay,32,500,20260219,21,TE30,,,Alejandro Tabilo,L,188.0,CHI,28.717,P0CT,,,Francesco Passaro,R,180.0,ITA,25.117,4-6 7-6(0) 6-2,3,R16,141.0,4.0,0.0,78.0,50.0,43.0,15.0,15.0,4.0,6.0,4.0,1.0,96.0,68.0,43.0,15.0,15.0,5.0,8.0,68.0,808.0,163.0,376.0
2026-451,Doha,Hard,32,500,20260219,28,M0NI,6.0,,Jakub Mensik,R,196.0,CZE,20.468,S0AG,2,,Jannik Sinner,R,191.0,ITA,24.512,7-6(3) 2-6 6-3,3,QF,131.0,11.0,4.0,85.0,60.0,49.0,9.0,14.0,5.0,7.0,6.0,1.0,90.0,57.0,41.0,21.0,15.0,2.0,4.0,16.0,2425.0,2.0,10300.0
2026-499,Delray Beach,Hard,28,250,20260219,17,T0HA,4.0,,Learner Tien,L,180.0,USA,20.216,KI95,,,Miomir Kecmanovic,R,183.0,SRB,26.472,6-4 6-7(4) 7-6(5),3,R16,135.0,20.0,5.0,105.0,65.0,55.0,20.0,17.0,5.0,7.0,12.0,2.0,120.0,76.0,54.0,24.0,17.0,5.0,8.0,23.0,1710.0,83.0,670.0
2026-6932,Rio de Janeiro,Clay,32,500,20260219,22,F0F2,,,Jaime Faria,R,188.0,POR,22.541,D923,,,Damir Dzumhur,R,175.0,BIH,33.752,7-6(1) 6-4,3,R16,123.0,2.0,2.0,65.0,37.0,31.0,17.0,11.0,1.0,2.0,1.0,2.0,75.0,51.0,34.0,13.0,11.0,9.0,11.0,147.0,425.0,62.0,877.0
2026-499,Delray Beach,Hard,28,250,20260220,20,TD51,8.0,,Frances Tiafoe,R,188.0,USA,28.085,S0K7,,,Zachary Svajda,R,175.0,USA,23.228,6-4 3-6 7-5,3,R16,141.0,5.0,3.0,91.0,57.0,44.0,20.0,15.0,5.0,6.0,14.0,4.0,111.0,69.0,49.0,23.0,16.0,3.0,5.0,28.0,1550.0,106.0,563.0
2026-499,Delray Beach,Hard,28,250,20260220,19,PL56,5.0,,Tommy Paul,R,185.0,USA,28.764,W09E,,,Adam Walton,R,183.0,AUS,26.847,7-6(11) 6-3,3,R16,97.0,10.0,2.0,69.0,42.0,34.0,16.0,11.0,0.0,1.0,7.0,0.0,76.0,56.0,33.0,13.0,10.0,6.0,8.0,24.0,1700.0,93.0,643.0
2026-6932,Rio de Janeiro,Clay,32,500,20260220,24,EA24,8.0,,Tomas Martin Etcheverry,R,196.0,ARG,26.595,G0FW,,,Vilius Gaubas,R,178.0,LTU,21.144,7-6(1) 6-4,3,R16,127.0,7.0,0.0,67.0,47.0,32.0,12.0,11.0,0.0,2.0,1.0,3.0,74.0,60.0,36.0,5.0,11.0,2.0,5.0,51.0,1020.0,126.0,490.0
2026-6932,Rio de Janeiro,Clay,32,500,20260220,23,B0ID,,,Ignacio Buse,R,183.0,PER,21.908,F0FV,3,,Joao Fonseca,R,188.0,BRA,19.502,5-7 6-3 6-4,3,R16,146.0,8.0,5.0,96.0,59.0,45.0,21.0,16.0,8.0,9.0,2.0,3.0,90.0,55.0,40.0,20.0,15.0,4.0,6.0,91.0,648.0,38.0,1190.0
2026-499,Delray Beach,Hard,28,250,20260220,18,FB98,1.0,,Taylor Fritz,R,196.0,USA,28.315,J0DZ,,,Rafael Jodar,R,191.0,ESP,19.428,7-6(4) 6-4,3,R16,106.0,15.0,0.0,68.0,49.0,41.0,8.0,11.0,2.0,3.0,3.0,0.0,94.0,67.0,41.0,15.0,11.0,6.0,8.0,8.0,4220.0,118.0,523.0
2026-6932,Rio de Janeiro,Clay,32,500,20260220,25,BK40,,,Matteo Berrettini,R,196.0,ITA,29.859,L987,,,Dusan Lajovic,R,183.0,SRB,35.644,3-6 6-4 6-2,3,R16,129.0,7.0,3.0,78.0,56.0,44.0,9.0,13.0,4.0,6.0,6.0,0.0,89.0,64.0,41.0,13.0,14.0,4.0,8.0,57.0,910.0,129.0,485.0
2026-499,Delray Beach,Hard,28,250,20260220,21,C0E9,3.0,,Flavio Cobolli,R,183.0,ITA,23.795,W0BH,,,Coleman Wong,R,191.0,HKG,21.708,7-5 6-7(7) 6-2,3,QF,134.0,11.0,0.0,92.0,49.0,40.0,29.0,16.0,2.0,3.0,15.0,2.0,105.0,62.0,42.0,25.0,16.0,4.0,8.0,20.0,1955.0,137.0,458.0
2026-451,Doha,Hard,32,500,20260220,29,A0E2,1.0,,Carlos Alcaraz,R,183.0,ESP,22.798,RE44,5,,Andrey Rublev,R,188.0,RUS,28.337,7-6(3) 6-4,3,SF,122.0,3.0,2.0,96.0,65.0,40.0,15.0,11.0,9.0,13.0,1.0,1.0,78.0,46.0,29.0,13.0,11.0,6.0,11.0,1.0,13150.0,14.0,2510.0
2026-451,Doha,Hard,32,500,20260220,30,F0F1,,,Arthur Fils,R,185.0,FRA,21.692,M0NI,6,,Jakub Mensik,R,196.0,CZE,20.471,6-4 7-6(4),3,SF,95.0,5.0,1.0,81.0,54.0,39.0,16.0,11.0,7.0,8.0,8.0,5.0,63.0,37.0,30.0,13.0,11.0,3.0,5.0,40.0,1110.0,16.0,2425.0
2026-6932,Rio de Janeiro,Clay,32,500,20260220,26,KI82,,,Vit Kopriva,R,178.0,CZE,28.684,C0C8,,,Juan Manuel Cerundolo,L,183.0,ARG,24.266,6-4 6-4,3,QF,97.0,6.0,4.0,54.0,37.0,32.0,8.0,10.0,0.0,0.0,3.0,4.0,73.0,48.0,31.0,13.0,10.0,6.0,8.0,87.0,660.0,78.0,706.0
2026-6932,Rio de Janeiro,Clay,32,500,20260221,27,TE30,,,Alejandro Tabilo,L,188.0,CHI,28.723,T0A1,,,Thiago Agustin Tirante,R,185.0,ARG,24.868,7-6(2) 6-7(6) 6-1,3,QF,172.0,7.0,3.0,97.0,65.0,53.0,17.0,16.0,0.0,2.0,12.0,1.0,106.0,64.0,44.0,21.0,15.0,4.0,8.0,68.0,808.0,92.0,647.0
2026-451,Doha,Hard,32,500,20260221,31,A0E2,1.0,,Carlos Alcaraz,R,183.0,ESP,22.801,F0F1,,,Arthur Fils,R,185.0,FRA,21.695,6-2 6-1,3,F,50.0,5.0,1.0,33.0,27.0,24.0,4.0,7.0,0.0,0.0,0.0,0.0,43.0,31.0,14.0,5.0,8.0,2.0,7.0,1.0,13150.0,40.0,1110.0
2026-6932,Rio de Janeiro,Clay,32,500,20260221,28,EA24,8.0,,Tomas Martin Etcheverry,R,196.0,ARG,26.598,F0F2,,,Jaime Faria,R,188.0,POR,22.546,7-6(4) 6-4,3,QF,123.0,9.0,1.0,73.0,50.0,40.0,10.0,11.0,5.0,5.0,9.0,2.0,67.0,42.0,31.0,13.0,11.0,1.0,2.0,51.0,1020.0,147.0,425.0
2026-499,Delray Beach,Hard,28,250,20260221,23,K0AH,,,Sebastian Korda,R,196.0,USA,25.632,RH16,2,,Casper Ruud,R,183.0,NOR,27.168,4-6 6-2 6-2,3,QF,126.0,10.0,3.0,81.0,47.0,34.0,20.0,13.0,3.0,4.0,3.0,1.0,92.0,58.0,36.0,16.0,13.0,4.0,8.0,50.0,1020.0,13.0,2625.0
2026-499,Delray Beach,Hard,28,250,20260221,22,PL56,5.0,,Tommy Paul,R,185.0,USA,28.767,FB98,1,,Taylor Fritz,R,196.0,USA,28.318,6-4 6-3,3,QF,76.0,6.0,0.0,56.0,41.0,34.0,7.0,9.0,3.0,3.0,10.0,3.0,70.0,52.0,34.0,6.0,10.0,8.0,11.0,24.0,1700.0,8.0,4220.0
2026-6932,Rio de Janeiro,Clay,32,500,20260221,29,B0ID,,,Ignacio Buse,R,183.0,PER,21.911,BK40,,,Matteo Berrettini,R,196.0,ITA,29.862,6-3 2-6 6-3,3,QF,139.0,3.0,1.0,78.0,51.0,37.0,17.0,13.0,4.0,6.0,9.0,2.0,83.0,55.0,40.0,12.0,13.0,4.0,7.0,91.0,648.0,57.0,910.0
2026-499,Delray Beach,Hard,28,250,20260221,24,T0HA,4.0,,Learner Tien,L,180.0,USA,20.222,TD51,8,,Frances Tiafoe,R,188.0,USA,28.088,7-6(5) 3-6 7-5,3,QF,139.0,13.0,3.0,97.0,64.0,44.0,13.0,16.0,7.0,13.0,11.0,1.0,98.0,64.0,42.0,17.0,17.0,1.0,7.0,23.0,1710.0,28.0,1550.0
2026-499,Delray Beach,Hard,28,250,20260222,27,K0AH,,,Sebastian Korda,R,196.0,USA,25.634,PL56,5,,Tommy Paul,R,185.0,USA,28.769,6-4 6-3,3,F,82.0,9.0,2.0,60.0,40.0,33.0,9.0,10.0,5.0,6.0,5.0,2.0,58.0,39.0,26.0,7.0,9.0,3.0,6.0,50.0,1020.0,24.0,1700.0
2026-6932,Rio de Janeiro,Clay,32,500,20260222,30,EA24,8.0,,Tomas Martin Etcheverry,R,196.0,ARG,26.601,KI82,,,Vit Kopriva,R,178.0,CZE,28.69,4-6 7-6(2) 7-6(4),3,SF,237.0,9.0,2.0,107.0,62.0,52.0,25.0,17.0,0.0,1.0,8.0,3.0,118.0,75.0,59.0,22.0,17.0,4.0,4.0,51.0,1020.0,87.0,660.0
2026-499,Delray Beach,Hard,28,250,20260222,26,PL56,5.0,,Tommy Paul,R,185.0,USA,28.769,T0HA,4,,Learner Tien,L,180.0,USA,20.225,4-6 6-4 6-3,3,SF,134.0,15.0,2.0,114.0,70.0,50.0,23.0,15.0,7.0,8.0,5.0,2.0,96.0,51.0,40.0,20.0,14.0,3.0,5.0,24.0,1700.0,23.0,1710.0
2026-6932,Rio de Janeiro,Clay,32,500,20260222,31,TE30,,,Alejandro Tabilo,L,188.0,CHI,28.726,B0ID,,,Ignacio Buse,R,183.0,PER,21.914,6-3 6-3,3,SF,72.0,2.0,0.0,44.0,27.0,23.0,11.0,9.0,1.0,2.0,5.0,3.0,53.0,32.0,20.0,8.0,9.0,4.0,8.0,68.0,808.0,91.0,648.0
2026-499,Delray Beach,Hard,28,250,20260222,25,K0AH,,,Sebastian Korda,R,196.0,USA,25.634,C0E9,3,,Flavio Cobolli,R,183.0,ITA,23.8,7-6(1) 6-1,3,SF,76.0,12.0,0.0,49.0,32.0,27.0,14.0,9.0,0.0,0.0,5.0,1.0,66.0,38.0,27.0,11.0,10.0,4.0,7.0,50.0,1020.0,20.0,1955.0
2026-8996,Santiago,Clay,28,250,20260223,2,PH64,,,Andrea Pellegrino,R,185.0,ITA,28.923,B0GY,,,Alex Barrena,R,175.0,ARG,23.373,6-2 2-6 6-1,3,R32,112.0,3.0,1.0,57.0,33.0,24.0,15.0,11.0,0.0,2.0,5.0,3.0,88.0,38.0,24.0,23.0,12.0,7.0,12.0,137.0,447.0,183.0,336.0
2026-8996,Santiago,Clay,28,250,20260223,1,H997,,,Yannick Hanfmann,R,193.0,GER,34.281,L987,,,Dusan Lajovic,R,183.0,SRB,35.652,6-0 6-3,3,R32,74.0,5.0,4.0,58.0,34.0,23.0,14.0,8.0,2.0,3.0,0.0,2.0,43.0,26.0,10.0,8.0,7.0,4.0,9.0,81.0,695.0,116.0,541.0
2026-495,Dubai,Hard,32,500,20260223,4,D0CO,4.0,,Jack Draper,L,193.0,GBR,24.172,HB64,,,Quentin Halys,R,191.0,FRA,29.328,7-6(8) 6-3,3,R32,97.0,13.0,1.0,72.0,50.0,43.0,13.0,11.0,3.0,3.0,9.0,1.0,76.0,52.0,38.0,13.0,10.0,4.0,5.0,15.0,2460.0,68.0,800.0
2026-495,Dubai,Hard,32,500,20260223,2,W367,,,Stan Wawrinka,R,183.0,SUI,40.909,HG94,,,Benjamin Hassan,R,183.0,LBN,31.053,7-5 6-3,3,R32,71.0,9.0,2.0,61.0,32.0,28.0,19.0,11.0,3.0,3.0,5.0,2.0,59.0,41.0,29.0,8.0,10.0,1.0,3.0,99.0,599.0,289.0,180.0
2026-495,Dubai,Hard,32,500,20260223,1,M0GZ,,,Giovanni Mpetshi Perricard,R,203.0,FRA,22.631,EA13,,,Moez Echargui,R,178.0,TUN,33.12,7-6(3) 6-7(3) 7-6(4),3,R32,155.0,29.0,2.0,112.0,85.0,66.0,17.0,18.0,3.0,4.0,16.0,2.0,111.0,65.0,52.0,30.0,18.0,1.0,2.0,58.0,905.0,139.0,449.0
2026-6932,Rio de Janeiro,Clay,32,500,20260223,32,EA24,8.0,,Tomas Martin Etcheverry,R,196.0,ARG,26.604,TE30,,,Alejandro Tabilo,L,188.0,CHI,28.728,3-6 7-6(3) 6-4,3,F,184.0,14.0,4.0,105.0,67.0,48.0,16.0,15.0,6.0,9.0,11.0,0.0,107.0,70.0,49.0,18.0,16.0,6.0,9.0,51.0,1020.0,68.0,808.0
2026-495,Dubai,Hard,32,500,20260223,3,AG37,1.0,,Felix Auger Aliassime,R,193.0,CAN,25.544,Z371,,,Zhizhen Zhang,R,193.0,CHN,29.355,6-3 7-6(4),3,R32,110.0,11.0,3.0,63.0,46.0,36.0,10.0,10.0,4.0,4.0,10.0,1.0,91.0,56.0,40.0,15.0,11.0,9.0,11.0,8.0,4080.0,263.0,205.0
2026-8996,Santiago,Clay,28,250,20260224,6,M0K4,,,Elmer Moller,R,183.0,DEN,22.631,B0FV,,,Roman Andres Burruchaga,R,183.0,ARG,24.088,7-6(4) 0-6 6-4,3,R32,145.0,2.0,13.0,96.0,54.0,27.0,21.0,14.0,7.0,15.0,4.0,5.0,98.0,62.0,38.0,17.0,14.0,5.0,11.0,127.0,509.0,96.0,617.0
2026-8996,Santiago,Clay,28,250,20260224,5,G0FW,,,Vilius Gaubas,R,178.0,LTU,21.155,S0EK,,,Matias Soto,R,170.0,CHI,26.831,6-2 6-3,3,R32,95.0,5.0,0.0,58.0,45.0,30.0,9.0,9.0,2.0,3.0,1.0,6.0,65.0,28.0,14.0,18.0,8.0,4.0,8.0,107.0,558.0,316.0,157.0
2026-495,Dubai,Hard,32,500,20260224,16,P09Z,,,Alexei Popyrin,R,196.0,AUS,26.557,MQ75,,,Kamil Majchrzak,R,183.0,POL,30.116,3-6 6-3 7-5,3,R32,112.0,10.0,0.0,75.0,54.0,42.0,13.0,15.0,0.0,2.0,4.0,2.0,81.0,42.0,34.0,18.0,15.0,2.0,5.0,47.0,1050.0,56.0,920.0
2026-495,Dubai,Hard,32,500,20260224,15,M0NI,6.0,,Jakub Mensik,R,196.0,CZE,20.482,HB71,,,Hubert Hurkacz,R,196.0,POL,29.035,6-4 7-6(7),3,R32,88.0,11.0,3.0,64.0,37.0,36.0,15.0,11.0,0.0,0.0,10.0,2.0,73.0,49.0,39.0,11.0,11.0,2.0,3.0,13.0,2595.0,73.0,775.0
2026-495,Dubai,Hard,32,500,20260224,14,RE44,5.0,,Andrey Rublev,R,188.0,RUS,28.348,R0EB,,,Valentin Royer,R,188.0,FRA,24.742,6-3 6-4,3,R32,89.0,9.0,2.0,58.0,36.0,29.0,12.0,9.0,2.0,2.0,5.0,1.0,72.0,45.0,24.0,16.0,10.0,13.0,16.0,18.0,2210.0,54.0,935.0
2026-495,Dubai,Hard,32,500,20260224,13,RC91,,,Arthur Rinderknech,R,196.0,FRA,30.593,M0CI,,,Fabian Marozsan,R,193.0,HUN,26.382,3-6 6-3 6-4,3,R32,113.0,13.0,0.0,79.0,58.0,45.0,10.0,14.0,0.0,1.0,7.0,2.0,90.0,52.0,38.0,19.0,14.0,5.0,7.0,31.0,1530.0,50.0,1040.0
2026-495,Dubai,Hard,32,500,20260224,12,HH26,,,Ugo Humbert,L,188.0,FRA,27.666,TE51,,,Stefanos Tsitsipas,R,193.0,GRE,27.537,6-4 7-5,3,R32,85.0,7.0,1.0,64.0,48.0,37.0,11.0,11.0,3.0,3.0,6.0,2.0,56.0,36.0,31.0,9.0,11.0,3.0,5.0,37.0,1285.0,30.0,1535.0
2026-495,Dubai,Hard,32,500,20260224,11,GJ37,,,Tallon Griekspoor,R,188.0,NED,29.648,V0AM,,,Otto Virtanen,R,193.0,FIN,24.679,6-3 6-4,3,R32,74.0,6.0,2.0,59.0,35.0,28.0,16.0,10.0,0.0,0.0,10.0,0.0,50.0,28.0,21.0,9.0,9.0,0.0,2.0,25.0,1655.0,131.0,475.0
2026-807,Acapulco,Hard,32,500,20260224,7,N0AE,,,Brandon Nakashima,R,188.0,USA,24.561,Y218,,,Elias Ymer,R,185.0,SWE,29.875,6-3 6-4,3,R32,79.0,5.0,1.0,57.0,36.0,29.0,13.0,10.0,1.0,1.0,7.0,0.0,52.0,38.0,26.0,9.0,9.0,3.0,5.0,29.0,1535.0,190.0,328.0
2026-807,Acapulco,Hard,32,500,20260224,6,K0AZ,,,Aleksandar Kovacevic,R,183.0,USA,27.491,W09E,,,Adam Walton,R,183.0,AUS,26.858,7-6(1) 7-6(3),3,R32,118.0,15.0,3.0,83.0,51.0,39.0,19.0,12.0,5.0,6.0,6.0,1.0,86.0,57.0,40.0,15.0,12.0,6.0,7.0,75.0,746.0,87.0,669.0
2026-807,Acapulco,Hard,32,500,20260224,5,KI95,,,Miomir Kecmanovic,R,183.0,SRB,26.486,S0N0,,,Tristan Schoolkate,R,183.0,AUS,24.994,6-2 6-2,3,R32,63.0,7.0,2.0,49.0,34.0,29.0,7.0,8.0,4.0,4.0,4.0,3.0,52.0,35.0,21.0,5.0,8.0,2.0,6.0,84.0,685.0,108.0,556.0
2026-807,Acapulco,Hard,32,500,20260224,4,VA25,6.0,,Valentin Vacherot,R,193.0,MON,27.274,W0BH,,,Coleman Wong,R,191.0,HKG,21.719,4-6 6-3 6-2,3,R32,117.0,13.0,1.0,81.0,54.0,42.0,13.0,14.0,0.0,1.0,7.0,2.0,86.0,56.0,35.0,19.0,13.0,7.0,10.0,27.0,1591.0,125.0,515.0
2026-807,Acapulco,Hard,32,500,20260224,3,DH50,4.0,,Alejandro Davidovich Fokina,R,180.0,ESP,26.724,AE14,,,Daniel Altmaier,R,188.0,GER,27.452,7-5 6-3,3,R32,94.0,1.0,0.0,59.0,45.0,33.0,7.0,10.0,2.0,3.0,8.0,1.0,63.0,37.0,28.0,8.0,11.0,3.0,7.0,14.0,2470.0,53.0,961.0
2026-807,Acapulco,Hard,32,500,20260224,2,K0A3,,,Patrick Kypson,R,188.0,USA,26.327,DH58,2,,Alex De Minaur,R,183.0,AUS,27.019,6-1 6-7(4) 7-6(4),3,R32,159.0,8.0,1.0,99.0,68.0,48.0,22.0,16.0,0.0,1.0,10.0,2.0,95.0,56.0,40.0,21.0,15.0,2.0,5.0,103.0,565.0,6.0,4235.0
2026-807,Acapulco,Hard,32,500,20260224,1,J0DZ,,,Rafael Jodar,R,191.0,ESP,19.439,N771,7,,Cameron Norrie,L,188.0,GBR,30.508,6-3 6-2,3,R32,55.0,5.0,0.0,44.0,31.0,25.0,11.0,9.0,0.0,0.0,2.0,1.0,40.0,33.0,20.0,3.0,8.0,2.0,5.0,114.0,548.0,26.0,1603.0
2026-8996,Santiago,Clay,28,250,20260224,3,P0HW,,,Dino Prizmic,R,188.0,CRO,20.556,J551,,,Nicolas Jarry,R,201.0,CHI,30.374,6-3 5-7 6-2,3,R32,157.0,7.0,4.0,86.0,47.0,33.0,23.0,15.0,1.0,4.0,4.0,3.0,89.0,61.0,37.0,14.0,14.0,8.0,13.0,120.0,529.0,155.0,391.0
2026-495,Dubai,Hard,32,500,20260224,6,MM58,3.0,,Daniil Medvedev,R,198.0,RUS,30.037,S0RE,,,Juncheng Shang,L,180.0,CHN,21.06,6-1 6-3,3,R32,66.0,10.0,3.0,49.0,36.0,29.0,6.0,8.0,3.0,3.0,0.0,0.0,48.0,33.0,17.0,7.0,8.0,1.0,5.0,11.0,2960.0,262.0,205.0
2026-495,Dubai,Hard,32,500,20260224,10,L0BV,8.0,,Jiri Lehecka,R,185.0,CZE,24.296,N0BG,,,Luca Nardi,R,185.0,ITA,22.554,4-6 6-4 6-2,3,R32,122.0,5.0,2.0,84.0,51.0,38.0,19.0,14.0,4.0,5.0,4.0,0.0,86.0,60.0,39.0,16.0,14.0,10.0,13.0,24.0,1760.0,109.0,554.0
2026-495,Dubai,Hard,32,500,20260224,8,BK92,2.0,,Alexander Bublik,R,196.0,KAZ,28.69,SL28,,,Jan Lennard Struff,R,193.0,GER,35.836,6-3 6-4,3,R32,65.0,12.0,2.0,52.0,35.0,29.0,10.0,9.0,3.0,3.0,9.0,2.0,58.0,44.0,30.0,6.0,10.0,0.0,3.0,10.0,3405.0,80.0,706.0
2026-495,Dubai,Hard,32,500,20260224,9,KE29,7.0,,Karen Khachanov,R,198.0,RUS,29.763,S0H2,,,Alexander Shevchenko,R,188.0,KAZ,25.238,6-7(5) 6-2 6-3,3,R32,132.0,4.0,3.0,97.0,63.0,49.0,21.0,15.0,5.0,5.0,12.0,3.0,88.0,50.0,35.0,23.0,14.0,4.0,7.0,16.0,2450.0,92.0,656.0
2026-8996,Santiago,Clay,28,250,20260224,4,C0DF,7.0,,Francisco Comesana,R,178.0,ARG,25.385,MO44,,,Pedro Martinez,R,185.0,ESP,28.832,6-4 2-6 7-6(4),3,R32,171.0,12.0,7.0,87.0,57.0,39.0,14.0,15.0,0.0,4.0,1.0,4.0,99.0,60.0,43.0,19.0,15.0,5.0,8.0,82.0,694.0,101.0,586.0
2026-495,Dubai,Hard,32,500,20260224,5,B0CD,,,Jenson Brooksby,R,193.0,USA,25.331,BU13,,,Zizou Bergs,R,185.0,BEL,26.73,6-3 6-4,3,R32,94.0,3.0,3.0,63.0,34.0,29.0,15.0,10.0,1.0,1.0,4.0,4.0,58.0,30.0,22.0,14.0,9.0,3.0,5.0,49.0,1042.0,46.0,1080.0
2026-495,Dubai,Hard,32,500,20260224,7,CD85,,,Pablo Carreno Busta,R,188.0,ESP,34.623,SU55,,,Denis Shapovalov,L,185.0,CAN,26.864,6-2 6-4,3,R32,77.0,0.0,2.0,65.0,45.0,28.0,12.0,9.0,7.0,9.0,8.0,4.0,54.0,29.0,18.0,9.0,9.0,4.0,9.0,124.0,516.0,36.0,1350.0
2026-495,Dubai,Hard,32,500,20260225,17,MM58,3.0,,Daniil Medvedev,R,198.0,RUS,30.04,W367,,,Stan Wawrinka,R,183.0,SUI,40.914,6-2 6-3,3,R16,73.0,7.0,1.0,43.0,32.0,24.0,3.0,8.0,1.0,3.0,3.0,2.0,67.0,34.0,20.0,10.0,9.0,6.0,12.0,11.0,2960.0,99.0,599.0
2026-807,Acapulco,Hard,32,500,20260225,15,SY67,,,Sho Shimabukuro,R,180.0,JPN,28.575,ME82,,,Adrian Mannarino,L,180.0,FRA,37.659,6-3 6-4,3,R32,78.0,3.0,2.0,57.0,36.0,25.0,15.0,10.0,2.0,3.0,5.0,4.0,55.0,30.0,22.0,11.0,9.0,2.0,5.0,130.0,479.0,51.0,1025.0
2026-807,Acapulco,Hard,32,500,20260225,14,B0GG,,,Mattia Bellucci,L,175.0,ITA,24.736,H0BH,,,Rinky Hijikata,R,178.0,AUS,25.005,7-6(5) 6-3,3,R32,124.0,6.0,2.0,64.0,34.0,24.0,13.0,10.0,3.0,7.0,1.0,5.0,81.0,39.0,28.0,12.0,11.0,4.0,10.0,110.0,553.0,115.0,547.0
2026-807,Acapulco,Hard,32,500,20260225,13,A0GC,,,Terence Atmane,L,193.0,FRA,24.129,D875,,,Grigor Dimitrov,R,191.0,BUL,34.782,6-3 6-3,3,R32,82.0,5.0,0.0,50.0,35.0,29.0,8.0,9.0,2.0,2.0,4.0,4.0,63.0,40.0,31.0,6.0,9.0,6.0,9.0,63.0,858.0,44.0,1105.0
2026-807,Acapulco,Hard,32,500,20260225,12,TD51,8.0,,Frances Tiafoe,R,188.0,USA,28.099,BT72,,,Nuno Borges,R,185.0,POR,29.016,6-4 6-4,3,R32,90.0,4.0,0.0,61.0,40.0,29.0,14.0,10.0,4.0,5.0,12.0,2.0,66.0,40.0,28.0,11.0,10.0,4.0,7.0,28.0,1590.0,48.0,1045.0
2026-807,Acapulco,Hard,32,500,20260225,11,C0E9,5.0,,Flavio Cobolli,R,183.0,ITA,23.808,P0J1,,,Rodrigo Pacheco Mendez,L,191.0,MEX,20.838,7-6(3) 7-6(3),3,R32,118.0,10.0,6.0,79.0,37.0,32.0,22.0,12.0,2.0,5.0,5.0,1.0,79.0,54.0,36.0,14.0,12.0,6.0,9.0,20.0,2030.0,218.0,270.0
2026-807,Acapulco,Hard,32,500,20260225,10,WB32,,,Yibing Wu,R,183.0,CHN,26.368,RH16,3,,Casper Ruud,R,183.0,NOR,27.179,7-6(2) 7-6(1),3,R32,125.0,6.0,0.0,79.0,49.0,37.0,20.0,12.0,4.0,5.0,12.0,3.0,81.0,55.0,40.0,14.0,12.0,6.0,7.0,142.0,434.0,12.0,2665.0
2026-807,Acapulco,Hard,32,500,20260225,9,Z355,1.0,,Alexander Zverev,R,198.0,GER,28.851,MW02,,,Corentin Moutet,L,180.0,FRA,26.856,6-2 6-4,3,R32,91.0,7.0,0.0,48.0,38.0,30.0,6.0,9.0,0.0,0.0,2.0,1.0,64.0,43.0,25.0,12.0,9.0,4.0,7.0,4.0,4555.0,35.0,1383.0
2026-807,Acapulco,Hard,32,500,20260225,8,MC65,,,Gael Monfils,R,193.0,FRA,39.485,D923,,,Damir Dzumhur,R,175.0,BIH,33.769,6-4 7-6(5),3,R32,112.0,8.0,8.0,70.0,38.0,29.0,14.0,11.0,3.0,6.0,0.0,2.0,82.0,48.0,28.0,14.0,11.0,6.0,10.0,170.0,360.0,60.0,877.0
2026-495,Dubai,Hard,32,500,20260225,21,B0CD,,,Jenson Brooksby,R,193.0,USA,25.333,KE29,7,,Karen Khachanov,R,198.0,RUS,29.766,7-6(6) 6-4,3,R16,103.0,4.0,1.0,74.0,48.0,36.0,19.0,11.0,0.0,0.0,7.0,1.0,65.0,47.0,37.0,10.0,11.0,0.0,1.0,49.0,1042.0,16.0,2450.0
2026-807,Acapulco,Hard,32,500,20260225,16,S0GD,,,Dalibor Svrcina,R,178.0,CZE,23.4,D994,,,James Duckworth,R,183.0,AUS,34.097,6-4 6-1,3,R32,92.0,2.0,3.0,48.0,26.0,21.0,11.0,8.0,1.0,2.0,5.0,10.0,77.0,38.0,23.0,15.0,9.0,5.0,10.0,123.0,519.0,83.0,691.0
2026-8996,Santiago,Clay,28,250,20260225,8,N0AM,,,Emilio Nava,R,185.0,USA,24.233,BK40,6,,Matteo Berrettini,R,196.0,ITA,29.873,6-3 6-4,3,R32,86.0,4.0,4.0,63.0,38.0,32.0,13.0,10.0,3.0,3.0,3.0,2.0,50.0,37.0,27.0,6.0,9.0,2.0,4.0,79.0,710.0,57.0,910.0
2026-8996,Santiago,Clay,28,250,20260225,7,TE30,8.0,,Alejandro Tabilo,L,188.0,CHI,28.734,BS86,,,Tomas Barrios Vera,R,191.0,CHI,28.211,7-5 6-3,3,R32,99.0,7.0,0.0,59.0,45.0,34.0,9.0,11.0,2.0,3.0,2.0,4.0,71.0,42.0,25.0,15.0,10.0,5.0,8.0,42.0,1113.0,112.0,551.0
2026-8996,Santiago,Clay,28,250,20260225,10,N0BS,,,Mariano Navone,R,178.0,ARG,24.994,KI82,,,Vit Kopriva,R,178.0,CZE,28.698,3-6 6-0 3-1 RET,3,R32,90.0,0.0,4.0,50.0,31.0,20.0,12.0,10.0,1.0,4.0,1.0,7.0,62.0,32.0,20.0,11.0,9.0,6.0,11.0,77.0,725.0,65.0,848.0
2026-8996,Santiago,Clay,28,250,20260225,11,T0A1,,,Thiago Agustin Tirante,R,185.0,ARG,24.879,B0ID,,,Ignacio Buse,R,183.0,PER,21.922,2-6 7-6(0) 7-6(2),3,R32,174.0,13.0,6.0,102.0,61.0,44.0,19.0,16.0,2.0,7.0,5.0,6.0,111.0,62.0,44.0,24.0,16.0,8.0,11.0,76.0,739.0,66.0,848.0
2026-8996,Santiago,Clay,28,250,20260225,12,V0DP,,,Adolfo Daniel Vallejo,R,183.0,PAR,21.829,P0CT,,,Francesco Passaro,R,180.0,ITA,25.133,6-3 3-3 RET,3,R32,57.0,2.0,1.0,39.0,24.0,18.0,7.0,7.0,3.0,5.0,2.0,3.0,52.0,37.0,19.0,6.0,8.0,5.0,9.0,106.0,561.0,144.0,431.0
2026-8996,Santiago,Clay,28,250,20260225,9,GD64,,,Cristian Garin,R,185.0,CHI,29.741,C0C8,,,Juan Manuel Cerundolo,L,183.0,ARG,24.279,3-6 6-3 6-3,3,R32,141.0,2.0,6.0,92.0,53.0,34.0,16.0,14.0,5.0,10.0,2.0,2.0,73.0,48.0,26.0,13.0,13.0,7.0,13.0,93.0,656.0,70.0,781.0
2026-495,Dubai,Hard,32,500,20260225,23,RE44,5.0,,Andrey Rublev,R,188.0,RUS,28.35,HH26,,,Ugo Humbert,L,188.0,FRA,27.669,6-4 6-7(5) 6-3,3,R16,143.0,15.0,7.0,98.0,63.0,55.0,17.0,16.0,4.0,4.0,17.0,4.0,103.0,62.0,48.0,20.0,15.0,7.0,9.0,18.0,2210.0,37.0,1285.0
2026-495,Dubai,Hard,32,500,20260225,18,M0NI,6.0,,Jakub Mensik,R,196.0,CZE,20.485,P09Z,,,Alexei Popyrin,R,196.0,AUS,26.56,6-3 6-2,3,R16,64.0,7.0,2.0,49.0,29.0,24.0,12.0,9.0,0.0,0.0,4.0,0.0,46.0,28.0,17.0,8.0,8.0,2.0,5.0,13.0,2595.0,47.0,1050.0
2026-495,Dubai,Hard,32,500,20260225,20,GJ37,,,Tallon Griekspoor,R,188.0,NED,29.651,BK92,2,,Alexander Bublik,R,196.0,KAZ,28.693,6-3 7-6(4),3,R16,81.0,14.0,0.0,61.0,40.0,35.0,15.0,11.0,3.0,3.0,12.0,2.0,64.0,42.0,31.0,12.0,10.0,2.0,3.0,25.0,1655.0,10.0,3405.0
2026-495,Dubai,Hard,32,500,20260225,19,AG37,1.0,,Felix Auger Aliassime,R,193.0,CAN,25.55,M0GZ,,,Giovanni Mpetshi Perricard,R,203.0,FRA,22.637,6-4 6-4,3,R16,81.0,8.0,3.0,49.0,35.0,29.0,9.0,10.0,2.0,3.0,11.0,1.0,61.0,41.0,28.0,8.0,10.0,2.0,5.0,8.0,4080.0,58.0,905.0
2026-8996,Santiago,Clay,28,250,20260225,13,H997,,,Yannick Hanfmann,R,193.0,GER,34.286,U182,4,,Camilo Ugo Carabelli,R,185.0,ARG,26.694,6-4 6-3,3,R16,96.0,5.0,1.0,63.0,37.0,26.0,15.0,10.0,0.0,1.0,4.0,7.0,71.0,48.0,31.0,9.0,9.0,4.0,7.0,81.0,695.0,59.0,880.0
2026-495,Dubai,Hard,32,500,20260225,22,L0BV,8.0,,Jiri Lehecka,R,185.0,CZE,24.298,CD85,,,Pablo Carreno Busta,R,188.0,ESP,34.626,7-6(6) 6-4,3,R16,111.0,16.0,2.0,85.0,54.0,40.0,16.0,11.0,8.0,10.0,5.0,0.0,67.0,45.0,27.0,14.0,11.0,2.0,5.0,24.0,1760.0,124.0,516.0
2026-495,Dubai,Hard,32,500,20260226,28,GJ37,,,Tallon Griekspoor,R,188.0,NED,29.654,M0NI,6,,Jakub Mensik,R,196.0,CZE,20.487,6-3 3-6 6-2,3,QF,102.0,6.0,3.0,69.0,41.0,34.0,16.0,13.0,0.0,1.0,16.0,1.0,70.0,47.0,32.0,12.0,13.0,0.0,3.0,25.0,1655.0,13.0,2595.0
2026-807,Acapulco,Hard,32,500,20260226,17,VA25,6.0,,Valentin Vacherot,R,193.0,MON,27.28,MC65,,,Gael Monfils,R,193.0,FRA,39.488,6-3 6-3,3,R16,68.0,8.0,1.0,48.0,32.0,29.0,9.0,9.0,0.0,0.0,5.0,3.0,61.0,38.0,26.0,8.0,9.0,10.0,13.0,27.0,1591.0,170.0,360.0
2026-8996,Santiago,Clay,28,250,20260226,18,C0AU,1.0,,Francisco Cerundolo,R,185.0,ARG,27.54,M0K4,,,Elmer Moller,R,183.0,DEN,22.637,6-2 6-2,3,R16,70.0,3.0,2.0,47.0,28.0,25.0,9.0,8.0,0.0,0.0,1.0,4.0,46.0,29.0,17.0,7.0,8.0,3.0,7.0,19.0,2170.0,127.0,509.0
2026-8996,Santiago,Clay,28,250,20260226,17,N0AM,,,Emilio Nava,R,185.0,USA,24.235,V0DP,,,Adolfo Daniel Vallejo,R,183.0,PAR,21.832,7-5 6-3,3,R16,89.0,12.0,3.0,66.0,48.0,41.0,7.0,11.0,8.0,9.0,3.0,2.0,67.0,42.0,25.0,13.0,10.0,3.0,6.0,79.0,710.0,106.0,561.0
2026-495,Dubai,Hard,32,500,20260226,27,AG37,1.0,,Felix Auger Aliassime,R,193.0,CAN,25.552,L0BV,8,,Jiri Lehecka,R,185.0,CZE,24.301,6-3 7-6(2),3,QF,112.0,16.0,2.0,64.0,42.0,35.0,13.0,10.0,2.0,2.0,7.0,0.0,95.0,63.0,42.0,15.0,11.0,7.0,9.0,8.0,4080.0,24.0,1760.0
2026-495,Dubai,Hard,32,500,20260226,26,RE44,5.0,,Andrey Rublev,R,188.0,RUS,28.353,RC91,,,Arthur Rinderknech,R,196.0,FRA,30.598,6-2 6-4,3,QF,75.0,5.0,1.0,51.0,29.0,23.0,12.0,9.0,1.0,2.0,7.0,3.0,60.0,32.0,19.0,11.0,9.0,3.0,7.0,18.0,2210.0,31.0,1530.0
2026-495,Dubai,Hard,32,500,20260226,25,MM58,3.0,,Daniil Medvedev,R,198.0,RUS,30.042,B0CD,,,Jenson Brooksby,R,193.0,USA,25.336,6-2 6-1,3,QF,56.0,7.0,0.0,42.0,35.0,27.0,4.0,7.0,0.0,0.0,0.0,2.0,46.0,36.0,17.0,4.0,8.0,6.0,11.0,11.0,2960.0,49.0,1042.0
2026-8996,Santiago,Clay,28,250,20260226,16,G0FW,,,Vilius Gaubas,R,178.0,LTU,21.161,P0HW,,,Dino Prizmic,R,188.0,CRO,20.561,5-7 7-5 6-3,3,R16,182.0,0.0,6.0,101.0,62.0,45.0,19.0,17.0,2.0,5.0,9.0,5.0,104.0,65.0,47.0,16.0,16.0,9.0,13.0,107.0,558.0,120.0,529.0
2026-8996,Santiago,Clay,28,250,20260226,15,PH64,,,Andrea Pellegrino,R,185.0,ITA,28.931,C0DF,7,,Francisco Comesana,R,178.0,ARG,25.391,7-6(3) 6-7(2) 6-3,3,R16,171.0,3.0,5.0,109.0,54.0,38.0,34.0,16.0,4.0,6.0,9.0,11.0,111.0,64.0,53.0,18.0,17.0,3.0,7.0,137.0,447.0,82.0,694.0
2026-8996,Santiago,Clay,28,250,20260226,14,D0FJ,2.0,,Luciano Darderi,R,183.0,ITA,24.033,N0BS,,,Mariano Navone,R,178.0,ARG,24.997,6-3 3-6 6-4,3,R16,146.0,2.0,3.0,98.0,51.0,37.0,21.0,14.0,9.0,13.0,1.0,6.0,86.0,54.0,35.0,11.0,14.0,7.0,12.0,21.0,1904.0,77.0,725.0
2026-807,Acapulco,Hard,32,500,20260226,24,WB32,,,Yibing Wu,R,183.0,CHN,26.371,SY67,,,Sho Shimabukuro,R,180.0,JPN,28.578,6-3 7-6(4),3,R16,88.0,7.0,2.0,68.0,43.0,35.0,17.0,11.0,1.0,1.0,14.0,1.0,59.0,40.0,33.0,10.0,10.0,0.0,1.0,142.0,434.0,130.0,479.0
2026-807,Acapulco,Hard,32,500,20260226,23,N0AE,,,Brandon Nakashima,R,188.0,USA,24.567,K0A3,,,Patrick Kypson,R,188.0,USA,26.333,6-4 6-4,3,R16,94.0,11.0,0.0,59.0,39.0,35.0,9.0,10.0,2.0,2.0,3.0,4.0,69.0,43.0,32.0,9.0,10.0,4.0,6.0,29.0,1535.0,103.0,565.0
2026-807,Acapulco,Hard,32,500,20260226,22,A0GC,,,Terence Atmane,L,193.0,FRA,24.131,J0DZ,,,Rafael Jodar,R,191.0,ESP,19.444,6-2 4-6 6-1,3,R16,101.0,6.0,1.0,75.0,49.0,37.0,17.0,13.0,3.0,4.0,3.0,0.0,66.0,44.0,29.0,10.0,12.0,1.0,5.0,63.0,858.0,114.0,548.0
2026-807,Acapulco,Hard,32,500,20260226,21,TD51,8.0,,Frances Tiafoe,R,188.0,USA,28.101,K0AZ,,,Aleksandar Kovacevic,R,183.0,USA,27.496,6-4 3-6 7-6(7),3,R16,138.0,9.0,0.0,89.0,56.0,42.0,24.0,15.0,1.0,2.0,19.0,3.0,96.0,62.0,47.0,23.0,16.0,3.0,4.0,28.0,1590.0,75.0,746.0
2026-807,Acapulco,Hard,32,500,20260226,20,C0E9,5.0,,Flavio Cobolli,R,183.0,ITA,23.811,S0GD,,,Dalibor Svrcina,R,178.0,CZE,23.403,6-4 6-4,3,R16,109.0,8.0,3.0,71.0,43.0,37.0,11.0,10.0,6.0,6.0,2.0,1.0,74.0,43.0,26.0,21.0,10.0,5.0,7.0,20.0,2030.0,123.0,519.0
2026-807,Acapulco,Hard,32,500,20260226,19,B0GG,,,Mattia Bellucci,L,175.0,ITA,24.739,DH50,4,,Alejandro Davidovich Fokina,R,180.0,ESP,26.729,6-3 6-3,3,R16,73.0,10.0,0.0,45.0,33.0,30.0,8.0,9.0,1.0,1.0,2.0,1.0,57.0,40.0,23.0,8.0,9.0,2.0,5.0,110.0,553.0,14.0,2470.0
2026-807,Acapulco,Hard,32,500,20260226,18,KI95,,,Miomir Kecmanovic,R,183.0,SRB,26.491,Z355,1,,Alexander Zverev,R,198.0,GER,28.854,6-3 6-7(3) 7-6(4),3,R16,155.0,13.0,3.0,104.0,69.0,56.0,22.0,17.0,2.0,3.0,17.0,2.0,93.0,65.0,53.0,15.0,16.0,2.0,4.0,84.0,685.0,4.0,4555.0
2026-495,Dubai,Hard,32,500,20260226,24,RC91,,,Arthur Rinderknech,R,196.0,FRA,30.598,D0CO,4,,Jack Draper,L,193.0,GBR,24.181,7-5 6-7(4) 6-4,3,R16,146.0,20.0,0.0,108.0,77.0,65.0,13.0,17.0,2.0,2.0,11.0,3.0,99.0,65.0,52.0,22.0,17.0,4.0,6.0,31.0,1530.0,15.0,2460.0
2026-8996,Santiago,Clay,28,250,20260227,21,C0AU,1.0,,Francisco Cerundolo,R,185.0,ARG,27.543,N0AM,,,Emilio Nava,R,185.0,USA,24.238,6-1 6-1,3,QF,66.0,1.0,1.0,41.0,26.0,21.0,9.0,7.0,2.0,2.0,2.0,2.0,56.0,34.0,17.0,7.0,7.0,8.0,13.0,19.0,2170.0,79.0,710.0
2026-807,Acapulco,Hard,32,500,20260227,28,KI95,,,Miomir Kecmanovic,R,183.0,SRB,26.494,A0GC,,,Terence Atmane,L,193.0,FRA,24.134,6-3 6-3,3,QF,90.0,5.0,0.0,48.0,29.0,23.0,13.0,9.0,0.0,1.0,6.0,2.0,74.0,45.0,26.0,13.0,9.0,9.0,13.0,84.0,685.0,63.0,858.0
2026-8996,Santiago,Clay,28,250,20260227,19,TE30,8.0,,Alejandro Tabilo,L,188.0,CHI,28.739,T0A1,,,Thiago Agustin Tirante,R,185.0,ARG,24.884,4-6 6-3 6-3,3,R16,127.0,7.0,2.0,73.0,45.0,33.0,19.0,14.0,1.0,3.0,6.0,5.0,94.0,58.0,40.0,16.0,14.0,8.0,12.0,42.0,1113.0,76.0,739.0
2026-495,Dubai,Hard,32,500,20260227,29,GJ37,,,Tallon Griekspoor,R,188.0,NED,29.656,RE44,5,,Andrey Rublev,R,188.0,RUS,28.356,7-5 7-6(6),3,SF,105.0,19.0,2.0,82.0,57.0,42.0,17.0,12.0,6.0,6.0,20.0,2.0,70.0,47.0,40.0,13.0,12.0,0.0,1.0,25.0,1655.0,18.0,2210.0
2026-495,Dubai,Hard,32,500,20260227,30,MM58,3.0,,Daniil Medvedev,R,198.0,RUS,30.045,AG37,1,,Felix Auger Aliassime,R,193.0,CAN,25.555,6-4 6-2,3,SF,83.0,7.0,2.0,43.0,26.0,23.0,13.0,9.0,0.0,0.0,7.0,2.0,64.0,44.0,28.0,8.0,9.0,1.0,4.0,11.0,2960.0,8.0,4080.0
2026-807,Acapulco,Hard,32,500,20260227,25,N0AE,,,Brandon Nakashima,R,188.0,USA,24.569,VA25,6,,Valentin Vacherot,R,193.0,MON,27.283,2-6 6-2 6-3,3,QF,107.0,8.0,1.0,70.0,51.0,40.0,9.0,13.0,2.0,4.0,9.0,1.0,77.0,53.0,38.0,12.0,12.0,4.0,7.0,29.0,1535.0,27.0,1591.0
2026-807,Acapulco,Hard,32,500,20260227,27,TD51,8.0,,Frances Tiafoe,R,188.0,USA,28.104,B0GG,,,Mattia Bellucci,L,175.0,ITA,24.742,6-3 6-4,3,QF,106.0,5.0,3.0,79.0,53.0,34.0,11.0,9.0,8.0,10.0,6.0,3.0,62.0,42.0,22.0,11.0,10.0,3.0,8.0,28.0,1590.0,110.0,553.0
2026-8996,Santiago,Clay,28,250,20260227,20,B0BI,3.0,,Sebastian Baez,R,170.0,ARG,25.166,GD64,,,Cristian Garin,R,185.0,CHI,29.747,7-6(2) 1-6 7-5,3,R16,153.0,2.0,4.0,115.0,82.0,53.0,17.0,15.0,11.0,15.0,6.0,2.0,97.0,65.0,50.0,12.0,16.0,5.0,8.0,52.0,1005.0,93.0,656.0
2026-807,Acapulco,Hard,32,500,20260227,26,C0E9,5.0,,Flavio Cobolli,R,183.0,ITA,23.814,WB32,,,Yibing Wu,R,183.0,CHN,26.374,7-6(4) 6-1,3,QF,95.0,10.0,4.0,74.0,36.0,30.0,20.0,10.0,8.0,8.0,1.0,0.0,55.0,37.0,26.0,9.0,9.0,1.0,3.0,20.0,2030.0,142.0,434.0
2026-8996,Santiago,Clay,28,250,20260227,22,H997,,,Yannick Hanfmann,R,193.0,GER,34.292,G0FW,,,Vilius Gaubas,R,178.0,LTU,21.164,3-6 6-2 6-2,3,QF,132.0,5.0,4.0,77.0,46.0,34.0,18.0,12.0,6.0,8.0,4.0,1.0,93.0,70.0,43.0,7.0,13.0,10.0,15.0,81.0,695.0,107.0,558.0
2026-8996,Santiago,Clay,28,250,20260228,23,D0FJ,2.0,,Luciano Darderi,R,183.0,ITA,24.038,PH64,,,Andrea Pellegrino,R,185.0,ITA,28.936,6-3 3-6 6-2,3,QF,121.0,7.0,1.0,69.0,35.0,30.0,17.0,13.0,2.0,4.0,0.0,3.0,94.0,49.0,32.0,20.0,13.0,9.0,13.0,21.0,1904.0,137.0,447.0
2026-807,Acapulco,Hard,32,500,20260228,29,TD51,8.0,,Frances Tiafoe,R,188.0,USA,28.107,N0AE,,,Brandon Nakashima,R,188.0,USA,24.572,3-6 7-6(6) 6-4,3,SF,171.0,7.0,2.0,106.0,62.0,45.0,19.0,15.0,6.0,10.0,16.0,1.0,101.0,68.0,48.0,18.0,16.0,7.0,11.0,28.0,1590.0,29.0,1535.0
2026-8996,Santiago,Clay,28,250,20260228,24,B0BI,3.0,,Sebastian Baez,R,170.0,ARG,25.169,TE30,8,,Alejandro Tabilo,L,188.0,CHI,28.742,7-6(2) 6-1,3,QF,81.0,1.0,3.0,70.0,53.0,40.0,11.0,10.0,3.0,3.0,6.0,0.0,52.0,33.0,24.0,8.0,9.0,2.0,4.0,52.0,1005.0,42.0,1113.0
2026-807,Acapulco,Hard,32,500,20260228,30,C0E9,5.0,,Flavio Cobolli,R,183.0,ITA,23.817,KI95,,,Miomir Kecmanovic,R,183.0,SRB,26.497,7-6(5) 3-6 6-4,3,SF,146.0,13.0,3.0,95.0,49.0,36.0,23.0,15.0,4.0,8.0,7.0,2.0,96.0,57.0,42.0,21.0,16.0,4.0,8.0,20.0,2030.0,84.0,685.0
2026-495,Dubai,Hard,32,500,20260228,31,MM58,3.0,,Daniil Medvedev,R,198.0,RUS,30.048,GJ37,,,Tallon Griekspoor,R,188.0,NED,29.659,W/O,3,F,113.0,19.0,1.0,81.0,51.0,45.0,21.0,16.0,0.0,1.0,9.0,0.0,92.0,72.0,57.0,8.0,15.0,2.0,3.0,11.0,2960.0,25.0,1655.0
2026-8996,Santiago,Clay,28,250,20260301,25,H997,,,Yannick Hanfmann,R,193.0,GER,34.297,C0AU,1,,Francisco Cerundolo,R,185.0,ARG,27.548,6-3 6-4,3,SF,84.0,0.0,0.0,58.0,34.0,27.0,16.0,10.0,2.0,2.0,5.0,2.0,54.0,39.0,27.0,7.0,9.0,1.0,3.0,81.0,695.0,19.0,2170.0
2026-8996,Santiago,Clay,28,250,20260301,26,D0FJ,2.0,,Luciano Darderi,R,183.0,ITA,24.041,B0BI,3,,Sebastian Baez,R,170.0,ARG,25.172,6-4 6-3,3,SF,89.0,2.0,5.0,68.0,31.0,22.0,18.0,10.0,4.0,6.0,0.0,4.0,51.0,31.0,20.0,9.0,9.0,3.0,7.0,21.0,1904.0,52.0,1005.0
2026-807,Acapulco,Hard,32,500,20260301,31,C0E9,5.0,,Flavio Cobolli,R,183.0,ITA,23.819,TD51,8,,Frances Tiafoe,R,188.0,USA,28.11,7-6(4) 6-4,3,F,129.0,10.0,2.0,72.0,53.0,42.0,9.0,11.0,2.0,3.0,6.0,1.0,84.0,48.0,35.0,16.0,11.0,4.0,6.0,20.0,2030.0,28.0,1590.0
2026-8996,Santiago,Clay,28,250,20260302,27,D0FJ,2.0,,Luciano Darderi,R,183.0,ITA,24.044,H997,,,Yannick Hanfmann,R,193.0,GER,34.3,7-6(6) 7-5,3,F,107.0,6.0,3.0,71.0,49.0,39.0,13.0,12.0,2.0,4.0,10.0,2.0,71.0,45.0,32.0,14.0,12.0,3.0,6.0,21.0,1904.0,81.0,695.0
2026-404,Indian Wells Masters,Hard,96,M,20260304,3,O522,,,Reilly Opelka,R,211.0,USA,28.517,Q02L,,,Ethan Quinn,R,191.0,USA,21.979,7-5 7-6(3),3,R128,101.0,17.0,6.0,67.0,46.0,39.0,13.0,12.0,4.0,5.0,5.0,3.0,85.0,53.0,38.0,14.0,12.0,5.0,7.0,68.0,786.0,73.0,761.0
2026-404,Indian Wells Masters,Hard,96,M,20260304,6,KI95,,,Miomir Kecmanovic,R,183.0,SRB,26.511,AE14,,,Daniel Altmaier,R,188.0,GER,27.477,6-3 1-0 RET,3,R128,61.0,7.0,2.0,32.0,18.0,16.0,8.0,5.0,0.0,0.0,6.0,2.0,51.0,33.0,19.0,8.0,5.0,4.0,6.0,58.0,875.0,55.0,921.0
2026-404,Indian Wells Masters,Hard,96,M,20260304,5,GC88,,,Marcos Giron,R,180.0,USA,32.613,N0BS,,,Mariano Navone,R,178.0,ARG,25.016,4-6 7-5 6-3,3,R128,140.0,5.0,2.0,86.0,61.0,44.0,13.0,15.0,3.0,6.0,4.0,5.0,93.0,69.0,49.0,7.0,16.0,6.0,11.0,69.0,780.0,79.0,725.0
2026-404,Indian Wells Masters,Hard,96,M,20260304,2,W09E,,,Adam Walton,R,183.0,AUS,26.88,HB64,,,Quentin Halys,R,191.0,FRA,29.352,6-3 6-3,3,R128,77.0,12.0,1.0,64.0,42.0,34.0,9.0,9.0,5.0,5.0,7.0,1.0,45.0,25.0,19.0,10.0,9.0,1.0,4.0,91.0,650.0,102.0,600.0
2026-404,Indian Wells Masters,Hard,96,M,20260304,1,U182,,,Camilo Ugo Carabelli,R,185.0,ARG,26.713,D0DT,,,Martin Damm,L,203.0,USA,23.09,7-6(5) 6-3,3,R128,110.0,8.0,5.0,83.0,50.0,42.0,17.0,11.0,5.0,5.0,9.0,2.0,70.0,43.0,31.0,16.0,10.0,4.0,5.0,67.0,790.0,129.0,477.0
2026-404,Indian Wells Masters,Hard,96,M,20260304,4,BU13,,,Zizou Bergs,R,185.0,BEL,26.754,SL28,,,Jan Lennard Struff,R,193.0,GER,35.86,6-3 6-4,3,R128,73.0,5.0,2.0,53.0,31.0,27.0,14.0,10.0,0.0,0.0,5.0,4.0,64.0,39.0,31.0,10.0,9.0,8.0,10.0,47.0,1030.0,80.0,719.0
2026-404,Indian Wells Masters,Hard,96,M,20260305,22,F0BY,,,Jacob Fearnley,R,183.0,GBR,24.641,D923,,,Damir Dzumhur,R,175.0,BIH,33.793,6-3 6-3,3,R128,83.0,6.0,5.0,53.0,33.0,28.0,8.0,9.0,1.0,2.0,1.0,2.0,63.0,43.0,25.0,7.0,9.0,6.0,10.0,87.0,662.0,64.0,840.0
2026-404,Indian Wells Masters,Hard,96,M,20260305,8,D0F6,,,Gabriel Diallo,R,203.0,CAN,24.444,B0GG,,,Mattia Bellucci,L,175.0,ITA,24.758,7-6(5) 6-4,3,R128,133.0,10.0,1.0,75.0,50.0,38.0,15.0,11.0,1.0,1.0,8.0,2.0,83.0,53.0,38.0,16.0,11.0,6.0,7.0,38.0,1175.0,94.0,640.0
2026-404,Indian Wells Masters,Hard,96,M,20260305,7,B0CD,,,Jenson Brooksby,R,193.0,USA,25.355,P09Z,,,Alexei Popyrin,R,196.0,AUS,26.582,6-3 6-4,3,R128,91.0,2.0,1.0,62.0,47.0,34.0,11.0,10.0,2.0,2.0,8.0,0.0,64.0,47.0,30.0,8.0,9.0,3.0,5.0,41.0,1135.0,45.0,1050.0
2026-404,Indian Wells Masters,Hard,96,M,20260305,11,MC65,,,Gael Monfils,R,193.0,FRA,39.507,GK06,,,Alexis Galarneau,R,180.0,CAN,27.009,6-3 6-4,3,R128,82.0,6.0,1.0,62.0,44.0,32.0,9.0,10.0,2.0,4.0,1.0,6.0,60.0,35.0,19.0,11.0,9.0,4.0,8.0,148.0,410.0,219.0,265.0
2026-404,Indian Wells Masters,Hard,96,M,20260305,12,BK40,,,Matteo Berrettini,R,196.0,ITA,29.895,ME82,,,Adrian Mannarino,L,180.0,FRA,37.681,4-6 7-5 7-5,3,R128,168.0,14.0,3.0,100.0,69.0,51.0,16.0,17.0,7.0,10.0,6.0,2.0,113.0,73.0,51.0,18.0,17.0,5.0,9.0,66.0,820.0,48.0,1025.0
2026-404,Indian Wells Masters,Hard,96,M,20260305,10,S0GD,,,Dalibor Svrcina,R,178.0,CZE,23.422,D994,,,James Duckworth,R,183.0,AUS,34.119,6-2 6-4,3,R128,91.0,3.0,5.0,67.0,41.0,34.0,11.0,9.0,7.0,7.0,4.0,0.0,64.0,39.0,24.0,13.0,9.0,8.0,11.0,109.0,569.0,83.0,691.0
2026-404,Indian Wells Masters,Hard,96,M,20260305,9,F724,,,Marton Fucsovics,R,188.0,HUN,34.07,O483,,,Christopher O'Connell,R,183.0,AUS,31.754,7-5 6-3,3,R128,90.0,5.0,0.0,54.0,40.0,33.0,9.0,11.0,0.0,1.0,5.0,1.0,67.0,36.0,24.0,15.0,10.0,1.0,4.0,56.0,916.0,127.0,493.0
2026-404,Indian Wells Masters,Hard,96,M,20260305,14,F0FV,,,Joao Fonseca,R,188.0,BRA,19.537,C0JP,,,Raphael Collignon,R,191.0,BEL,24.14,7-6(2) 6-4,3,R128,102.0,3.0,0.0,64.0,46.0,34.0,13.0,11.0,0.0,1.0,5.0,4.0,77.0,50.0,34.0,12.0,11.0,5.0,7.0,35.0,1240.0,77.0,733.0
2026-404,Indian Wells Masters,Hard,96,M,20260305,21,D875,,,Grigor Dimitrov,R,191.0,BUL,34.806,A0GC,,,Terence Atmane,L,193.0,FRA,24.153,6-4 5-7 6-4,3,R128,145.0,3.0,2.0,94.0,58.0,43.0,17.0,16.0,2.0,6.0,10.0,8.0,117.0,63.0,46.0,21.0,16.0,11.0,16.0,42.0,1105.0,52.0,958.0
2026-404,Indian Wells Masters,Hard,96,M,20260305,15,S0K7,,,Zachary Svajda,R,175.0,USA,23.264,C977,,,Marin Cilic,R,198.0,CRO,37.432,7-6(5) 6-4,3,R128,106.0,5.0,1.0,78.0,47.0,40.0,15.0,11.0,5.0,6.0,17.0,1.0,67.0,43.0,38.0,8.0,11.0,3.0,5.0,99.0,614.0,51.0,990.0
2026-404,Indian Wells Masters,Hard,96,M,20260305,16,SU55,,,Denis Shapovalov,L,185.0,CAN,26.888,TE51,,,Stefanos Tsitsipas,R,193.0,GRE,27.562,6-2 3-6 6-4,3,R128,106.0,3.0,2.0,67.0,45.0,35.0,12.0,13.0,1.0,3.0,0.0,3.0,84.0,49.0,33.0,16.0,14.0,6.0,10.0,39.0,1160.0,43.0,1085.0
2026-404,Indian Wells Masters,Hard,96,M,20260305,17,S0H2,,,Alexander Shevchenko,R,188.0,KAZ,25.262,SY67,,,Sho Shimabukuro,R,180.0,JPN,28.597,6-4 3-6 6-2,3,R128,130.0,8.0,0.0,91.0,48.0,35.0,24.0,13.0,4.0,5.0,6.0,10.0,91.0,46.0,33.0,23.0,14.0,4.0,7.0,88.0,659.0,113.0,554.0
2026-404,Indian Wells Masters,Hard,96,M,20260305,18,MQ75,,,Kamil Majchrzak,R,183.0,POL,30.141,M0GZ,,,Giovanni Mpetshi Perricard,R,203.0,FRA,22.658,6-3 1-6 7-5,3,R128,106.0,6.0,1.0,75.0,52.0,39.0,11.0,14.0,0.0,3.0,11.0,7.0,90.0,63.0,48.0,7.0,14.0,4.0,7.0,57.0,895.0,54.0,930.0
2026-404,Indian Wells Masters,Hard,96,M,20260305,19,K0AZ,,,Aleksandar Kovacevic,R,183.0,USA,27.518,HB71,,,Hubert Hurkacz,R,196.0,POL,29.062,7-6(6) 7-6(4),3,R128,111.0,9.0,4.0,82.0,56.0,44.0,15.0,12.0,2.0,3.0,10.0,5.0,85.0,58.0,43.0,13.0,12.0,2.0,3.0,72.0,771.0,71.0,775.0
2026-404,Indian Wells Masters,Hard,96,M,20260305,20,B0BI,,,Sebastian Baez,R,170.0,ARG,25.185,T0AP,,,Chun Hsin Tseng,R,175.0,TPE,24.575,6-3 6-2,3,R128,76.0,0.0,1.0,52.0,40.0,31.0,5.0,8.0,4.0,4.0,0.0,5.0,57.0,40.0,25.0,4.0,9.0,4.0,8.0,53.0,940.0,144.0,414.0
2026-404,Indian Wells Masters,Hard,96,M,20260305,13,P0HW,,,Dino Prizmic,R,188.0,CRO,20.58,S0N0,,,Tristan Schoolkate,R,183.0,AUS,25.018,7-6(5) 3-6 7-5,3,R128,150.0,7.0,4.0,93.0,51.0,42.0,27.0,16.0,1.0,2.0,16.0,1.0,96.0,63.0,55.0,18.0,17.0,4.0,5.0,119.0,541.0,118.0,547.0
2026-404,Indian Wells Masters,Hard,96,M,20260306,32,TE30,,,Alejandro Tabilo,L,188.0,CHI,28.758,J0DZ,,,Rafael Jodar,R,191.0,ESP,19.466,6-1 6-2,3,R128,58.0,4.0,0.0,43.0,30.0,26.0,7.0,8.0,0.0,0.0,3.0,3.0,43.0,26.0,14.0,6.0,7.0,1.0,5.0,40.0,1138.0,103.0,594.0
2026-404,Indian Wells Masters,Hard,96,M,20260306,24,BM95,,,Benjamin Bonzi,R,183.0,FRA,29.739,R0EB,,,Valentin Royer,R,188.0,FRA,24.769,6-4 6-3,3,R128,76.0,1.0,0.0,48.0,38.0,29.0,5.0,9.0,3.0,4.0,4.0,1.0,60.0,40.0,25.0,9.0,10.0,1.0,5.0,111.0,564.0,60.0,872.0
2026-404,Indian Wells Masters,Hard,96,M,20260306,23,BD06,,,Roberto Bautista Agut,R,183.0,ESP,37.892,M0CI,,,Fabian Marozsan,R,193.0,HUN,26.409,6-4 6-7(2) 6-4,3,R128,140.0,4.0,2.0,94.0,60.0,47.0,20.0,16.0,8.0,9.0,7.0,3.0,109.0,68.0,46.0,22.0,16.0,1.0,4.0,93.0,645.0,46.0,1040.0
2026-404,Indian Wells Masters,Hard,96,M,20260306,27,BT72,,,Nuno Borges,R,185.0,POR,29.04,N0AM,,,Emilio Nava,R,185.0,USA,24.257,7-6(9) 7-5,3,R128,110.0,3.0,2.0,79.0,49.0,43.0,18.0,12.0,5.0,5.0,12.0,3.0,94.0,61.0,43.0,18.0,12.0,9.0,10.0,49.0,1020.0,75.0,753.0
2026-404,Indian Wells Masters,Hard,96,M,20260306,28,C0C8,,,Juan Manuel Cerundolo,L,183.0,ARG,24.304,V812,,,Botic Van De Zandschulp,R,191.0,NED,30.42,7-6(3) 6-7(5) 6-3,3,R128,162.0,12.0,1.0,128.0,88.0,61.0,19.0,17.0,4.0,7.0,4.0,9.0,102.0,65.0,47.0,18.0,16.0,1.0,5.0,70.0,778.0,59.0,873.0
2026-404,Indian Wells Masters,Hard,96,M,20260306,26,KI82,,,Vit Kopriva,R,178.0,CZE,28.723,Z0BZ,,,Michael Zheng,R,188.0,USA,22.105,7-6(1) 7-5,3,R128,129.0,3.0,8.0,83.0,47.0,32.0,16.0,12.0,4.0,8.0,1.0,2.0,99.0,65.0,37.0,12.0,12.0,5.0,10.0,62.0,848.0,145.0,414.0
2026-404,Indian Wells Masters,Hard,96,M,20260306,25,M0QI,,,Alex Michelsen,R,193.0,USA,21.528,M0N7,,,Daniel Merida,R,188.0,ESP,21.44,6-3 6-4,3,R128,69.0,6.0,1.0,55.0,41.0,32.0,9.0,10.0,0.0,1.0,4.0,3.0,56.0,41.0,23.0,9.0,9.0,1.0,4.0,44.0,1085.0,139.0,432.0
2026-404,Indian Wells Masters,Hard,96,M,20260306,34,Z355,4.0,,Alexander Zverev,R,198.0,GER,28.876,BK40,,,Matteo Berrettini,R,196.0,ITA,29.897,6-3 6-4,3,R64,71.0,4.0,1.0,46.0,35.0,31.0,9.0,10.0,0.0,0.0,5.0,2.0,52.0,38.0,29.0,7.0,9.0,3.0,5.0,4.0,4555.0,66.0,820.0
2026-404,Indian Wells Masters,Hard,96,M,20260306,31,MK66,,,Mackenzie Mcdonald,R,178.0,USA,30.888,A0FC,,,Matteo Arnaldi,R,185.0,ITA,25.032,6-0 6-1,3,R128,62.0,2.0,0.0,51.0,27.0,18.0,16.0,7.0,5.0,5.0,2.0,5.0,34.0,14.0,6.0,7.0,6.0,2.0,7.0,126.0,498.0,85.0,665.0
2026-404,Indian Wells Masters,Hard,96,M,20260306,29,H0BH,,,Rinky Hijikata,R,178.0,AUS,25.029,M0IF,,,Francesco Maestrelli,R,196.0,ITA,23.206,7-6(5) 6-4,3,R128,107.0,5.0,2.0,76.0,44.0,32.0,20.0,11.0,4.0,5.0,7.0,2.0,71.0,52.0,40.0,7.0,11.0,6.0,8.0,117.0,547.0,114.0,553.0
2026-404,Indian Wells Masters,Hard,96,M,20260306,30,K0AH,,,Sebastian Korda,R,196.0,USA,25.667,C0DF,,,Francisco Comesana,R,178.0,ARG,25.413,7-5 6-0,3,R128,78.0,0.0,2.0,49.0,29.0,22.0,7.0,9.0,1.0,4.0,1.0,1.0,58.0,35.0,14.0,8.0,9.0,4.0,11.0,37.0,1220.0,82.0,694.0
2026-404,Indian Wells Masters,Hard,96,M,20260306,33,T0HA,25.0,,Learner Tien,L,180.0,USA,20.257,W09E,,,Adam Walton,R,183.0,AUS,26.886,7-6(3) 7-6(8),3,R64,104.0,9.0,4.0,82.0,46.0,36.0,23.0,12.0,2.0,3.0,11.0,0.0,92.0,67.0,47.0,13.0,12.0,4.0,5.0,27.0,1685.0,91.0,650.0
2026-404,Indian Wells Masters,Hard,96,M,20260307,45,PL56,23.0,,Tommy Paul,R,185.0,USA,28.805,BU13,,,Zizou Bergs,R,185.0,BEL,26.76,6-1 6-2,3,R64,68.0,1.0,1.0,39.0,22.0,17.0,13.0,7.0,3.0,3.0,3.0,4.0,57.0,26.0,15.0,11.0,8.0,4.0,9.0,24.0,1815.0,47.0,1030.0
2026-404,Indian Wells Masters,Hard,96,M,20260307,44,M0NI,12.0,,Jakub Mensik,R,196.0,CZE,20.512,GC88,,,Marcos Giron,R,180.0,USA,32.619,7-5 7-6(4),3,R64,104.0,12.0,3.0,88.0,54.0,41.0,15.0,12.0,9.0,10.0,2.0,2.0,69.0,44.0,32.0,13.0,12.0,1.0,3.0,12.0,2650.0,69.0,780.0
2026-404,Indian Wells Masters,Hard,96,M,20260307,43,S0AG,2.0,,Jannik Sinner,R,191.0,ITA,24.556,S0GD,,,Dalibor Svrcina,R,178.0,CZE,23.428,6-1 6-1,3,R64,64.0,2.0,2.0,38.0,26.0,21.0,9.0,7.0,1.0,1.0,1.0,4.0,56.0,38.0,17.0,9.0,7.0,7.0,12.0,2.0,10400.0,109.0,569.0
2026-404,Indian Wells Masters,Hard,96,M,20260307,37,AG37,9.0,,Felix Auger Aliassime,R,193.0,CAN,25.577,MC65,,,Gael Monfils,R,193.0,FRA,39.513,6-7(5) 6-3 6-4,3,R64,136.0,14.0,4.0,98.0,64.0,52.0,20.0,16.0,2.0,2.0,12.0,5.0,91.0,65.0,48.0,17.0,15.0,3.0,5.0,9.0,3950.0,148.0,410.0
2026-404,Indian Wells Masters,Hard,96,M,20260307,38,S0S1,8.0,,Ben Shelton,L,193.0,USA,23.409,O522,,,Reilly Opelka,R,211.0,USA,28.523,6-7(3) 7-6(4) 6-3,3,R64,132.0,11.0,6.0,98.0,60.0,52.0,26.0,17.0,0.0,0.0,23.0,5.0,103.0,70.0,54.0,20.0,16.0,2.0,3.0,8.0,4010.0,68.0,786.0
2026-404,Indian Wells Masters,Hard,96,M,20260307,39,TD51,21.0,,Frances Tiafoe,R,188.0,USA,28.126,B0CD,,,Jenson Brooksby,R,193.0,USA,25.361,6-4 6-2,3,R64,83.0,6.0,1.0,53.0,30.0,27.0,11.0,9.0,2.0,3.0,6.0,1.0,60.0,36.0,26.0,6.0,9.0,3.0,7.0,22.0,1870.0,41.0,1135.0
2026-404,Indian Wells Masters,Hard,96,M,20260307,40,N0AE,28.0,,Brandon Nakashima,R,188.0,USA,24.591,U182,,,Camilo Ugo Carabelli,R,185.0,ARG,26.721,6-3 6-4,3,R64,73.0,13.0,0.0,49.0,38.0,33.0,7.0,10.0,0.0,0.0,3.0,1.0,50.0,36.0,26.0,7.0,9.0,5.0,7.0,30.0,1535.0,67.0,790.0
2026-404,Indian Wells Masters,Hard,96,M,20260307,41,F0F1,30.0,,Arthur Fils,R,185.0,FRA,21.733,P0HW,,,Dino Prizmic,R,188.0,CRO,20.586,6-2 3-2 RET,3,R64,65.0,1.0,1.0,36.0,21.0,15.0,11.0,6.0,3.0,3.0,0.0,5.0,44.0,21.0,13.0,11.0,7.0,4.0,7.0,32.0,1440.0,119.0,541.0
2026-404,Indian Wells Masters,Hard,96,M,20260307,42,DH50,18.0,,Alejandro Davidovich Fokina,R,180.0,ESP,27.753,S0K7,,,Zachary Svajda,R,175.0,USA,23.269,7-6(0) 6-2,3,R64,79.0,8.0,1.0,63.0,42.0,33.0,11.0,10.0,5.0,7.0,10.0,3.0,58.0,37.0,23.0,9.0,10.0,4.0,8.0,19.0,2190.0,99.0,614.0
2026-404,Indian Wells Masters,Hard,96,M,20260307,36,C0E9,15.0,,Flavio Cobolli,R,183.0,ITA,23.836,KI95,,,Miomir Kecmanovic,R,183.0,SRB,26.516,3-6 6-3 6-4,3,R64,117.0,13.0,8.0,84.0,43.0,33.0,21.0,14.0,2.0,4.0,1.0,2.0,86.0,45.0,33.0,20.0,14.0,9.0,12.0,15.0,2480.0,58.0,875.0
2026-404,Indian Wells Masters,Hard,96,M,20260307,35,F724,,,Marton Fucsovics,R,188.0,HUN,34.075,M0EJ,5,,Lorenzo Musetti,R,185.0,ITA,24.011,7-5 6-1,3,R64,88.0,4.0,2.0,58.0,36.0,29.0,12.0,10.0,1.0,2.0,1.0,2.0,65.0,41.0,27.0,7.0,9.0,7.0,11.0,56.0,916.0,5.0,4405.0
2026-404,Indian Wells Masters,Hard,96,M,20260307,46,SU55,,,Denis Shapovalov,L,185.0,CAN,26.894,EA24,29,,Tomas Martin Etcheverry,R,196.0,ARG,26.637,6-3 2-6 7-6(5),3,R64,158.0,14.0,9.0,99.0,64.0,46.0,15.0,15.0,3.0,6.0,4.0,0.0,102.0,65.0,42.0,20.0,14.0,8.0,10.0,39.0,1160.0,31.0,1445.0
2026-404,Indian Wells Masters,Hard,96,M,20260308,63,BK92,10.0,,Alexander Bublik,R,196.0,KAZ,28.723,KI82,,,Vit Kopriva,R,178.0,CZE,28.728,3-6 7-6(3) 6-2,3,R64,125.0,10.0,1.0,79.0,51.0,39.0,19.0,14.0,2.0,4.0,8.0,8.0,113.0,71.0,43.0,22.0,15.0,8.0,11.0,10.0,3405.0,62.0,848.0
2026-404,Indian Wells Masters,Hard,96,M,20260308,61,N771,27.0,,Cameron Norrie,L,188.0,GBR,30.541,MK66,,,Mackenzie Mcdonald,R,178.0,USA,30.894,6-2 6-3,3,R64,81.0,9.0,2.0,57.0,36.0,29.0,11.0,9.0,5.0,6.0,2.0,2.0,61.0,39.0,23.0,7.0,8.0,3.0,7.0,29.0,1603.0,126.0,498.0
2026-404,Indian Wells Masters,Hard,96,M,20260308,62,M0QI,,,Alex Michelsen,R,193.0,USA,21.533,HH26,32,,Ugo Humbert,L,188.0,FRA,27.699,7-5 6-7(5) 7-6(6),3,R64,166.0,6.0,3.0,117.0,76.0,59.0,24.0,18.0,2.0,3.0,12.0,4.0,112.0,77.0,63.0,15.0,18.0,4.0,6.0,44.0,1085.0,34.0,1285.0
2026-404,Indian Wells Masters,Hard,96,M,20260308,65,Z355,4.0,,Alexander Zverev,R,198.0,GER,28.882,N0AE,28,,Brandon Nakashima,R,188.0,USA,24.594,7-6(2) 5-7 6-4,3,R32,151.0,15.0,2.0,101.0,77.0,62.0,11.0,17.0,4.0,5.0,17.0,2.0,105.0,77.0,62.0,11.0,17.0,3.0,4.0,4.0,4555.0,30.0,1535.0
2026-404,Indian Wells Masters,Hard,96,M,20260308,55,D643,3.0,,Novak Djokovic,R,188.0,SRB,38.795,MQ75,,,Kamil Majchrzak,R,183.0,POL,30.149,4-6 6-1 6-2,3,R64,132.0,5.0,5.0,81.0,54.0,42.0,12.0,13.0,3.0,5.0,3.0,1.0,99.0,62.0,39.0,14.0,12.0,11.0,16.0,3.0,5280.0,57.0,895.0
2026-404,Indian Wells Masters,Hard,96,M,20260308,58,DH58,6.0,,Alex De Minaur,R,183.0,AUS,27.054,K0AH,,,Sebastian Korda,R,196.0,USA,25.673,4-6 6-4 6-4,3,R64,140.0,8.0,4.0,101.0,59.0,37.0,27.0,15.0,5.0,7.0,6.0,3.0,91.0,54.0,39.0,17.0,15.0,4.0,7.0,6.0,4235.0,37.0,1220.0
2026-404,Indian Wells Masters,Hard,96,M,20260308,57,B0BI,,,Sebastian Baez,R,170.0,ARG,25.191,L0BV,22,,Jiri Lehecka,R,185.0,CZE,24.329,6-4 6-1,3,R64,71.0,0.0,2.0,51.0,36.0,25.0,9.0,8.0,3.0,4.0,2.0,0.0,50.0,34.0,18.0,6.0,9.0,2.0,7.0,53.0,940.0,23.0,1850.0
2026-404,Indian Wells Masters,Hard,96,M,20260308,53,K0AZ,,,Aleksandar Kovacevic,R,183.0,USA,27.524,MW02,31,,Corentin Moutet,L,180.0,FRA,26.886,6-1 6-4,3,R64,100.0,2.0,0.0,69.0,42.0,30.0,14.0,9.0,3.0,3.0,4.0,5.0,53.0,36.0,25.0,4.0,8.0,3.0,6.0,72.0,771.0,33.0,1383.0
2026-404,Indian Wells Masters,Hard,96,M,20260308,54,D0F6,,,Gabriel Diallo,R,203.0,CAN,24.452,RE44,17,,Andrey Rublev,R,188.0,RUS,28.381,6-7(4) 7-6(1) 6-3,3,R64,172.0,12.0,6.0,120.0,82.0,64.0,13.0,17.0,2.0,5.0,6.0,3.0,106.0,64.0,44.0,24.0,16.0,3.0,7.0,38.0,1175.0,17.0,2400.0
2026-404,Indian Wells Masters,Hard,96,M,20260308,52,RC91,26.0,,Arthur Rinderknech,R,196.0,FRA,30.626,C0C8,,,Juan Manuel Cerundolo,L,183.0,ARG,24.309,W/O,3,R64,108.0,2.0,3.0,67.0,50.0,38.0,7.0,11.0,3.0,6.0,3.0,4.0,77.0,50.0,30.0,13.0,11.0,4.0,8.0,28.0,1617.0,70.0,778.0
2026-404,Indian Wells Masters,Hard,96,M,20260308,51,C0AU,19.0,,Francisco Cerundolo,R,185.0,ARG,27.567,BM95,,,Benjamin Bonzi,R,183.0,FRA,29.744,6-4 5-7 7-6(5),3,R64,149.0,6.0,8.0,115.0,70.0,51.0,21.0,17.0,9.0,13.0,4.0,0.0,109.0,88.0,57.0,8.0,17.0,7.0,11.0,20.0,2170.0,111.0,564.0
2026-404,Indian Wells Masters,Hard,96,M,20260308,49,D0CO,14.0,,Jack Draper,L,193.0,GBR,24.208,BD06,,,Roberto Bautista Agut,R,183.0,ESP,37.897,3-6 6-3 6-2,3,R64,105.0,9.0,2.0,70.0,40.0,35.0,17.0,13.0,6.0,7.0,1.0,1.0,73.0,59.0,39.0,6.0,13.0,4.0,7.0,14.0,2510.0,93.0,645.0
2026-404,Indian Wells Masters,Hard,96,M,20260308,50,F0FV,,,Joao Fonseca,R,188.0,BRA,19.546,KE29,16,,Karen Khachanov,R,198.0,RUS,29.796,4-6 7-6(7) 6-4,3,R64,135.0,11.0,3.0,93.0,66.0,53.0,13.0,16.0,4.0,7.0,12.0,3.0,97.0,59.0,44.0,22.0,16.0,1.0,4.0,35.0,1240.0,16.0,2450.0
2026-404,Indian Wells Masters,Hard,96,M,20260308,47,VA25,24.0,,Valentin Vacherot,R,193.0,MON,27.307,BT72,,,Nuno Borges,R,185.0,POR,29.046,7-5 7-5,3,R64,94.0,17.0,4.0,65.0,47.0,37.0,11.0,12.0,2.0,3.0,6.0,3.0,83.0,58.0,40.0,11.0,12.0,8.0,11.0,26.0,1691.0,49.0,1020.0
2026-404,Indian Wells Masters,Hard,96,M,20260308,48,RH16,13.0,,Casper Ruud,R,183.0,NOR,27.209,S0H2,,,Alexander Shevchenko,R,188.0,KAZ,25.27,6-1 7-6(4),3,R64,86.0,5.0,0.0,62.0,39.0,26.0,20.0,10.0,3.0,3.0,9.0,2.0,56.0,36.0,23.0,11.0,9.0,4.0,6.0,13.0,2625.0,88.0,659.0
2026-404,Indian Wells Masters,Hard,96,M,20260308,66,T0HA,25.0,,Learner Tien,L,180.0,USA,20.263,S0S1,8,,Ben Shelton,L,193.0,USA,23.411,7-6(3) 4-6 6-3,3,R32,129.0,15.0,10.0,106.0,71.0,58.0,18.0,16.0,5.0,6.0,8.0,3.0,100.0,63.0,45.0,23.0,15.0,7.0,8.0,27.0,1685.0,8.0,4010.0
2026-404,Indian Wells Masters,Hard,96,M,20260308,64,MM58,11.0,,Daniil Medvedev,R,198.0,RUS,30.07,TE30,,,Alejandro Tabilo,L,188.0,CHI,28.764,6-4 6-2,3,R64,70.0,6.0,1.0,51.0,43.0,31.0,5.0,9.0,0.0,0.0,3.0,0.0,57.0,38.0,28.0,4.0,9.0,5.0,8.0,11.0,3360.0,40.0,1138.0
2026-404,Indian Wells Masters,Hard,96,M,20260308,60,H0BH,,,Rinky Hijikata,R,178.0,AUS,25.035,D0FJ,20,,Luciano Darderi,R,183.0,ITA,24.06,4-6 6-2 6-4,3,R64,128.0,11.0,5.0,77.0,39.0,31.0,23.0,14.0,2.0,4.0,5.0,2.0,94.0,55.0,35.0,21.0,14.0,5.0,9.0,117.0,547.0,21.0,2104.0
2026-404,Indian Wells Masters,Hard,96,M,20260308,59,FB98,7.0,,Taylor Fritz,R,196.0,USA,28.359,F0BY,,,Jacob Fearnley,R,183.0,GBR,24.646,6-3 6-7(8) 6-1,3,R64,133.0,20.0,1.0,95.0,68.0,54.0,15.0,15.0,3.0,4.0,5.0,6.0,99.0,65.0,44.0,15.0,13.0,5.0,9.0,7.0,4220.0,87.0,662.0
2026-404,Indian Wells Masters,Hard,96,M,20260308,56,A0E2,1.0,,Carlos Alcaraz,R,183.0,ESP,22.842,D875,,,Grigor Dimitrov,R,191.0,BUL,34.812,6-2 6-3,3,R64,66.0,6.0,2.0,49.0,35.0,27.0,10.0,9.0,1.0,1.0,1.0,5.0,48.0,29.0,22.0,5.0,8.0,1.0,4.0,1.0,13550.0,42.0,1105.0
2026-404,Indian Wells Masters,Hard,96,M,20260309,69,F0FV,,,Joao Fonseca,R,188.0,BRA,19.548,PL56,23,,Tommy Paul,R,185.0,USA,28.81,6-2 6-3,3,R32,82.0,2.0,0.0,50.0,33.0,24.0,11.0,9.0,0.0,1.0,2.0,2.0,58.0,39.0,23.0,6.0,8.0,6.0,10.0,35.0,1240.0,24.0,1815.0
2026-404,Indian Wells Masters,Hard,96,M,20260309,76,D0CO,14.0,,Jack Draper,L,193.0,GBR,24.214,C0AU,19,,Francisco Cerundolo,R,185.0,ARG,27.573,6-1 7-5,3,R32,78.0,4.0,4.0,51.0,34.0,27.0,7.0,9.0,2.0,4.0,1.0,3.0,66.0,39.0,21.0,13.0,10.0,8.0,14.0,14.0,2510.0,20.0,2170.0
2026-404,Indian Wells Masters,Hard,96,M,20260309,75,H0BH,,,Rinky Hijikata,R,178.0,AUS,25.04,BK92,10,,Alexander Bublik,R,196.0,KAZ,28.728,6-7(3) 7-6(3) 6-3,3,R32,155.0,8.0,3.0,115.0,73.0,56.0,24.0,17.0,0.0,0.0,19.0,5.0,121.0,80.0,62.0,18.0,16.0,6.0,7.0,117.0,547.0,10.0,3405.0
2026-404,Indian Wells Masters,Hard,96,M,20260309,73,D643,3.0,,Novak Djokovic,R,188.0,SRB,38.798,K0AZ,,,Aleksandar Kovacevic,R,183.0,USA,27.526,6-4 1-6 6-4,3,R32,122.0,6.0,4.0,70.0,44.0,33.0,16.0,13.0,2.0,4.0,16.0,1.0,96.0,54.0,42.0,20.0,14.0,4.0,6.0,3.0,5280.0,72.0,771.0
2026-404,Indian Wells Masters,Hard,96,M,20260309,70,AG37,9.0,,Felix Auger Aliassime,R,193.0,CAN,25.582,D0F6,,,Gabriel Diallo,R,203.0,CAN,24.454,6-7(5) 6-3 6-3,3,R32,147.0,9.0,5.0,96.0,62.0,50.0,19.0,15.0,3.0,4.0,11.0,0.0,90.0,71.0,47.0,10.0,15.0,3.0,7.0,9.0,3950.0,38.0,1175.0
2026-404,Indian Wells Masters,Hard,96,M,20260309,71,TD51,21.0,,Frances Tiafoe,R,188.0,USA,28.131,C0E9,15,,Flavio Cobolli,R,183.0,ITA,23.841,6-1 6-2,3,R32,67.0,7.0,1.0,56.0,33.0,27.0,12.0,8.0,5.0,5.0,1.0,0.0,43.0,25.0,13.0,7.0,7.0,5.0,9.0,22.0,1870.0,15.0,2480.0
2026-404,Indian Wells Masters,Hard,96,M,20260309,72,F0F1,30.0,,Arthur Fils,R,185.0,FRA,21.739,F724,,,Marton Fucsovics,R,188.0,HUN,34.081,6-3 7-5,3,R32,83.0,4.0,0.0,55.0,33.0,27.0,17.0,11.0,0.0,0.0,10.0,4.0,63.0,36.0,31.0,10.0,10.0,6.0,8.0,32.0,1440.0,56.0,916.0
2026-404,Indian Wells Masters,Hard,96,M,20260309,68,DH50,18.0,,Alejandro Davidovich Fokina,R,180.0,ESP,27.759,M0NI,12,,Jakub Mensik,R,196.0,CZE,20.517,6-2 4-6 6-2,3,R32,125.0,3.0,0.0,74.0,51.0,36.0,14.0,13.0,6.0,8.0,8.0,5.0,78.0,46.0,34.0,10.0,13.0,5.0,10.0,19.0,2190.0,12.0,2650.0
2026-404,Indian Wells Masters,Hard,96,M,20260309,74,N771,27.0,,Cameron Norrie,L,188.0,GBR,30.543,DH58,6,,Alex De Minaur,R,183.0,AUS,27.056,6-4 6-4,3,R32,99.0,2.0,0.0,70.0,41.0,31.0,15.0,10.0,6.0,7.0,5.0,4.0,57.0,35.0,23.0,10.0,10.0,1.0,4.0,29.0,1603.0,6.0,4235.0
2026-404,Indian Wells Masters,Hard,96,M,20260309,67,S0AG,2.0,,Jannik Sinner,R,191.0,ITA,24.561,SU55,,,Denis Shapovalov,L,185.0,CAN,26.899,6-3 6-2,3,R32,71.0,6.0,2.0,43.0,33.0,28.0,4.0,9.0,0.0,1.0,2.0,7.0,56.0,34.0,21.0,5.0,8.0,4.0,8.0,2.0,10400.0,39.0,1160.0
2026-404,Indian Wells Masters,Hard,96,M,20260310,80,MM58,11.0,,Daniil Medvedev,R,198.0,RUS,30.075,B0BI,,,Sebastian Baez,R,170.0,ARG,25.196,6-4 6-0,3,R32,78.0,3.0,1.0,52.0,39.0,30.0,7.0,8.0,4.0,4.0,0.0,0.0,62.0,48.0,26.0,5.0,8.0,9.0,13.0,11.0,3360.0,53.0,940.0
2026-404,Indian Wells Masters,Hard,96,M,20260310,82,Z355,4.0,,Alexander Zverev,R,198.0,GER,28.887,TD51,21,,Frances Tiafoe,R,188.0,USA,28.134,6-3 6-4,3,R16,89.0,14.0,1.0,63.0,44.0,34.0,9.0,10.0,2.0,2.0,6.0,3.0,60.0,38.0,24.0,13.0,9.0,1.0,3.0,4.0,4555.0,22.0,1870.0
2026-404,Indian Wells Masters,Hard,96,M,20260310,79,A0E2,1.0,,Carlos Alcaraz,R,183.0,ESP,22.847,RC91,26,,Arthur Rinderknech,R,196.0,FRA,30.631,6-7(6) 6-3 6-2,3,R32,138.0,3.0,3.0,86.0,65.0,51.0,11.0,15.0,3.0,4.0,11.0,2.0,101.0,73.0,47.0,11.0,14.0,7.0,11.0,1.0,13550.0,28.0,1617.0
2026-404,Indian Wells Masters,Hard,96,M,20260310,77,M0QI,,,Alex Michelsen,R,193.0,USA,21.539,FB98,7,,Taylor Fritz,R,196.0,USA,28.364,6-4 7-6(6),3,R32,99.0,9.0,1.0,78.0,55.0,40.0,13.0,11.0,7.0,8.0,12.0,0.0,77.0,54.0,39.0,9.0,11.0,7.0,9.0,44.0,1085.0,7.0,4220.0
2026-404,Indian Wells Masters,Hard,96,M,20260310,78,RH16,13.0,,Casper Ruud,R,183.0,NOR,27.214,VA25,24,,Valentin Vacherot,R,193.0,MON,27.313,3-6 6-3 6-4,3,R32,120.0,5.0,2.0,82.0,61.0,44.0,13.0,14.0,4.0,5.0,12.0,6.0,82.0,52.0,41.0,14.0,14.0,3.0,5.0,13.0,2625.0,26.0,1691.0
2026-404,Indian Wells Masters,Hard,96,M,20260310,81,F0F1,30.0,,Arthur Fils,R,185.0,FRA,21.741,AG37,9,,Felix Auger Aliassime,R,193.0,CAN,25.585,6-3 7-6(9),3,R16,111.0,5.0,1.0,70.0,43.0,34.0,17.0,11.0,3.0,4.0,6.0,2.0,72.0,53.0,37.0,10.0,10.0,3.0,5.0,32.0,1440.0,9.0,3950.0
2026-404,Indian Wells Masters,Hard,96,M,20260311,84,S0AG,2.0,,Jannik Sinner,R,191.0,ITA,24.567,F0FV,,,Joao Fonseca,R,188.0,BRA,19.554,7-6(6) 7-6(4),3,R16,121.0,15.0,1.0,75.0,44.0,38.0,16.0,12.0,1.0,2.0,9.0,3.0,81.0,57.0,42.0,14.0,12.0,3.0,4.0,2.0,10400.0,35.0,1240.0
2026-404,Indian Wells Masters,Hard,96,M,20260311,86,N771,27.0,,Cameron Norrie,L,188.0,GBR,30.549,H0BH,,,Rinky Hijikata,R,178.0,AUS,25.043,6-4 6-2,3,R16,76.0,3.0,2.0,53.0,32.0,23.0,15.0,9.0,1.0,1.0,8.0,2.0,49.0,29.0,22.0,8.0,9.0,3.0,6.0,29.0,1603.0,117.0,547.0
2026-404,Indian Wells Masters,Hard,96,M,20260311,85,MM58,11.0,,Daniil Medvedev,R,198.0,RUS,30.078,M0QI,,,Alex Michelsen,R,193.0,USA,21.541,6-2 6-4,3,R16,87.0,9.0,2.0,68.0,53.0,38.0,6.0,9.0,4.0,5.0,1.0,1.0,59.0,39.0,21.0,9.0,9.0,6.0,10.0,11.0,3360.0,44.0,1085.0
2026-404,Indian Wells Masters,Hard,96,M,20260311,83,T0HA,25.0,,Learner Tien,L,180.0,USA,20.271,DH50,18,,Alejandro Davidovich Fokina,R,180.0,ESP,27.761,4-6 6-1 7-6(4),3,R16,128.0,10.0,4.0,114.0,69.0,50.0,23.0,15.0,4.0,5.0,8.0,4.0,87.0,62.0,41.0,12.0,14.0,0.0,2.0,27.0,1685.0,19.0,2190.0
2026-404,Indian Wells Masters,Hard,96,M,20260312,88,D0CO,14.0,,Jack Draper,L,193.0,GBR,24.219,D643,3,,Novak Djokovic,R,188.0,SRB,38.806,4-6 6-4 7-6(5),3,R16,155.0,13.0,5.0,103.0,66.0,49.0,16.0,16.0,3.0,6.0,4.0,2.0,94.0,62.0,40.0,21.0,16.0,4.0,7.0,14.0,2510.0,3.0,5280.0
2026-404,Indian Wells Masters,Hard,96,M,20260312,87,A0E2,1.0,,Carlos Alcaraz,R,183.0,ESP,22.853,RH16,13,,Casper Ruud,R,183.0,NOR,27.22,6-1 7-6(2),3,R16,90.0,7.0,1.0,48.0,33.0,29.0,10.0,9.0,0.0,0.0,8.0,0.0,79.0,52.0,33.0,10.0,10.0,5.0,8.0,1.0,13550.0,13.0,2625.0
2026-404,Indian Wells Masters,Hard,96,M,20260312,89,Z355,4.0,,Alexander Zverev,R,198.0,GER,28.893,F0F1,30,,Arthur Fils,R,185.0,FRA,21.747,6-2 6-3,3,QF,82.0,7.0,1.0,51.0,36.0,27.0,9.0,8.0,3.0,3.0,7.0,4.0,69.0,38.0,21.0,16.0,9.0,6.0,10.0,4.0,4555.0,32.0,1440.0
2026-404,Indian Wells Masters,Hard,96,M,20260313,90,S0AG,2.0,,Jannik Sinner,R,191.0,ITA,24.572,T0HA,25,,Learner Tien,L,180.0,USA,20.277,6-1 6-2,3,QF,66.0,10.0,1.0,48.0,30.0,25.0,10.0,8.0,4.0,4.0,4.0,5.0,49.0,29.0,14.0,10.0,7.0,1.0,5.0,2.0,10400.0,27.0,1685.0
2026-404,Indian Wells Masters,Hard,96,M,20260313,91,MM58,11.0,,Daniil Medvedev,R,198.0,RUS,30.084,D0CO,14,,Jack Draper,L,193.0,GBR,24.222,6-1 7-5,3,QF,75.0,10.0,1.0,54.0,39.0,33.0,8.0,10.0,1.0,1.0,3.0,1.0,54.0,27.0,17.0,14.0,9.0,2.0,5.0,11.0,3360.0,14.0,2510.0
2026-404,Indian Wells Masters,Hard,96,M,20260313,92,A0E2,1.0,,Carlos Alcaraz,R,183.0,ESP,22.856,N771,27,,Cameron Norrie,L,188.0,GBR,30.554,6-3 6-4,3,QF,93.0,2.0,1.0,57.0,43.0,31.0,6.0,10.0,1.0,3.0,3.0,3.0,73.0,44.0,26.0,11.0,9.0,6.0,10.0,1.0,13550.0,29.0,1603.0
2026-404,Indian Wells Masters,Hard,96,M,20260315,93,MM58,11.0,,Daniil Medvedev,R,198.0,RUS,30.089,A0E2,1,,Carlos Alcaraz,R,183.0,ESP,22.861,6-3 7-6(3),3,SF,97.0,4.0,0.0,75.0,44.0,28.0,23.0,11.0,4.0,5.0,2.0,2.0,62.0,39.0,27.0,13.0,10.0,0.0,2.0,11.0,3360.0,1.0,13550.0
2026-404,Indian Wells Masters,Hard,96,M,20260315,95,S0AG,2.0,,Jannik Sinner,R,191.0,ITA,24.58,MM58,11,,Daniil Medvedev,R,198.0,RUS,30.092,7-6(6) 7-6(4),3,F,115.0,10.0,2.0,72.0,47.0,43.0,15.0,12.0,0.0,0.0,7.0,2.0,87.0,48.0,37.0,24.0,12.0,2.0,2.0,2.0,10400.0,11.0,3360.0
2026-404,Indian Wells Masters,Hard,96,M,20260315,94,S0AG,2.0,,Jannik Sinner,R,191.0,ITA,24.578,Z355,4,,Alexander Zverev,R,198.0,GER,28.901,6-2 6-4,3,SF,83.0,8.0,2.0,51.0,29.0,24.0,14.0,9.0,1.0,1.0,4.0,3.0,53.0,35.0,28.0,5.0,9.0,3.0,6.0,2.0,10400.0,4.0,4555.0
2026-360,Marrakech,Clay,28,M,20260330,2,B0D6,,,Taha Baadi,R,183.0,MAR,24.695,V832,,,Aleksandar Vukic,R,188.0,AUS,29.979,6-2 3-6 6-1,3,R32,108.0,3.0,1.0,70.0,48.0,34.0,14.0,12.0,1.0,2.0,4.0,1.0,78.0,38.0,23.0,22.0,12.0,3.0,7.0,587.0,64.0,84.0,663.0
2026-360,Marrakech,Clay,28,M,20260330,1,H997,8.0,,Yannick Hanfmann,R,193.0,GER,34.376,D0C1,,,Jesper De Jong,R,180.0,NED,25.829,7-6(6) 6-4,3,R32,101.0,7.0,1.0,62.0,43.0,39.0,10.0,11.0,1.0,2.0,11.0,3.0,86.0,63.0,45.0,8.0,11.0,6.0,8.0,61.0,857.0,99.0,625.0
2026-360,Marrakech,Clay,28,M,20260330,3,B0QQ,,,Karim Bennani,,,MAR,18.571,HB64,,,Quentin Halys,R,191.0,FRA,29.424,6-4 6-7(5) 6-2,3,R32,137.0,5.0,6.0,102.0,63.0,50.0,22.0,15.0,3.0,3.0,13.0,7.0,91.0,45.0,37.0,25.0,15.0,5.0,8.0,731.0,41.0,90.0,650.0
2026-717,Houston,Clay,28,M,20260331,2,MK66,,,Mackenzie Mcdonald,R,178.0,USA,30.957,B0CD,8.0,,Jenson Brooksby,R,193.0,USA,25.426,6-4 6-2,3,R32,79.0,1.0,0.0,60.0,41.0,29.0,13.0,9.0,4.0,4.0,1.0,0.0,61.0,45.0,28.0,6.0,9.0,2.0,5.0,125.0,501.0,41.0,1115.0
2026-717,Houston,Clay,28,M,20260331,1,T0A1,,,Thiago Agustin Tirante,R,185.0,ARG,24.972,S0ZE,,,Colton Smith,R,183.0,USA,23.072,6-0 6-3,3,R32,71.0,2.0,0.0,39.0,20.0,17.0,15.0,8.0,0.0,0.0,2.0,2.0,49.0,28.0,13.0,12.0,7.0,5.0,9.0,83.0,673.0,164.0,371.0
2026-717,Houston,Clay,28,M,20260331,3,BI81,,,Alex Bolt,L,183.0,AUS,33.232,WB32,,,Yibing Wu,R,183.0,CHN,26.461,7-6(6) 6-2,3,R32,88.0,5.0,2.0,69.0,39.0,31.0,18.0,10.0,7.0,8.0,5.0,3.0,57.0,36.0,25.0,11.0,10.0,3.0,6.0,165.0,369.0,118.0,559.0
2026-360,Marrakech,Clay,28,M,20260331,7,TA29,,,Marco Trungelliti,R,178.0,ARG,36.162,R0GO,,,Henrique Rocha,R,180.0,POR,21.982,7-6(5) 6-2,3,R32,96.0,2.0,3.0,65.0,41.0,32.0,9.0,10.0,1.0,2.0,3.0,3.0,63.0,48.0,30.0,6.0,10.0,3.0,6.0,117.0,561.0,133.0,483.0
2026-4462,Bucharest,Clay,28,M,20260331,7,S0KT,,,Stefanos Sakellaridis,R,198.0,GRE,21.544,CH12,,,Jan Choinski,R,196.0,GBR,29.804,6-3 6-4,3,R32,85.0,9.0,1.0,64.0,43.0,32.0,10.0,10.0,3.0,4.0,1.0,0.0,48.0,28.0,20.0,10.0,9.0,1.0,4.0,225.0,252.0,120.0,534.0
2026-4462,Bucharest,Clay,28,M,20260331,4,D0DW,,,Titouan Droguet,R,191.0,FRA,24.791,BD06,,,Roberto Bautista Agut,R,183.0,ESP,37.96,6-1 1-6 6-1,3,R32,100.0,8.0,2.0,69.0,44.0,31.0,14.0,11.0,2.0,4.0,0.0,3.0,66.0,43.0,24.0,12.0,10.0,4.0,8.0,122.0,528.0,80.0,685.0
2026-4462,Bucharest,Clay,28,M,20260331,5,M0K4,,,Elmer Moller,R,183.0,DEN,22.727,B0C0,,,Adrian Boitan,R,185.0,ROU,26.722,6-3 7-5,3,R32,100.0,2.0,2.0,70.0,47.0,35.0,11.0,11.0,4.0,6.0,3.0,7.0,69.0,46.0,30.0,6.0,10.0,10.0,14.0,134.0,478.0,306.0,167.0
2026-4462,Bucharest,Clay,28,M,20260331,8,S0H2,,,Alexander Shevchenko,R,188.0,KAZ,25.333,T0JZ,,,Radu David Turcanu,L,,ROU,20.041,6-2 6-4,3,R32,74.0,2.0,0.0,51.0,33.0,23.0,13.0,9.0,1.0,2.0,2.0,7.0,70.0,33.0,21.0,14.0,9.0,5.0,9.0,76.0,716.0,659.0,52.0
2026-4462,Bucharest,Clay,28,M,20260331,6,P0HW,,,Dino Prizmic,R,188.0,CRO,20.652,BG23,,,Nikoloz Basilashvili,R,185.0,GEO,34.1,6-4 6-2,3,R32,89.0,7.0,0.0,43.0,28.0,23.0,12.0,9.0,1.0,2.0,6.0,4.0,72.0,33.0,26.0,11.0,9.0,4.0,8.0,112.0,585.0,129.0,493.0
2026-4462,Bucharest,Clay,28,M,20260331,3,V812,8.0,,Botic Van De Zandschulp,R,191.0,NED,30.489,M0IF,,,Francesco Maestrelli,R,196.0,ITA,23.274,6-3 6-2,3,R32,70.0,2.0,3.0,55.0,36.0,27.0,10.0,9.0,4.0,5.0,1.0,1.0,41.0,34.0,21.0,1.0,8.0,0.0,4.0,62.0,841.0,114.0,577.0
2026-4462,Bucharest,Clay,28,M,20260331,2,N0BS,7.0,,Mariano Navone,R,178.0,ARG,25.087,O483,,,Christopher O'Connell,R,183.0,AUS,31.825,6-4 7-6(8),3,R32,120.0,0.0,5.0,83.0,59.0,40.0,8.0,11.0,5.0,8.0,2.0,1.0,65.0,39.0,25.0,10.0,11.0,1.0,5.0,60.0,860.0,128.0,493.0
2026-360,Marrakech,Clay,28,M,20260331,4,MQ75,5.0,,Kamil Majchrzak,R,183.0,POL,30.212,C0C8,,,Juan Manuel Cerundolo,L,183.0,ARG,24.372,7-6(3) 3-6 6-3,3,R32,154.0,7.0,4.0,92.0,49.0,44.0,21.0,15.0,1.0,2.0,7.0,11.0,114.0,56.0,45.0,27.0,15.0,6.0,7.0,53.0,955.0,69.0,776.0
2026-4462,Bucharest,Clay,28,M,20260331,1,D923,,,Damir Dzumhur,R,175.0,BIH,33.862,J09X,,,Filip Cristian Jianu,R,180.0,ROU,24.531,6-3 4-6 7-6(4),3,R32,161.0,0.0,4.0,89.0,61.0,42.0,15.0,15.0,1.0,5.0,0.0,0.0,121.0,80.0,51.0,17.0,16.0,11.0,16.0,74.0,731.0,246.0,219.0
2026-360,Marrakech,Clay,28,M,20260331,6,MP20,,,Alexandre Muller,R,183.0,FRA,29.158,C0NB,,,Federico Cina,R,185.0,ITA,19.003,6-2 6-3,3,R32,70.0,4.0,2.0,49.0,36.0,25.0,8.0,8.0,3.0,4.0,3.0,7.0,58.0,33.0,23.0,5.0,9.0,1.0,6.0,94.0,645.0,208.0,285.0
2026-360,Marrakech,Clay,28,M,20260331,5,B0GG,,,Mattia Bellucci,L,175.0,ITA,24.83,B0PU,,,Reda Bennani,R,178.0,MAR,19.118,6-3 3-6 6-4,3,R32,148.0,3.0,4.0,94.0,46.0,33.0,28.0,14.0,5.0,7.0,0.0,3.0,102.0,75.0,47.0,17.0,14.0,13.0,16.0,73.0,740.0,555.0,70.0
2026-717,Houston,Clay,28,M,20260331,5,Z371,,,Zhizhen Zhang,R,193.0,CHN,29.454,P0HT,,,Jack Pinnington Jones,R,180.0,GBR,23.003,6-1 6-3,3,R32,63.0,5.0,0.0,44.0,23.0,19.0,14.0,8.0,1.0,1.0,3.0,3.0,42.0,30.0,18.0,4.0,8.0,1.0,5.0,263.0,205.0,138.0,456.0
2026-717,Houston,Clay,28,M,20260331,6,V0DP,,,Adolfo Daniel Vallejo,R,183.0,PAR,21.922,S0K7,,,Zachary Svajda,R,175.0,USA,23.335,6-1 6-4,3,R32,61.0,6.0,0.0,45.0,33.0,26.0,8.0,9.0,0.0,1.0,1.0,0.0,42.0,20.0,12.0,12.0,8.0,2.0,6.0,101.0,621.0,82.0,674.0
2026-360,Marrakech,Clay,28,M,20260401,9,B0ID,7.0,,Ignacio Buse,R,183.0,PER,22.018,BK40,,,Matteo Berrettini,R,196.0,ITA,29.969,7-6(5) 6-7(2) 6-4,3,R32,181.0,5.0,4.0,124.0,76.0,50.0,26.0,17.0,6.0,9.0,7.0,1.0,103.0,67.0,40.0,24.0,17.0,4.0,8.0,59.0,864.0,91.0,650.0
2026-360,Marrakech,Clay,28,M,20260401,10,J0DZ,,,Rafael Jodar,R,191.0,ESP,19.537,L987,,,Dusan Lajovic,R,183.0,SRB,35.754,6-3 6-4,3,R32,72.0,7.0,0.0,66.0,49.0,38.0,10.0,10.0,2.0,2.0,3.0,0.0,49.0,37.0,24.0,8.0,9.0,1.0,3.0,89.0,652.0,132.0,486.0
2026-717,Houston,Clay,28,M,20260401,9,B0NN,,,Nishesh Basavareddy,R,180.0,USA,20.914,D0DP,,,Liam Draxl,R,185.0,CAN,24.32,6-3 2-6 6-4,3,R32,146.0,4.0,5.0,93.0,48.0,35.0,23.0,14.0,5.0,8.0,11.0,1.0,79.0,60.0,42.0,7.0,13.0,1.0,4.0,193.0,306.0,147.0,430.0
2026-360,Marrakech,Clay,28,M,20260401,11,U182,,,Camilo Ugo Carabelli,R,185.0,ARG,26.79,S0GR,,,Timofey Skatov,R,173.0,KAZ,25.191,6-7(2) 6-3 6-4,3,R32,166.0,12.0,2.0,101.0,69.0,54.0,14.0,16.0,2.0,3.0,9.0,1.0,105.0,65.0,43.0,25.0,15.0,5.0,8.0,67.0,780.0,202.0,292.0
2026-4462,Bucharest,Clay,28,M,20260401,9,AE14,6.0,,Daniel Altmaier,R,188.0,GER,27.551,MO44,,,Pedro Martinez,R,185.0,ESP,28.931,6-1 6-4,3,R32,96.0,3.0,0.0,51.0,33.0,28.0,12.0,9.0,2.0,2.0,1.0,0.0,55.0,40.0,25.0,5.0,8.0,6.0,9.0,52.0,960.0,113.0,580.0
2026-4462,Bucharest,Clay,28,M,20260401,10,B0BI,5.0,,Sebastian Baez,R,170.0,ARG,25.257,G0FW,,,Vilius Gaubas,R,178.0,LTU,21.254,6-3 6-1,3,R32,79.0,2.0,2.0,73.0,51.0,35.0,11.0,8.0,5.0,5.0,0.0,0.0,39.0,28.0,15.0,6.0,8.0,1.0,5.0,50.0,980.0,108.0,603.0
2026-4462,Bucharest,Clay,28,M,20260401,11,M0N7,,,Daniel Merida,R,188.0,ESP,21.511,V0AM,,,Otto Virtanen,R,193.0,FIN,24.778,7-6(4) 5-7 7-5,3,R32,171.0,4.0,4.0,129.0,79.0,50.0,23.0,18.0,7.0,13.0,7.0,5.0,133.0,77.0,47.0,27.0,18.0,11.0,17.0,136.0,458.0,123.0,512.0
2026-4462,Bucharest,Clay,28,M,20260401,12,MV14,,,Alex Molcan,L,178.0,SVK,28.331,A0FC,,,Matteo Arnaldi,R,185.0,ITA,25.103,6-3 6-1,3,R32,72.0,6.0,1.0,42.0,30.0,24.0,7.0,8.0,2.0,3.0,2.0,2.0,60.0,35.0,20.0,8.0,8.0,3.0,8.0,189.0,314.0,107.0,605.0
2026-717,Houston,Clay,28,M,20260401,7,N0AE,5.0,,Brandon Nakashima,R,188.0,USA,24.66,D0DT,,,Martin Damm,L,203.0,USA,22.501,7-6(0) 6-2,3,R32,91.0,9.0,4.0,60.0,32.0,27.0,14.0,10.0,0.0,2.0,8.0,7.0,65.0,40.0,26.0,8.0,10.0,5.0,9.0,33.0,1395.0,126.0,499.0
2026-403,Miami Masters,Hard,96,M,20260316,1,206173,2,,Jannik Sinner,R,191.0,ITA,,,21,,Jiří Lehečka,,,CZE,,6-4 6-4,3,F,,,,,,,,,,,,,,,,,,,,,,,
2026-403,Miami Masters,Hard,96,M,20260316,2,,21,,Jiří Lehečka,,,CZE,,209950,28,,Arthur Fils,R,185.0,FRA,,6-2 6-2,3,SF,,,,,,,,,,,,,,,,,,,,,,,
2026-403,Miami Masters,Hard,96,M,20260316,3,206173,2,,Jannik Sinner,R,191.0,ITA,,100644,3,,Alexander Zverev,R,198.0,GER,,6-3 7-6(7),3,SF,,,,,,,,,,,,,,,,,,,,,,,
2026-403,Miami Masters,Hard,96,M,20260316,4,,21,,Jiří Lehečka,,,CZE,,,Q,,Martín Landaluce,,,ESP,,7-6(7) 7-5,3,QF,,,,,,,,,,,,,,,,,,,,,,,
2026-403,Miami Masters,Hard,96,M,20260316,5,209950,28,,Arthur Fils,R,185.0,FRA,,126205,22,,Tommy Paul,R,185.0,USA,,6-7(3) 7-6(7) 7-6(8),3,QF,,,,,,,,,,,,,,,,,,,,,,,
2026-403,Miami Masters,Hard,96,M,20260316,6,100644,3,,Alexander Zverev,R,198.0,GER,,,18,,Francisco Cerúndolo,,,ARG,,6-1 6-2,3,QF,,,,,,,,,,,,,,,,,,,,,,,
2026-403,Miami Masters,Hard,96,M,20260316,7,206173,2,,Jannik Sinner,R,191.0,ITA,,126207,19,,Frances Tiafoe,R,188.0,USA,,6-2 6-2,3,QF,,,,,,,,,,,,,,,,,,,,,,,
2026-403,Miami Masters,Hard,96,M,20260316,8,,Q,,Martín Landaluce,,,ESP,,200624,32,,Sebastian Korda,R,196.0,USA,,2-6 7-6(8) 6-4,3,R16,,,,,,,,,,,,,,,,,,,,,,,
2026-403,Miami Masters,Hard,96,M,20260316,9,,21,,Jiří Lehečka,,,CZE,,126203,6,,Taylor Fritz,R,196.0,USA,,6-4 6-7(4) 6-2,3,R16,,,,,,,,,,,,,,,,,,,,,,,
2026-403,Miami Masters,Hard,96,M,20260316,10,126205,22,,Tommy Paul,R,185.0,USA,,,29,,Tomás Martín Etcheverry,,,ARG,,6-1 6-3,3,R16,,,,,,,,,,,,,,,,,,,,,,,
2026-403,Miami Masters,Hard,96,M,20260316,11,209950,28,,Arthur Fils,R,185.0,FRA,,200473,24,,Valentin Vacherot,R,193.0,MON,,6-4 6-7(4) 6-4,3,R16,,,,,,,,,,,,,,,,,,,,,,,
2026-403,Miami Masters,Hard,96,M,20260316,12,,18,,Francisco Cerúndolo,,,ARG,,200005,31,,Ugo Humbert,L,188.0,FRA,,6-4 6-3,3,R16,,,,,,,,,,,,,,,,,,,,,,,
2026-403,Miami Masters,Hard,96,M,20260316,13,100644,3,,Alexander Zverev,R,198.0,GER,,111460,,,Quentin Halys,R,191.0,FRA,,7-6(7) 7-6(7),3,R16,,,,,,,,,,,,,,,,,,,,,,,
2026-403,Miami Masters,Hard,96,M,20260316,14,126207,19,,Frances Tiafoe,R,188.0,USA,,,,,Térence Atmane,,,FRA,,6-4 1-6 6-4,3,R16,,,,,,,,,,,,,,,,,,,,,,,
2026-403,Miami Masters,Hard,96,M,20260316,15,206173,2,,Jannik Sinner,R,191.0,ITA,,210506,,,Alex Michelsen,R,193.0,USA,,7-5 7-6(7),3,R16,,,,,,,,,,,,,,,,,,,,,,,
2026-403,Miami Masters,Hard,96,M,20260316,16,200624,32,,Sebastian Korda,R,196.0,USA,,207989,1,,Carlos Alcaraz,R,183.0,ESP,,6-3 5-7 6-4,3,R32,,,,,,,,,,,,,,,,,,,,,,,
2026-403,Miami Masters,Hard,96,M,20260316,17,,Q,,Martín Landaluce,,,ESP,,111575,14,,Karen Khachanov,R,198.0,RUS,,6-3 7-6(7),3,R32,,,,,,,,,,,,,,,,,,,,,,,
2026-403,Miami Masters,Hard,96,M,20260316,18,,21,,Jiří Lehečka,,,CZE,,210319,,,Ethan Quinn,R,191.0,USA,,6-3 7-6(8),3,R32,,,,,,,,,,,,,,,,,,,,,,,
2026-403,Miami Masters,Hard,96,M,20260316,19,126203,6,,Taylor Fritz,R,196.0,USA,,124187,,,Reilly Opelka,R,211.0,USA,,6-3 6-4,3,R32,,,,,,,,,,,,,,,,,,,,,,,
2026-403,Miami Masters,Hard,96,M,20260316,20,,29,,Tomás Martín Etcheverry,,,ARG,,,Q,,Rafael Jódar,,,ESP,,7-5 6-4,3,R32,,,,,,,,,,,,,,,,,,,,,,,
2026-403,Miami Masters,Hard,96,M,20260316,21,126205,22,,Tommy Paul,R,185.0,USA,,,,,Raphaël Collignon,,,BEL,,6-2 3-6 7-6(7),3,R32,,,,,,,,,,,,,,,,,,,,,,,
2026-403,Miami Masters,Hard,96,M,20260316,22,200473,24,,Valentin Vacherot,R,193.0,MON,,126610,,,Matteo Berrettini,R,196.0,ITA,,7-6(7) 6-4,3,R32,,,,,,,,,,,,,,,,,,,,,,,
2026-403,Miami Masters,Hard,96,M,20260316,23,209950,28,,Arthur Fils,R,185.0,FRA,,126774,,,Stefanos Tsitsipas,R,193.0,GRE,,6-0 6-1,3,R32,,,,,,,,,,,,,,,,,,,,,,,
2026-403,Miami Masters,Hard,96,M,20260316,24,200005,31,,Ugo Humbert,L,188.0,FRA,,207686,,,Alexander Shevchenko,R,185.0,KAZ,,6-4 7-6(7),3,R32,,,,,,,,,,,,,,,,,,,,,,,
2026-403,Miami Masters,Hard,96,M,20260316,25,,18,,Francisco Cerúndolo,,,ARG,,106421,9,,Daniil Medvedev,R,198.0,RUS,,6-0 4-6 7-5,3,R32,,,,,,,,,,,,,,,,,,,,,,,
2026-403,Miami Masters,Hard,96,M,20260316,26,111460,,,Quentin Halys,R,191.0,FRA,,111794,,,Kamil Majchrzak,R,180.0,POL,,7-6(7) 6-1,3,R32,,,,,,,,,,,,,,,,,,,,,,,
2026-403,Miami Masters,Hard,96,M,20260316,27,100644,3,,Alexander Zverev,R,198.0,GER,,,,,Marin Čilić,,,CRO,,6-2 5-7 6-4,3,R32,,,,,,,,,,,,,,,,,,,,,,,
2026-403,Miami Masters,Hard,96,M,20260316,28,,,,Térence Atmane,,,FRA,,,7,,Félix Auger-Aliassime,,,CAN,,6-3 1-6 6-3,3,R32,,,,,,,,,,,,,,,,,,,,,,,
2026-403,Miami Masters,Hard,96,M,20260316,29,126207,19,,Frances Tiafoe,R,188.0,USA,,,12,,Jakub Menšík,,,CZE,,7-6(7) 4-6 7-6(13),3,R32,,,,,,,,,,,,,,,,,,,,,,,
2026-403,Miami Masters,Hard,96,M,20260316,30,210506,,,Alex Michelsen,R,193.0,USA,,126214,,,Alejandro Tabilo,L,188.0,CHI,,3-6 6-3 6-4,3,R32,,,,,,,,,,,,,,,,,,,,,,,
2026-403,Miami Masters,Hard,96,M,20260316,31,206173,2,,Jannik Sinner,R,191.0,ITA,,144895,30,,Corentin Moutet,L,180.0,FRA,,6-1 6-4,3,R32,,,,,,,,,,,,,,,,,,,,,,,
2026-403,Miami Masters,Hard,96,M,20260316,32,207989,1,,Carlos Alcaraz,R,183.0,ESP,,,,,João Fonseca,,,BRA,,6-4 6-4,3,R64,,,,,,,,,,,,,,,,,,,,,,,
2026-403,Miami Masters,Hard,96,M,20260316,33,200624,32,,Sebastian Korda,R,196.0,USA,,200116,,,Camilo Ugo Carabelli,R,185.0,ARG,,6-0 6-3,3,R64,,,,,,,,,,,,,,,,,,,,,,,
2026-403,Miami Masters,Hard,96,M,20260316,34,,Q,,Martín Landaluce,,,ESP,,209260,17,,Luciano Darderi,R,183.0,ITA,,6-3 6-7(4) 6-4,3,R64,,,,,,,,,,,,,,,,,,,,,,,
2026-403,Miami Masters,Hard,96,M,20260316,35,111575,14,,Karen Khachanov,R,198.0,RUS,,105138,,,Roberto Bautista Agut,R,183.0,ESP,,6-3 6-3,3,R64,,,,,,,,,,,,,,,,,,,,,,,
2026-403,Miami Masters,Hard,96,M,20260316,36,210319,,,Ethan Quinn,R,191.0,USA,,134770,11,,Casper Ruud,R,183.0,NOR,,6-4 7-6(9),3,R64,,,,,,,,,,,,,,,,,,,,,,,
2026-403,Miami Masters,Hard,96,M,20260316,37,,21,,Jiří Lehečka,,,CZE,,,WC,,Moïse Kouamé,,,FRA,,6-2 7-5,3,R64,,,,,,,,,,,,,,,,,,,,,,,
2026-403,Miami Masters,Hard,96,M,20260316,38,124187,,,Reilly Opelka,R,211.0,USA,,207733,25,,Jack Draper,L,193.0,GBR,,7-6(7) 7-6(7),3,R64,,,,,,,,,,,,,,,,,,,,,,,
2026-403,Miami Masters,Hard,96,M,20260316,39,126203,6,,Taylor Fritz,R,196.0,USA,,,,,Botic van de Zandschulp,,,NED,,6-3 6-7(2) 6-3,3,R64,,,,,,,,,,,,,,,,,,,,,,,
2026-403,Miami Masters,Hard,96,M,20260316,40,,Q,,Rafael Jódar,,,ESP,,126846,LL,,Aleksandar Vukic,R,188.0,AUS,,6-1 6-2,3,R64,,,,,,,,,,,,,,,,,,,,,,,
2026-403,Miami Masters,Hard,96,M,20260316,41,,29,,Tomás Martín Etcheverry,,,ARG,,200267,,,Zizou Bergs,R,185.0,BEL,,7-6(7) 7-6(7),3,R64,,,,,,,,,,,,,,,,,,,,,,,
2026-403,Miami Masters,Hard,96,M,20260316,42,126205,22,,Tommy Paul,R,185.0,USA,,105173,,,Adrian Mannarino,L,180.0,FRA,,6-2 2-6 6-4,3,R64,,,,,,,,,,,,,,,,,,,,,,,
2026-403,Miami Masters,Hard,96,M,20260316,43,,,,Raphaël Collignon,,,BEL,,207925,13,,Flavio Cobolli,R,183.0,ITA,,7-5 6-3,3,R64,,,,,,,,,,,,,,,,,,,,,,,
2026-403,Miami Masters,Hard,96,M,20260316,44,126610,,,Matteo Berrettini,R,196.0,ITA,,122330,10,,Alexander Bublik,R,196.0,KAZ,,6-4 6-4,3,R64,,,,,,,,,,,,,,,,,,,,,,,
2026-403,Miami Masters,Hard,96,M,20260316,45,200473,24,,Valentin Vacherot,R,193.0,MON,,208363,,,Mariano Navone,R,178.0,ARG,,6-3 6-4,3,R64,,,,,,,,,,,,,,,,,,,,,,,
2026-403,Miami Masters,Hard,96,M,20260316,46,209950,28,,Arthur Fils,R,185.0,FRA,,210464,WC,,Darwin Blanch,L,185.0,USA,,6-2 6-3,3,R64,,,,,,,,,,,,,,,,,,,,,,,
2026-403,Miami Masters,Hard,96,M,20260316,47,126774,,,Stefanos Tsitsipas,R,193.0,GRE,,,5,,Alex de Minaur,,,AUS,,6-3 7-6(7),3,R64,,,,,,,,,,,,,,,,,,,,,,,
2026-403,Miami Masters,Hard,96,M,20260316,48,207686,,,Alexander Shevchenko,R,185.0,KAZ,,210097,8,,Ben Shelton,L,193.0,USA,,6-7(3) 7-6(7) 6-3,3,R64,,,,,,,,,,,,,,,,,,,,,,,
2026-403,Miami Masters,Hard,96,M,20260316,49,200005,31,,Ugo Humbert,L,188.0,FRA,,209113,,,Gabriel Diallo,R,203.0,CAN,,6-1 6-4,3,R64,,,,,,,,,,,,,,,,,,,,,,,
2026-403,Miami Masters,Hard,96,M,20260316,50,,18,,Francisco Cerúndolo,,,ARG,,,LL,,Thiago Agustín Tirante,,,ARG,,6-4 6-2,3,R64,,,,,,,,,,,,,,,,,,,,,,,
2026-403,Miami Masters,Hard,96,M,20260316,51,106421,9,,Daniil Medvedev,R,198.0,RUS,,S0UV,WC,,Rei Sakamoto,R,193.0,JPN,,6-7(10) 6-3 6-1,3,R64,,,,,,,,,,,,,,,,,,,,,,,
2026-403,Miami Masters,Hard,96,M,20260316,52,111460,,,Quentin Halys,R,191.0,FRA,,200221,16,,Alejandro Davidovich Fokina,R,183.0,ESP,,7-6(10) 6-4,3,R64,,,,,,,,,,,,,,,,,,,,,,,
2026-403,Miami Masters,Hard,96,M,20260316,53,111794,,,Kamil Majchrzak,R,180.0,POL,,210530,20,,Learner Tien,L,180.0,USA,,6-2 4-6 6-2,3,R64,,,,,,,,,,,,,,,,,,,,,,,
2026-403,Miami Masters,Hard,96,M,20260316,54,,,,Marin Čilić,,,CRO,,206909,27,,Brandon Nakashima,R,188.0,USA,,2-6 6-4 7-6(9),3,R64,,,,,,,,,,,,,,,,,,,,,,,
2026-403,Miami Masters,Hard,96,M,20260316,55,100644,3,,Alexander Zverev,R,198.0,GER,,,WC,,Martin Damm (born 2003),,,USA,,6-2 6-4,3,R64,,,,,,,,,,,,,,,,,,,,,,,
2026-403,Miami Masters,Hard,96,M,20260316,56,,7,,Félix Auger-Aliassime,,,CAN,,,,,Márton Fucsovics,,,HUN,,7-6(7) 7-5,3,R64,,,,,,,,,,,,,,,,,,,,,,,
2026-403,Miami Masters,Hard,96,M,20260316,57,,,,Térence Atmane,,,FRA,,126239,26,,Arthur Rinderknech,R,196.0,FRA,,7-6(7) 6-3,3,R64,,,,,,,,,,,,,,,,,,,,,,,
2026-403,Miami Masters,Hard,96,M,20260316,58,126207,19,,Frances Tiafoe,R,188.0,USA,,209070,,,Arthur Cazaux,R,183.0,FRA,,7-6(7) 6-1,3,R64,,,,,,,,,,,,,,,,,,,,,,,
2026-403,Miami Masters,Hard,96,M,20260316,59,,12,,Jakub Menšík,,,CZE,,200443,Q,,Adam Walton,R,183.0,AUS,,3-6 6-2 6-4,3,R64,,,,,,,,,,,,,,,,,,,,,,,
2026-403,Miami Masters,Hard,96,M,20260316,60,126214,,,Alejandro Tabilo,L,188.0,CHI,,126094,15,,Andrey Rublev,R,188.0,RUS,,6-7(5) 6-2 6-4,3,R64,,,,,,,,,,,,,,,,,,,,,,,
2026-403,Miami Masters,Hard,96,M,20260316,61,210506,,,Alex Michelsen,R,193.0,USA,,111815,23,,Cameron Norrie,L,188.0,GBR,,7-5 6-7(4) 6-4,3,R64,,,,,,,,,,,,,,,,,,,,,,,
2026-403,Miami Masters,Hard,96,M,20260316,62,144895,30,,Corentin Moutet,L,180.0,FRA,,,,,Tomáš Macháč,,,CZE,,6-0 1-6 6-4,3,R64,,,,,,,,,,,,,,,,,,,,,,,
2026-403,Miami Masters,Hard,96,M,20260316,63,206173,2,,Jannik Sinner,R,191.0,ITA,,,,,Damir Džumhur,,,BIH,,6-3 6-3,3,R64,,,,,,,,,,,,,,,,,,,,,,,
2026-403,Miami Masters,Hard,96,M,20260316,64,,,,João Fonseca,,,BRA,,,,,Fábián Marozsán,,,HUN,,6-4 3-6 6-2,3,R128,,,,,,,,,,,,,,,,,,,,,,,
2026-403,Miami Masters,Hard,96,M,20260316,65,200116,,,Camilo Ugo Carabelli,R,185.0,ARG,,208659,,,Giovanni Mpetshi Perricard,R,203.0,FRA,,2-6 6-3 7-6(7),3,R128,,,,,,,,,,,,,,,,,,,,,,,
2026-403,Miami Masters,Hard,96,M,20260316,66,,Q,,Martín Landaluce,,,ESP,,106218,,,Marcos Giron,R,180.0,USA,,6-3 7-6(8),3,R128,,,,,,,,,,,,,,,,,,,,,,,
2026-403,Miami Masters,Hard,96,M,20260316,67,105138,,,Roberto Bautista Agut,R,183.0,ESP,,105902,,,James Duckworth,R,183.0,AUS,,7-6(7) 7-6(7),3,R128,,,,,,,,,,,,,,,,,,,,,,,
2026-403,Miami Masters,Hard,96,M,20260316,68,210319,,,Ethan Quinn,R,191.0,USA,,128034,,,Hubert Hurkacz,R,196.0,POL,,6-2 6-4,3,R128,,,,,,,,,,,,,,,,,,,,,,,
2026-403,Miami Masters,Hard,96,M,20260316,69,,WC,,Moïse Kouamé,,,FRA,,208260,Q,,Zachary Svajda,R,175.0,USA,,5-7 6-4 6-4,3,R128,,,,,,,,,,,,,,,,,,,,,,,
2026-403,Miami Masters,Hard,96,M,20260316,70,124187,,,Reilly Opelka,R,211.0,USA,,132686,,,Nuno Borges,R,185.0,POR,,6-7(6) 6-2 7-6(7),3,R128,,,,,,,,,,,,,,,,,,,,,,,
2026-403,Miami Masters,Hard,96,M,20260316,71,,,,Botic van de Zandschulp,,,NED,,133430,,,Denis Shapovalov,L,185.0,CAN,,7-5 6-3,3,R128,,,,,,,,,,,,,,,,,,,,,,,
2026-403,Miami Masters,Hard,96,M,20260316,72,,Q,,Rafael Jódar,,,ESP,,105870,Q,,Yannick Hanfmann,R,193.0,GER,,6-4 4-6 6-1,3,R128,,,,,,,,,,,,,,,,,,,,,,,
2026-403,Miami Masters,Hard,96,M,20260316,73,200267,,,Zizou Bergs,R,185.0,BEL,,B0CD,,,Jenson Brooksby,R,193.0,USA,,7-5 6-2,3,R128,,,,,,,,,,,,,,,,,,,,,,,
2026-403,Miami Masters,Hard,96,M,20260316,74,105173,,,Adrian Mannarino,L,180.0,FRA,,,PR,,Zhang Zhizhen,,,CHN,,6-3 6-2,3,R128,,,,,,,,,,,,,,,,,,,,,,,
2026-403,Miami Masters,Hard,96,M,20260316,75,,,,Raphaël Collignon,,,BEL,,105777,,,Grigor Dimitrov,R,191.0,BUL,,7-6(7) 4-6 7-6(8),3,R128,,,,,,,,,,,,,,,,,,,,,,,
2026-403,Miami Masters,Hard,96,M,20260316,76,126610,,,Matteo Berrettini,R,196.0,ITA,,,,,Alexandre Müller,,,FRA,,6-4 6-2,3,R128,,,,,,,,,,,,,,,,,,,,,,,
2026-403,Miami Masters,Hard,96,M,20260316,77,208363,,,Mariano Navone,R,178.0,ARG,,BG23,Q,,Nikoloz Basilashvili,R,185.0,GEO,,7-6(9) 6-3,3,R128,,,,,,,,,,,,,,,,,,,,,,,
2026-403,Miami Masters,Hard,96,M,20260316,78,210464,WC,,Darwin Blanch,L,185.0,USA,,,,,Jan-Lennard Struff,,,GER,,6-3 3-6 6-3,3,R128,,,,,,,,,,,,,,,,,,,,,,,
2026-403,Miami Masters,Hard,96,M,20260316,79,126774,,,Stefanos Tsitsipas,R,193.0,GRE,,209259,Q,,Arthur Fery,R,175.0,GBR,,6-1 7-6(7),3,R128,,,,,,,,,,,,,,,,,,,,,,,
2026-403,Miami Masters,Hard,96,M,20260316,80,207686,,,Alexander Shevchenko,R,185.0,KAZ,,208286,,,Matteo Arnaldi,R,185.0,ITA,,7-6(7) 6-7(5) 6-2,3,R128,,,,,,,,,,,,,,,,,,,,,,,
2026-403,Miami Masters,Hard,96,M,20260316,81,209113,,,Gabriel Diallo,R,203.0,CAN,,,WC,,Wu Yibing,,,CHN,,6-2 7-6(7),3,R128,,,,,,,,,,,,,,,,,,,,,,,
2026-403,Miami Masters,Hard,96,M,20260316,82,,LL,,Thiago Agustín Tirante,,,ARG,,R0EB,,,Valentin Royer,R,188.0,FRA,,7-5 6-7(9) 7-6(7),3,R128,,,,,,,,,,,,,,,,,,,,,,,
2026-403,Miami Masters,Hard,96,M,20260316,83,S0UV,WC,,Rei Sakamoto,R,193.0,JPN,,206499,,,Aleksandar Kovacevic,R,183.0,USA,,6-4 3-6 7-6(9),3,R128,,,,,,,,,,,,,,,,,,,,,,,
2026-403,Miami Masters,Hard,96,M,20260316,84,111460,,,Quentin Halys,R,191.0,FRA,,D0DP,Q,,Liam Draxl,R,185.0,CAN,,6-7(4) 6-1 6-1,3,R128,,,,,,,,,,,,,,,,,,,,,,,
2026-403,Miami Masters,Hard,96,M,20260316,85,111794,,,Kamil Majchrzak,R,180.0,POL,,,,,Miomir Kecmanović,,,SRB,,4-6 6-3 6-1,3,R128,,,,,,,,,,,,,,,,,,,,,,,
2026-403,Miami Masters,Hard,96,M,20260316,86,,,,Marin Čilić,,,CRO,,200615,,,Alexei Popyrin,R,196.0,AUS,,6-4 6-4,3,R128,,,,,,,,,,,,,,,,,,,,,,,
2026-403,Miami Masters,Hard,96,M,20260316,87,,WC,,Martin Damm (born 2003),,,USA,,207985,,,Jacob Fearnley,R,183.0,GBR,,6-0 0-0,3,R128,,,,,,,,,,,,,,,,,,,,,,,
2026-403,Miami Masters,Hard,96,M,20260316,88,,,,Márton Fucsovics,,,HUN,,O483,Q,,Christopher O'Connell,R,183.0,AUS,,7-6(8) 6-3,3,R128,,,,,,,,,,,,,,,,,,,,,,,
2026-403,Miami Masters,Hard,96,M,20260316,89,,,,Térence Atmane,,,FRA,,127157,,,Daniel Altmaier,R,188.0,GER,,6-4 6-2,3,R128,,,,,,,,,,,,,,,,,,,,,,,
2026-403,Miami Masters,Hard,96,M,20260316,90,209070,,,Arthur Cazaux,R,183.0,FRA,,,Q,,Tomás Barrios Vera,,,CHI,,7-5 6-4,3,R128,,,,,,,,,,,,,,,,,,,,,,,
2026-403,Miami Masters,Hard,96,M,20260316,91,200443,Q,,Adam Walton,R,183.0,AUS,,,,,Sebastián Báez,,,ARG,,6-2 6-2,3,R128,,,,,,,,,,,,,,,,,,,,,,,
2026-403,Miami Masters,Hard,96,M,20260316,92,126214,,,Alejandro Tabilo,L,188.0,CHI,,,,,Francisco Comesaña,,,ARG,,6-4 6-2,3,R128,,,,,,,,,,,,,,,,,,,,,,,
2026-403,Miami Masters,Hard,96,M,20260316,93,210506,,,Alex Michelsen,R,193.0,USA,,208233,Q,,Mattia Bellucci,L,175.0,ITA,,6-2 6-1,3,R128,,,,,,,,,,,,,,,,,,,,,,,
2026-403,Miami Masters,Hard,96,M,20260316,94,,,,Tomáš Macháč,,,CZE,,207182,,,Emilio Nava,R,185.0,USA,,2-6 6-4 6-1,3,R128,,,,,,,,,,,,,,,,,,,,,,,
2026-403,Miami Masters,Hard,96,M,20260316,95,,,,Damir Džumhur,,,BIH,,209860,Q,,Ignacio Buse,R,185.0,PER,,6-7(6) 7-6(8) 6-1,3,R128,,,,,,,,,,,,,,,,,,,,,,,
2026-717,Houston,Clay,28,250,20260330,1,126205,4,,Tommy Paul,R,185.0,USA,,,,,Román Andrés Burruchaga,,,ARG,,6-1 3-6 7-5,3,F,,,,,,,,,,,,,,,,,,,,,,,
2026-717,Houston,Clay,28,250,20260330,2,,,,Román Andrés Burruchaga,,,ARG,,,nbsp,,Thiago Agustín Tirante,,,ARG,,6-1 6-1,3,SF,,,,,,,,,,,,,,,,,,,,,,,
2026-717,Houston,Clay,28,250,20260330,3,126205,4,,Tommy Paul,R,185.0,USA,,126207,2,,Frances Tiafoe,R,188.0,USA,,7-5 4-6 7-6(9),3,SF,,,,,,,,,,,,,,,,,,,,,,,
2026-717,Houston,Clay,28,250,20260330,4,,,,Thiago Agustín Tirante,,,ARG,,210097,1,,Ben Shelton,L,193.0,USA,,6-7(5) 6-3 6-4,3,QF,,,,,,,,,,,,,,,,,,,,,,,
2026-717,Houston,Clay,28,250,20260330,5,,,,Román Andrés Burruchaga,,,ARG,,210530,3,,Learner Tien,L,180.0,USA,,7-5 6-4,3,QF,,,,,,,,,,,,,,,,,,,,,,,
2026-717,Houston,Clay,28,250,20260330,6,126205,4,,Tommy Paul,R,185.0,USA,,,6,,Tomás Martín Etcheverry,,,ARG,,6-4 6-2,3,QF,,,,,,,,,,,,,,,,,,,,,,,
2026-717,Houston,Clay,28,250,20260330,7,126207,2,,Frances Tiafoe,R,188.0,USA,,200615,,,Alexei Popyrin,R,196.0,AUS,,3-6 6-4 7-6(8),3,QF,,,,,,,,,,,,,,,,,,,,,,,
2026-717,Houston,Clay,28,250,20260330,8,210097,1,,Ben Shelton,L,193.0,USA,,,WC,,Zhang Zhizhen,,,CHN,,7-6(7) 7-6(7),3,R16,,,,,,,,,,,,,,,,,,,,,,,
2026-717,Houston,Clay,28,250,20260330,9,,,,Thiago Agustín Tirante,,,ARG,,,,,Mackenzie McDonald,,,USA,,6-2 6-0,3,R16,,,,,,,,,,,,,,,,,,,,,,,
2026-717,Houston,Clay,28,250,20260330,10,210530,3,,Learner Tien,L,180.0,USA,,210460,WC,,Nishesh Basavareddy,R,180.0,USA,,6-3 3-6 6-1,3,R16,,,,,,,,,,,,,,,,,,,,,,,
2026-717,Houston,Clay,28,250,20260330,11,,,,Román Andrés Burruchaga,,,ARG,,206909,5,,Brandon Nakashima,R,188.0,USA,,6-4 2-6 6-4,3,R16,,,,,,,,,,,,,,,,,,,,,,,
2026-717,Houston,Clay,28,250,20260330,12,,6,,Tomás Martín Etcheverry,,,ARG,,106109,Q,,Alex Bolt,L,183.0,AUS,,6-7(5) 6-0 6-3,3,R16,,,,,,,,,,,,,,,,,,,,,,,
2026-717,Houston,Clay,28,250,20260330,13,126205,4,,Tommy Paul,R,185.0,USA,,118808,,,Daniel Vallejo,R,,MEX,,3-6 6-4 6-4,3,R16,,,,,,,,,,,,,,,,,,,,,,,
2026-717,Houston,Clay,28,250,20260330,14,200615,,,Alexei Popyrin,R,196.0,AUS,,210506,7,,Alex Michelsen,R,193.0,USA,,6-0 4-6 6-1,3,R16,,,,,,,,,,,,,,,,,,,,,,,
2026-717,Houston,Clay,28,250,20260330,15,126207,2,,Frances Tiafoe,R,188.0,USA,,208014,,,Rinky Hijikata,R,178.0,AUS,,6-4 3-6 6-2,3,R16,,,,,,,,,,,,,,,,,,,,,,,
2026-717,Houston,Clay,28,250,20260330,16,,WC,,Zhang Zhizhen,,,CHN,,P0HT,Q,,Jack Pinnington Jones,R,180.0,GBR,,6-1 6-3,3,R32,,,,,,,,,,,,,,,,,,,,,,,
2026-717,Houston,Clay,28,250,20260330,17,,,,Thiago Agustín Tirante,,,ARG,,S0ZE,WC,,Colton Smith,R,183.0,USA,,6-0 6-3,3,R32,,,,,,,,,,,,,,,,,,,,,,,
2026-717,Houston,Clay,28,250,20260330,18,,,,Mackenzie McDonald,,,USA,,B0CD,8,,Jenson Brooksby,R,193.0,USA,,6-4 6-2,3,R32,,,,,,,,,,,,,,,,,,,,,,,
2026-717,Houston,Clay,28,250,20260330,19,210460,WC,,Nishesh Basavareddy,R,180.0,USA,,D0DP,Q,,Liam Draxl,R,185.0,CAN,,6-3 2-6 6-4,3,R32,,,,,,,,,,,,,,,,,,,,,,,
2026-717,Houston,Clay,28,250,20260330,20,,,,Román Andrés Burruchaga,,,ARG,,200443,,,Adam Walton,R,183.0,AUS,,6-2 6-3,3,R32,,,,,,,,,,,,,,,,,,,,,,,
2026-717,Houston,Clay,28,250,20260330,21,206909,5,,Brandon Nakashima,R,188.0,USA,,,,,Martin Damm (born 2003),,,USA,,7-6(7) 6-2,3,R32,,,,,,,,,,,,,,,,,,,,,,,
2026-717,Houston,Clay,28,250,20260330,22,,6,,Tomás Martín Etcheverry,,,ARG,,,Q,,Federico Agustín Gómez,,,ARG,,1-6 6-1 6-4,3,R32,,,,,,,,,,,,,,,,,,,,,,,
2026-717,Houston,Clay,28,250,20260330,23,106109,Q,,Alex Bolt,L,183.0,AUS,,,,,Wu Yibing,,,CHN,,7-6(8) 6-2,3,R32,,,,,,,,,,,,,,,,,,,,,,,
2026-717,Houston,Clay,28,250,20260330,24,118808,,,Daniel Vallejo,R,,MEX,,208260,,,Zachary Svajda,R,175.0,USA,,6-1 6-4,3,R32,,,,,,,,,,,,,,,,,,,,,,,
2026-717,Houston,Clay,28,250,20260330,25,210506,7,,Alex Michelsen,R,193.0,USA,,209409,,,Coleman Wong,R,191.0,HKG,,6-4 6-2,3,R32,,,,,,,,,,,,,,,,,,,,,,,
2026-717,Houston,Clay,28,250,20260330,26,200615,,,Alexei Popyrin,R,196.0,AUS,,200516,,,Patrick Kypson,R,188.0,USA,,4-6 6-4 6-3,3,R32,,,,,,,,,,,,,,,,,,,,,,,
2026-717,Houston,Clay,28,250,20260330,27,208014,,,Rinky Hijikata,R,178.0,AUS,,206499,,,Aleksandar Kovacevic,R,183.0,USA,,6-4 6-2,3,R32,,,,,,,,,,,,,,,,,,,,,,,
2026-360,Marrakech,Clay,28,250,20260330,1,,nbsp,,Rafael Jódar,,,ESP,,105477,Q,,Marco Trungelliti,R,178.0,ARG,,6-3 6-2,3,F,,,,,,,,,,,,,,,,,,,,,,,
2026-360,Marrakech,Clay,28,250,20260330,2,105477,Q,,Marco Trungelliti,R,178.0,ARG,,209260,1,,Luciano Darderi,R,183.0,ITA,,6-4 7-6(7),3,SF,,,,,,,,,,,,,,,,,,,,,,,
2026-360,Marrakech,Clay,28,250,20260330,3,,nbsp,,Rafael Jódar,,,ESP,,200116,nbsp,,Camilo Ugo Carabelli,R,185.0,ARG,,6-2 6-1,3,SF,,,,,,,,,,,,,,,,,,,,,,,
2026-360,Marrakech,Clay,28,250,20260330,4,209260,1,,Luciano Darderi,R,183.0,ITA,,105870,8,,Yannick Hanfmann,R,193.0,GER,,w/o-,3,QF,,,,,,,,,,,,,,,,,,,,,,,
2026-360,Marrakech,Clay,28,250,20260330,5,105477,Q,,Marco Trungelliti,R,178.0,ARG,,144895,3,,Corentin Moutet,L,180.0,FRA,,4-6 6-3 6-4,3,QF,,,,,,,,,,,,,,,,,,,,,,,
2026-360,Marrakech,Clay,28,250,20260330,6,,,,Rafael Jódar,,,ESP,,,,,Alexandre Müller,,,FRA,,6-2 2-0,3,QF,,,,,,,,,,,,,,,,,,,,,,,
2026-360,Marrakech,Clay,28,250,20260330,7,200116,,,Camilo Ugo Carabelli,R,185.0,ARG,,209414,,,Luca Van Assche,R,178.0,FRA,,0-6 6-3 6-2,3,QF,,,,,,,,,,,,,,,,,,,,,,,
2026-360,Marrakech,Clay,28,250,20260330,8,209260,1,,Luciano Darderi,R,183.0,ITA,,208233,,,Mattia Bellucci,L,175.0,ITA,,6-4 6-2,3,R16,,,,,,,,,,,,,,,,,,,,,,,
2026-360,Marrakech,Clay,28,250,20260330,9,105870,8,,Yannick Hanfmann,R,193.0,GER,,B0QQ,WC,,Karim Bennani,,,MAR,,6-4 6-7(3) 6-2,3,R16,,,,,,,,,,,,,,,,,,,,,,,
2026-360,Marrakech,Clay,28,250,20260330,10,144895,3,,Corentin Moutet,L,180.0,FRA,,B0D6,WC,,Taha Baadi,R,183.0,MAR,,6-0 6-2,3,R16,,,,,,,,,,,,,,,,,,,,,,,
2026-360,Marrakech,Clay,28,250,20260330,11,105477,Q,,Marco Trungelliti,R,178.0,ARG,,111794,5,,Kamil Majchrzak,R,180.0,POL,,7-6(7) 6-3,3,R16,,,,,,,,,,,,,,,,,,,,,,,
2026-360,Marrakech,Clay,28,250,20260330,12,,,,Alexandre Müller,,,FRA,,,6,,Vít Kopřiva,,,CZE,,6-3 7-6(7),3,R16,,,,,,,,,,,,,,,,,,,,,,,
2026-360,Marrakech,Clay,28,250,20260330,13,,,,Rafael Jódar,,,ESP,,,4,,Tomáš Macháč,,,CZE,,6-4 4-6 6-3,3,R16,,,,,,,,,,,,,,,,,,,,,,,
2026-360,Marrakech,Clay,28,250,20260330,14,200116,,,Camilo Ugo Carabelli,R,185.0,ARG,,209860,7,,Ignacio Buse,R,185.0,PER,,6-3 3-6 7-5,3,R16,,,,,,,,,,,,,,,,,,,,,,,
2026-360,Marrakech,Clay,28,250,20260330,15,209414,,,Luca Van Assche,R,178.0,FRA,,134868,2,,Tallon Griekspoor,R,188.0,NED,,6-4 1-6 6-3,3,R16,,,,,,,,,,,,,,,,,,,,,,,
2026-360,Marrakech,Clay,28,250,20260330,16,208233,,,Mattia Bellucci,L,175.0,ITA,,B0PU,WC,,Reda Bennani,R,178.0,MAR,,6-3 3-6 6-4,3,R32,,,,,,,,,,,,,,,,,,,,,,,
2026-360,Marrakech,Clay,28,250,20260330,17,B0QQ,WC,,Karim Bennani,,,MAR,,111460,,,Quentin Halys,R,191.0,FRA,,6-4 6-7(5) 6-2,3,R32,,,,,,,,,,,,,,,,,,,,,,,
2026-360,Marrakech,Clay,28,250,20260330,18,105870,8,,Yannick Hanfmann,R,193.0,GER,,,,,Jesper de Jong,,,NED,,7-6(8) 6-4,3,R32,,,,,,,,,,,,,,,,,,,,,,,
2026-360,Marrakech,Clay,28,250,20260330,19,B0D6,WC,,Taha Baadi,R,183.0,MAR,,126846,,,Aleksandar Vukic,R,188.0,AUS,,6-2 3-6 6-1,3,R32,,,,,,,,,,,,,,,,,,,,,,,
2026-360,Marrakech,Clay,28,250,20260330,20,105477,Q,,Marco Trungelliti,R,178.0,ARG,,210012,Q,,Henrique Rocha,R,180.0,POR,,7-6(7) 6-2,3,R32,,,,,,,,,,,,,,,,,,,,,,,
2026-360,Marrakech,Clay,28,250,20260330,21,111794,5,,Kamil Majchrzak,R,180.0,POL,,,,,Juan Manuel Cerúndolo,,,ARG,,7-6(7) 3-6 6-3,3,R32,,,,,,,,,,,,,,,,,,,,,,,
2026-360,Marrakech,Clay,28,250,20260330,22,,6,,Vít Kopřiva,,,CZE,,209098,,,Hamad Medjedovic,R,188.0,SRB,,6-7(4) 7-5 6-2,3,R32,,,,,,,,,,,,,,,,,,,,,,,
2026-360,Marrakech,Clay,28,250,20260330,23,,,,Alexandre Müller,,,FRA,,,NG,,Federico Cinà,,,ITA,,6-2 6-3,3,R32,,,,,,,,,,,,,,,,,,,,,,,
2026-360,Marrakech,Clay,28,250,20260330,24,,,,Rafael Jódar,,,ESP,,,Q,,Dušan Lajović,,,SRB,,6-3 6-4,3,R32,,,,,,,,,,,,,,,,,,,,,,,
2026-360,Marrakech,Clay,28,250,20260330,25,209860,7,,Ignacio Buse,R,185.0,PER,,126610,,,Matteo Berrettini,R,196.0,ITA,,7-6(7) 6-7(2) 6-4,3,R32,,,,,,,,,,,,,,,,,,,,,,,
2026-360,Marrakech,Clay,28,250,20260330,26,200116,,,Camilo Ugo Carabelli,R,185.0,ARG,,207608,Q,,Timofey Skatov,R,175.0,KAZ,,6-7(2) 6-3 6-4,3,R32,,,,,,,,,,,,,,,,,,,,,,,
2026-360,Marrakech,Clay,28,250,20260330,27,209414,,,Luca Van Assche,R,178.0,FRA,,200384,,,Hugo Gaston,L,173.0,FRA,,6-4 7-6(7),3,R32,,,,,,,,,,,,,,,,,,,,,,,
2026-4462,Bucharest,Clay,28,250,20260330,1,208363,7,,Mariano Navone,R,178.0,ARG,,,Q,,Daniel Mérida,,,ESP,,6-2 4-6 7-5,3,F,,,,,,,,,,,,,,,,,,,,,,,
2026-4462,Bucharest,Clay,28,250,20260330,2,208363,7,,Mariano Navone,R,178.0,ARG,,,8,,Botic van de Zandschulp,,,NED,,5-7 7-6(7) 7-5,3,SF,,,,,,,,,,,,,,,,,,,,,,,
2026-4462,Bucharest,Clay,28,250,20260330,3,,Q,,Daniel Mérida,,,ESP,,,3,,Fábián Marozsán,,,HUN,,6-7(4) 6-3 6-1,3,SF,,,,,,,,,,,,,,,,,,,,,,,
2026-4462,Bucharest,Clay,28,250,20260330,4,208363,7,,Mariano Navone,R,178.0,ARG,,,Q,,Alex Molčan,,,SVK,,3-6 6-2 6-3,3,QF,,,,,,,,,,,,,,,,,,,,,,,
2026-4462,Bucharest,Clay,28,250,20260330,5,,8,,Botic van de Zandschulp,,,NED,,,,,Damir Džumhur,,,BIH,,6-3 6-3,3,QF,,,,,,,,,,,,,,,,,,,,,,,
2026-4462,Bucharest,Clay,28,250,20260330,6,,3,,Fábián Marozsán,,,HUN,,127157,6,,Daniel Altmaier,R,188.0,GER,,6-2 7-6(7),3,QF,,,,,,,,,,,,,,,,,,,,,,,
2026-4462,Bucharest,Clay,28,250,20260330,7,,Q,,Daniel Mérida,,,ESP,,208169,,,Titouan Droguet,R,191.0,FRA,,4-6 7-6(9) 3-1,3,QF,,,,,,,,,,,,,,,,,,,,,,,
2026-4462,Bucharest,Clay,28,250,20260330,8,,Q,,Alex Molčan,,,SVK,,209113,1,,Gabriel Diallo,R,203.0,CAN,,6-2 6-2,3,R16,,,,,,,,,,,,,,,,,,,,,,,
2026-4462,Bucharest,Clay,28,250,20260330,9,208363,7,,Mariano Navone,R,178.0,ARG,,,,,Elmer Møller,,,DEN,,6-2 6-1,3,R16,,,,,,,,,,,,,,,,,,,,,,,
2026-4462,Bucharest,Clay,28,250,20260330,10,,,,Damir Džumhur,,,BIH,,132686,4,,Nuno Borges,R,185.0,POR,,7-6(7) 6-4,3,R16,,,,,,,,,,,,,,,,,,,,,,,
2026-4462,Bucharest,Clay,28,250,20260330,11,,8,,Botic van de Zandschulp,,,NED,,207686,,,Alexander Shevchenko,R,185.0,KAZ,,7-5 6-1,3,R16,,,,,,,,,,,,,,,,,,,,,,,
2026-4462,Bucharest,Clay,28,250,20260330,12,127157,6,,Daniel Altmaier,R,188.0,GER,,,,,Dino Prižmić,,,CRO,,3-6 7-6(7) 7-6(9),3,R16,,,,,,,,,,,,,,,,,,,,,,,
2026-4462,Bucharest,Clay,28,250,20260330,13,,3,,Fábián Marozsán,,,HUN,,208852,Q,,Stefanos Sakellaridis,R,196.0,GRE,,7-6(7) 7-5,3,R16,,,,,,,,,,,,,,,,,,,,,,,
2026-4462,Bucharest,Clay,28,250,20260330,14,208169,,,Titouan Droguet,R,191.0,FRA,,,5,,Sebastián Báez,,,ARG,,6-4 6-4,3,R16,,,,,,,,,,,,,,,,,,,,,,,
2026-4462,Bucharest,Clay,28,250,20260330,15,,Q,,Daniel Mérida,,,ESP,,105173,2,,Adrian Mannarino,L,180.0,FRA,,4-6 6-2 6-2,3,R16,,,,,,,,,,,,,,,,,,,,,,,
2026-4462,Bucharest,Clay,28,250,20260330,16,,Q,,Alex Molčan,,,SVK,,208286,,,Matteo Arnaldi,R,185.0,ITA,,6-3 6-1,3,R32,,,,,,,,,,,,,,,,,,,,,,,
2026-4462,Bucharest,Clay,28,250,20260330,17,,,,Elmer Møller,,,DEN,,B0C0,WC,,Adrian Boitan,R,185.0,ROU,,6-3 7-5,3,R32,,,,,,,,,,,,,,,,,,,,,,,
2026-4462,Bucharest,Clay,28,250,20260330,18,208363,7,,Mariano Navone,R,178.0,ARG,,O483,Alt,,Christopher O'Connell,R,183.0,AUS,,6-4 7-6(10),3,R32,,,,,,,,,,,,,,,,,,,,,,,
2026-4462,Bucharest,Clay,28,250,20260330,19,,,,Damir Džumhur,,,BIH,,J09X,WC,,Filip Cristian Jianu,R,180.0,ROU,,6-3 4-6 7-6(7),3,R32,,,,,,,,,,,,,,,,,,,,,,,
2026-4462,Bucharest,Clay,28,250,20260330,20,207686,,,Alexander Shevchenko,R,185.0,KAZ,,,WC,,Radu David Țurcanu,,,ROU,,6-2 6-4,3,R32,,,,,,,,,,,,,,,,,,,,,,,
2026-4462,Bucharest,Clay,28,250,20260330,21,,8,,Botic van de Zandschulp,,,NED,,M0IF,,,Francesco Maestrelli,R,196.0,ITA,,6-3 6-2,3,R32,,,,,,,,,,,,,,,,,,,,,,,
2026-4462,Bucharest,Clay,28,250,20260330,22,127157,6,,Daniel Altmaier,R,188.0,GER,,,,,Pedro Martínez,,,ESP,,6-1 6-4,3,R32,,,,,,,,,,,,,,,,,,,,,,,
2026-4462,Bucharest,Clay,28,250,20260330,23,,,,Dino Prižmić,,,CRO,,BG23,Q,,Nikoloz Basilashvili,R,185.0,GEO,,6-4 6-2,3,R32,,,,,,,,,,,,,,,,,,,,,,,
2026-4462,Bucharest,Clay,28,250,20260330,24,208852,Q,,Stefanos Sakellaridis,R,196.0,GRE,,123828,,,Jan Choinski,R,196.0,GBR,,6-3 6-4,3,R32,,,,,,,,,,,,,,,,,,,,,,,
2026-4462,Bucharest,Clay,28,250,20260330,25,,5,,Sebastián Báez,,,ARG,,209147,,,Vilius Gaubas,R,178.0,LTU,,6-3 6-1,3,R32,,,,,,,,,,,,,,,,,,,,,,,
2026-4462,Bucharest,Clay,28,250,20260330,26,208169,,,Titouan Droguet,R,191.0,FRA,,105138,,,Roberto Bautista Agut,R,183.0,ESP,,6-1 1-6 6-1,3,R32,,,,,,,,,,,,,,,,,,,,,,,
2026-4462,Bucharest,Clay,28,250,20260330,27,,Q,,Daniel Mérida,,,ESP,,202261,Alt,,Otto Virtanen,R,193.0,FIN,,7-6(7) 5-7 7-5,3,R32,,,,,,,,,,,,,,,,,,,,,,,
2026-410,Monte Carlo Masters,Clay,56,M,20260406,1,206173,2,,Jannik Sinner,R,191.0,ITA,,207989,1,,Carlos Alcaraz,R,183.0,ESP,,7-6(7) 6-3,3,F,,,,,,,,,,,,,,,,,,,,,,,
2026-410,Monte Carlo Masters,Clay,56,M,20260406,2,207989,1,,Carlos Alcaraz,R,183.0,ESP,,200473,,,Valentin Vacherot,R,193.0,MON,,6-4 6-4,3,SF,,,,,,,,,,,,,,,,,,,,,,,
2026-410,Monte Carlo Masters,Clay,56,M,20260406,3,206173,2,,Jannik Sinner,R,191.0,ITA,,100644,3,,Alexander Zverev,R,198.0,GER,,6-1 6-4,3,SF,,,,,,,,,,,,,,,,,,,,,,,
2026-410,Monte Carlo Masters,Clay,56,M,20260406,4,207989,1,,Carlos Alcaraz,R,183.0,ESP,,122330,8,,Alexander Bublik,R,196.0,KAZ,,6-3 6-0,3,QF,,,,,,,,,,,,,,,,,,,,,,,
2026-410,Monte Carlo Masters,Clay,56,M,20260406,5,200473,nbsp,,Valentin Vacherot,R,193.0,MON,,,5,,Alex de Minaur,,,AUS,,6-4 3-6 6-3,3,QF,,,,,,,,,,,,,,,,,,,,,,,
2026-410,Monte Carlo Masters,Clay,56,M,20260406,6,100644,3,,Alexander Zverev,R,198.0,GER,,,nbsp,,João Fonseca,,,BRA,,7-5 6-7(3) 6-3,3,QF,,,,,,,,,,,,,,,,,,,,,,,
2026-410,Monte Carlo Masters,Clay,56,M,20260406,7,206173,2,,Jannik Sinner,R,191.0,ITA,,,6,,Félix Auger-Aliassime,,,CAN,,6-3 6-4,3,QF,,,,,,,,,,,,,,,,,,,,,,,
2026-410,Monte Carlo Masters,Clay,56,M,20260406,8,207989,1,,Carlos Alcaraz,R,183.0,ESP,,,,,Tomás Martín Etcheverry,,,ARG,,6-1 4-6 6-3,3,R16,,,,,,,,,,,,,,,,,,,,,,,
2026-410,Monte Carlo Masters,Clay,56,M,20260406,9,122330,8,,Alexander Bublik,R,196.0,KAZ,,,11,,Jiří Lehečka,,,CZE,,6-2 7-5,3,R16,,,,,,,,,,,,,,,,,,,,,,,
2026-410,Monte Carlo Masters,Clay,56,M,20260406,10,200473,,,Valentin Vacherot,R,193.0,MON,,128034,PR,,Hubert Hurkacz,R,196.0,POL,,6-7(4) 6-3 6-4,3,R16,,,,,,,,,,,,,,,,,,,,,,,
2026-410,Monte Carlo Masters,Clay,56,M,20260406,11,,5,,Alex de Minaur,,,AUS,,210696,Q,,Alexander Blockx,R,191.0,BEL,,7-5 7-6(7),3,R16,,,,,,,,,,,,,,,,,,,,,,,
2026-410,Monte Carlo Masters,Clay,56,M,20260406,12,,,,João Fonseca,,,BRA,,126610,WC,,Matteo Berrettini,R,196.0,ITA,,6-3 6-2,3,R16,,,,,,,,,,,,,,,,,,,,,,,
2026-410,Monte Carlo Masters,Clay,56,M,20260406,13,100644,3,,Alexander Zverev,R,198.0,GER,,200267,,,Zizou Bergs,R,185.0,BEL,,6-2 7-5,3,R16,,,,,,,,,,,,,,,,,,,,,,,
2026-410,Monte Carlo Masters,Clay,56,M,20260406,14,,6,,Félix Auger-Aliassime,,,CAN,,134770,9,,Casper Ruud,R,183.0,NOR,,7-5 2-2,3,R16,,,,,,,,,,,,,,,,,,,,,,,
2026-410,Monte Carlo Masters,Clay,56,M,20260406,15,206173,2,,Jannik Sinner,R,191.0,ITA,,,,,Tomáš Macháč,,,CZE,,6-1 6-7(3) 6-3,3,R16,,,,,,,,,,,,,,,,,,,,,,,
2026-410,Monte Carlo Masters,Clay,56,M,20260406,16,207989,1,,Carlos Alcaraz,R,183.0,ESP,,,,,Sebastián Báez,,,ARG,,6-1 6-3,3,R32,,,,,,,,,,,,,,,,,,,,,,,
2026-410,Monte Carlo Masters,Clay,56,M,20260406,17,,,,Tomás Martín Etcheverry,,,ARG,,,,,Térence Atmane,,,FRA,,3-6 6-3 6-2,3,R32,,,,,,,,,,,,,,,,,,,,,,,
2026-410,Monte Carlo Masters,Clay,56,M,20260406,18,,11,,Jiří Lehečka,,,CZE,,126214,,,Alejandro Tabilo,L,188.0,CHI,,4-6 7-6(7) 6-3,3,R32,,,,,,,,,,,,,,,,,,,,,,,
2026-410,Monte Carlo Masters,Clay,56,M,20260406,19,122330,8,,Alexander Bublik,R,196.0,KAZ,,,WC,,Gaël Monfils,,,FRA,,6-4 6-4,3,R32,,,,,,,,,,,,,,,,,,,,,,,
2026-410,Monte Carlo Masters,Clay,56,M,20260406,20,200473,,,Valentin Vacherot,R,193.0,MON,,207518,4,,Lorenzo Musetti,R,185.0,ITA,,7-6(8) 7-5,3,R32,,,,,,,,,,,,,,,,,,,,,,,
2026-410,Monte Carlo Masters,Clay,56,M,20260406,21,128034,PR,,Hubert Hurkacz,R,196.0,POL,,,,,Fábián Marozsán,,,HUN,,6-2 6-3,3,R32,,,,,,,,,,,,,,,,,,,,,,,
2026-410,Monte Carlo Masters,Clay,56,M,20260406,22,210696,Q,,Alexander Blockx,R,191.0,BEL,,207925,10,,Flavio Cobolli,R,183.0,ITA,,6-3 6-3,3,R32,,,,,,,,,,,,,,,,,,,,,,,
2026-410,Monte Carlo Masters,Clay,56,M,20260406,23,,5,,Alex de Minaur,,,AUS,,111815,,,Cameron Norrie,L,188.0,GBR,,7-6(7) 2-6 6-2,3,R32,,,,,,,,,,,,,,,,,,,,,,,
2026-410,Monte Carlo Masters,Clay,56,M,20260406,24,126610,WC,,Matteo Berrettini,R,196.0,ITA,,106421,7,,Daniil Medvedev,R,198.0,RUS,,6-0 6-0,3,R32,,,,,,,,,,,,,,,,,,,,,,,
2026-410,Monte Carlo Masters,Clay,56,M,20260406,25,,,,João Fonseca,,,BRA,,126239,,,Arthur Rinderknech,R,196.0,FRA,,7-5 4-6 6-3,3,R32,,,,,,,,,,,,,,,,,,,,,,,
2026-410,Monte Carlo Masters,Clay,56,M,20260406,26,200267,,,Zizou Bergs,R,185.0,BEL,,126094,13,,Andrey Rublev,R,188.0,RUS,,6-4 6-1,3,R32,,,,,,,,,,,,,,,,,,,,,,,
2026-410,Monte Carlo Masters,Clay,56,M,20260406,27,100644,3,,Alexander Zverev,R,198.0,GER,,,Q,,Cristian Garín,,,CHI,,4-6 6-4 7-5,3,R32,,,,,,,,,,,,,,,,,,,,,,,
2026-410,Monte Carlo Masters,Clay,56,M,20260406,28,,6,,Félix Auger-Aliassime,,,CAN,,,,,Marin Čilić,,,CRO,,7-6(7) 6-3,3,R32,,,,,,,,,,,,,,,,,,,,,,,
2026-410,Monte Carlo Masters,Clay,56,M,20260406,29,134770,9,,Casper Ruud,R,183.0,NOR,,144895,,,Corentin Moutet,L,180.0,FRA,,7-5 6-3,3,R32,,,,,,,,,,,,,,,,,,,,,,,
2026-410,Monte Carlo Masters,Clay,56,M,20260406,30,,,,Tomáš Macháč,,,CZE,,,16,,Francisco Cerúndolo,,,ARG,,7-6(7) 6-3,3,R32,,,,,,,,,,,,,,,,,,,,,,,
2026-410,Monte Carlo Masters,Clay,56,M,20260406,31,206173,2,,Jannik Sinner,R,191.0,ITA,,200005,,,Ugo Humbert,L,188.0,FRA,,6-3 6-0,3,R32,,,,,,,,,,,,,,,,,,,,,,,
2026-410,Monte Carlo Masters,Clay,56,M,20260406,32,,,,Sebastián Báez,,,ARG,,104527,WC,,Stan Wawrinka,R,183.0,SUI,,7-5 7-5,3,R64,,,,,,,,,,,,,,,,,,,,,,,
2026-410,Monte Carlo Masters,Clay,56,M,20260406,33,,,,Tomás Martín Etcheverry,,,ARG,,105777,,,Grigor Dimitrov,R,191.0,BUL,,6-4 2-6 6-3,3,R64,,,,,,,,,,,,,,,,,,,,,,,
2026-410,Monte Carlo Masters,Clay,56,M,20260406,34,,,,Térence Atmane,,,FRA,,210319,LL,,Ethan Quinn,R,191.0,USA,,6-1 6-4,3,R64,,,,,,,,,,,,,,,,,,,,,,,
2026-410,Monte Carlo Masters,Clay,56,M,20260406,35,,11,,Jiří Lehečka,,,CZE,,207182,Q,,Emilio Nava,R,185.0,USA,,7-6(7) 6-7(8) 6-2,3,R64,,,,,,,,,,,,,,,,,,,,,,,
2026-410,Monte Carlo Masters,Clay,56,M,20260406,36,126214,,,Alejandro Tabilo,L,188.0,CHI,,,,,Márton Fucsovics,,,HUN,,6-4 6-3,3,R64,,,,,,,,,,,,,,,,,,,,,,,
2026-410,Monte Carlo Masters,Clay,56,M,20260406,37,,WC,,Gaël Monfils,,,FRA,,134868,,,Tallon Griekspoor,R,188.0,NED,,6-7(7) 6-1 6-4,3,R64,,,,,,,,,,,,,,,,,,,,,,,
2026-410,Monte Carlo Masters,Clay,56,M,20260406,38,200473,,,Valentin Vacherot,R,193.0,MON,,,Q,,Juan Manuel Cerúndolo,,,ARG,,5-7 6-2 6-1,3,R64,,,,,,,,,,,,,,,,,,,,,,,
2026-410,Monte Carlo Masters,Clay,56,M,20260406,39,,,,Fábián Marozsán,,,HUN,,,LL,,Damir Džumhur,,,BIH,,6-2 6-1,3,R64,,,,,,,,,,,,,,,,,,,,,,,
2026-410,Monte Carlo Masters,Clay,56,M,20260406,40,128034,PR,,Hubert Hurkacz,R,196.0,POL,,209260,15,,Luciano Darderi,R,183.0,ITA,,7-6(7) 5-7 6-1,3,R64,,,,,,,,,,,,,,,,,,,,,,,
2026-410,Monte Carlo Masters,Clay,56,M,20260406,41,207925,10,,Flavio Cobolli,R,183.0,ITA,,,Q,,Francisco Comesaña,,,ARG,,7-5 2-6 6-3,3,R64,,,,,,,,,,,,,,,,,,,,,,,
2026-410,Monte Carlo Masters,Clay,56,M,20260406,42,210696,Q,,Alexander Blockx,R,191.0,BEL,,133430,,,Denis Shapovalov,L,185.0,CAN,,6-4 4-6 6-3,3,R64,,,,,,,,,,,,,,,,,,,,,,,
2026-410,Monte Carlo Masters,Clay,56,M,20260406,43,111815,,,Cameron Norrie,L,188.0,GBR,,,,,Miomir Kecmanović,,,SRB,,6-2 4-6 7-6(7),3,R64,,,,,,,,,,,,,,,,,,,,,,,
2026-410,Monte Carlo Masters,Clay,56,M,20260406,44,126610,WC,,Matteo Berrettini,R,196.0,ITA,,105138,LL,,Roberto Bautista Agut,R,183.0,ESP,,4-0,3,R64,,,,,,,,,,,,,,,,,,,,,,,
2026-410,Monte Carlo Masters,Clay,56,M,20260406,45,,,,João Fonseca,,,BRA,,209113,,,Gabriel Diallo,R,203.0,CAN,,6-2 6-3,3,R64,,,,,,,,,,,,,,,,,,,,,,,
2026-410,Monte Carlo Masters,Clay,56,M,20260406,46,126239,,,Arthur Rinderknech,R,196.0,FRA,,111575,12,,Karen Khachanov,R,198.0,RUS,,7-5 6-2,3,R64,,,,,,,,,,,,,,,,,,,,,,,
2026-410,Monte Carlo Masters,Clay,56,M,20260406,47,126094,13,,Andrey Rublev,R,188.0,RUS,,132686,,,Nuno Borges,R,185.0,POR,,6-4 1-6 6-1,3,R64,,,,,,,,,,,,,,,,,,,,,,,
2026-410,Monte Carlo Masters,Clay,56,M,20260406,48,200267,,,Zizou Bergs,R,185.0,BEL,,105173,,,Adrian Mannarino,L,180.0,FRA,,6-4 6-3,3,R64,,,,,,,,,,,,,,,,,,,,,,,
2026-410,Monte Carlo Masters,Clay,56,M,20260406,49,,Q,,Cristian Garín,,,CHI,,208286,LL,,Matteo Arnaldi,R,185.0,ITA,,6-2 6-4,3,R64,,,,,,,,,,,,,,,,,,,,,,,
2026-410,Monte Carlo Masters,Clay,56,M,20260406,50,,,,Marin Čilić,,,CRO,,207686,Q,,Alexander Shevchenko,R,185.0,KAZ,,6-1 6-3,3,R64,,,,,,,,,,,,,,,,,,,,,,,
2026-410,Monte Carlo Masters,Clay,56,M,20260406,51,144895,,,Corentin Moutet,L,180.0,FRA,,,Q,,Alexandre Müller,,,FRA,,6-4 6-1,3,R64,,,,,,,,,,,,,,,,,,,,,,,
2026-410,Monte Carlo Masters,Clay,56,M,20260406,52,134770,9,,Casper Ruud,R,183.0,NOR,,200615,,,Alexei Popyrin,R,196.0,AUS,,6-3 6-4,3,R64,,,,,,,,,,,,,,,,,,,,,,,
2026-410,Monte Carlo Masters,Clay,56,M,20260406,53,,16,,Francisco Cerúndolo,,,ARG,,126774,,,Stefanos Tsitsipas,R,193.0,GRE,,7-5 6-4,3,R64,,,,,,,,,,,,,,,,,,,,,,,
2026-410,Monte Carlo Masters,Clay,56,M,20260406,54,,,,Tomáš Macháč,,,CZE,,127157,,,Daniel Altmaier,R,188.0,GER,,6-4 1-6 6-3,3,R64,,,,,,,,,,,,,,,,,,,,,,,
2026-410,Monte Carlo Masters,Clay,56,M,20260406,55,200005,,,Ugo Humbert,L,188.0,FRA,,,WC,,Moïse Kouamé,,,FRA,,6-3 7-5,3,R64,,,,,,,,,,,,,,,,,,,,,,,
2026-425,Barcelona,Clay,32,500,20260413,1,209950,9,,Arthur Fils,R,185.0,FRA,,126094,5,,Andrey Rublev,R,188.0,RUS,,6-2 7-6(7),3,F,,,,,,,,,,,,,,,,,,,,,,,
2026-425,Barcelona,Clay,32,500,20260413,2,126094,5,,Andrey Rublev,R,188.0,RUS,,209098,Q,,Hamad Medjedovic,R,188.0,SRB,,3-6 6-2 6-2,3,SF,,,,,,,,,,,,,,,,,,,,,,,
2026-425,Barcelona,Clay,32,500,20260413,3,209950,9,,Arthur Fils,R,185.0,FRA,,,WC,,Rafael Jódar,,,ESP,,3-6 6-3 6-2,3,SF,,,,,,,,,,,,,,,,,,,,,,,
2026-425,Barcelona,Clay,32,500,20260413,4,126094,5,,Andrey Rublev,R,188.0,RUS,,,,,Tomáš Macháč,,,CZE,,6-4 6-3,3,QF,,,,,,,,,,,,,,,,,,,,,,,
2026-425,Barcelona,Clay,32,500,20260413,5,209098,Q,,Hamad Medjedovic,R,188.0,SRB,,132686,,,Nuno Borges,R,185.0,POR,,7-6(8) 6-2,3,QF,,,,,,,,,,,,,,,,,,,,,,,
2026-425,Barcelona,Clay,32,500,20260413,6,,WC,,Rafael Jódar,,,ESP,,111815,7,,Cameron Norrie,L,188.0,GBR,,6-3 6-2,3,QF,,,,,,,,,,,,,,,,,,,,,,,
2026-425,Barcelona,Clay,32,500,20260413,7,209950,9,,Arthur Fils,R,185.0,FRA,,207518,2,,Lorenzo Musetti,R,185.0,ITA,,6-3 6-4,3,QF,,,,,,,,,,,,,,,,,,,,,,,
2026-425,Barcelona,Clay,32,500,20260413,8,,,,Tomáš Macháč,,,CZE,,207989,1,,Carlos Alcaraz,R,183.0,ESP,,w/o-,3,R16,,,,,,,,,,,,,,,,,,,,,,,
2026-425,Barcelona,Clay,32,500,20260413,9,126094,5,,Andrey Rublev,R,188.0,RUS,,132283,,,Lorenzo Sonego,R,191.0,ITA,,6-2 6-3,3,R16,,,,,,,,,,,,,,,,,,,,,,,
2026-425,Barcelona,Clay,32,500,20260413,10,209098,Q,,Hamad Medjedovic,R,188.0,SRB,,,3,,Alex de Minaur,,,AUS,,6-3 6-4,3,R16,,,,,,,,,,,,,,,,,,,,,,,
2026-425,Barcelona,Clay,32,500,20260413,11,132686,,,Nuno Borges,R,185.0,POR,,,,,Tomás Martín Etcheverry,,,ARG,,6-3 7-6(7),3,R16,,,,,,,,,,,,,,,,,,,,,,,
2026-425,Barcelona,Clay,32,500,20260413,12,111815,7,,Cameron Norrie,L,188.0,GBR,,210319,Q,,Ethan Quinn,R,191.0,USA,,6-3 4-6 6-4,3,R16,,,,,,,,,,,,,,,,,,,,,,,
2026-425,Barcelona,Clay,32,500,20260413,13,,WC,,Rafael Jódar,,,ESP,,200116,,,Camilo Ugo Carabelli,R,185.0,ARG,,6-3 6-3,3,R16,,,,,,,,,,,,,,,,,,,,,,,
2026-425,Barcelona,Clay,32,500,20260413,14,209950,9,,Arthur Fils,R,185.0,FRA,,206909,,,Brandon Nakashima,R,188.0,USA,,6-2 6-3,3,R16,,,,,,,,,,,,,,,,,,,,,,,
2026-425,Barcelona,Clay,32,500,20260413,15,207518,2,,Lorenzo Musetti,R,185.0,ITA,,144895,,,Corentin Moutet,L,180.0,FRA,,6-3 6-4,3,R16,,,,,,,,,,,,,,,,,,,,,,,
2026-425,Barcelona,Clay,32,500,20260413,16,207989,1,,Carlos Alcaraz,R,183.0,ESP,,202261,Q,,Otto Virtanen,R,193.0,FIN,,6-4 6-2,3,R32,,,,,,,,,,,,,,,,,,,,,,,
2026-425,Barcelona,Clay,32,500,20260413,17,,,,Tomáš Macháč,,,CZE,,,,,Sebastián Báez,,,ARG,,2-6 6-4 6-1,3,R32,,,,,,,,,,,,,,,,,,,,,,,
2026-425,Barcelona,Clay,32,500,20260413,18,132283,,,Lorenzo Sonego,R,191.0,ITA,,,Q,,Pedro Martínez,,,ESP,,6-2 2-6 6-4,3,R32,,,,,,,,,,,,,,,,,,,,,,,
2026-425,Barcelona,Clay,32,500,20260413,19,126094,5,,Andrey Rublev,R,188.0,RUS,,208363,,,Mariano Navone,R,178.0,ARG,,6-4 7-5,3,R32,,,,,,,,,,,,,,,,,,,,,,,
2026-425,Barcelona,Clay,32,500,20260413,20,,3,,Alex de Minaur,,,AUS,,124116,Q,,Sebastian Ofner,R,191.0,AUT,,7-6(9) 6-4,3,R32,,,,,,,,,,,,,,,,,,,,,,,
2026-425,Barcelona,Clay,32,500,20260413,21,209098,Q,,Hamad Medjedovic,R,188.0,SRB,,105477,LL,,Marco Trungelliti,R,178.0,ARG,,7-5 6-4,3,R32,,,,,,,,,,,,,,,,,,,,,,,
2026-425,Barcelona,Clay,32,500,20260413,22,132686,,,Nuno Borges,R,185.0,POR,,105173,,,Adrian Mannarino,L,180.0,FRA,,6-3 6-4,3,R32,,,,,,,,,,,,,,,,,,,,,,,
2026-425,Barcelona,Clay,32,500,20260413,23,,,,Tomás Martín Etcheverry,,,ARG,,207733,8,,Jack Draper,L,193.0,GBR,,3-6 6-3 4-1,3,R32,,,,,,,,,,,,,,,,,,,,,,,
2026-425,Barcelona,Clay,32,500,20260413,24,111815,7,,Cameron Norrie,L,188.0,GBR,,104527,WC,,Stan Wawrinka,R,183.0,SUI,,6-4 6-7(5) 6-4,3,R32,,,,,,,,,,,,,,,,,,,,,,,
2026-425,Barcelona,Clay,32,500,20260413,25,210319,Q,,Ethan Quinn,R,191.0,USA,,124187,,,Reilly Opelka,R,211.0,USA,,7-5 7-6(9),3,R32,,,,,,,,,,,,,,,,,,,,,,,
2026-425,Barcelona,Clay,32,500,20260413,26,,WC,,Rafael Jódar,,,ESP,,144719,,,Jaume Munar,R,183.0,ESP,,6-1 6-2,3,R32,,,,,,,,,,,,,,,,,,,,,,,
2026-425,Barcelona,Clay,32,500,20260413,27,200116,,,Camilo Ugo Carabelli,R,185.0,ARG,,111575,4,,Karen Khachanov,R,198.0,RUS,,6-3 6-4,3,R32,,,,,,,,,,,,,,,,,,,,,,,
2026-425,Barcelona,Clay,32,500,20260413,28,209950,9,,Arthur Fils,R,185.0,FRA,,,,,Térence Atmane,,,FRA,,4-6 6-4 7-6(9),3,R32,,,,,,,,,,,,,,,,,,,,,,,
2026-425,Barcelona,Clay,32,500,20260413,29,206909,,,Brandon Nakashima,R,188.0,USA,,,Q,,Juan Manuel Cerúndolo,,,ARG,,6-3 7-5,3,R32,,,,,,,,,,,,,,,,,,,,,,,
2026-425,Barcelona,Clay,32,500,20260413,30,144895,,,Corentin Moutet,L,180.0,FRA,,209860,,,Ignacio Buse,R,185.0,PER,,6-4 6-4,3,R32,,,,,,,,,,,,,,,,,,,,,,,
2026-425,Barcelona,Clay,32,500,20260413,31,207518,2,,Lorenzo Musetti,R,185.0,ITA,,,WC,,Martín Landaluce,,,ESP,,7-5 6-2,3,R32,,,,,,,,,,,,,,,,,,,,,,,
2026-308,Munich,Clay,32,500,20260413,1,210097,2,,Ben Shelton,L,193.0,USA,,207925,4,,Flavio Cobolli,R,183.0,ITA,,6-2 7-5,3,F,,,,,,,,,,,,,,,,,,,,,,,
2026-308,Munich,Clay,32,500,20260413,2,207925,4,,Flavio Cobolli,R,183.0,ITA,,100644,1,,Alexander Zverev,R,198.0,GER,,6-3 6-3,3,SF,,,,,,,,,,,,,,,,,,,,,,,
2026-308,Munich,Clay,32,500,20260413,3,210097,2,,Ben Shelton,L,193.0,USA,,,Q,,Alex Molčan,,,SVK,,6-3 6-4,3,SF,,,,,,,,,,,,,,,,,,,,,,,
2026-308,Munich,Clay,32,500,20260413,4,100644,1,,Alexander Zverev,R,198.0,GER,,,5,,Francisco Cerúndolo,,,ARG,,5-7 6-0 6-2,3,QF,,,,,,,,,,,,,,,,,,,,,,,
2026-308,Munich,Clay,32,500,20260413,5,207925,4,,Flavio Cobolli,R,183.0,ITA,,,,,Vít Kopřiva,,,CZE,,6-3 6-2,3,QF,,,,,,,,,,,,,,,,,,,,,,,
2026-308,Munich,Clay,32,500,20260413,6,,Q,,Alex Molčan,,,SVK,,133430,,,Denis Shapovalov,L,185.0,CAN,,6-4 6-4,3,QF,,,,,,,,,,,,,,,,,,,,,,,
2026-308,Munich,Clay,32,500,20260413,7,210097,2,,Ben Shelton,L,193.0,USA,,,,,João Fonseca,,,BRA,,6-3 3-6 6-3,3,QF,,,,,,,,,,,,,,,,,,,,,,,
2026-308,Munich,Clay,32,500,20260413,8,100644,1,,Alexander Zverev,R,198.0,GER,,209113,,,Gabriel Diallo,R,203.0,CAN,,6-1 6-2,3,R16,,,,,,,,,,,,,,,,,,,,,,,
2026-308,Munich,Clay,32,500,20260413,9,,5,,Francisco Cerúndolo,,,ARG,,,,,Botic van de Zandschulp,,,NED,,6-3 6-0,3,R16,,,,,,,,,,,,,,,,,,,,,,,
2026-308,Munich,Clay,32,500,20260413,10,207925,4,,Flavio Cobolli,R,183.0,ITA,,200267,,,Zizou Bergs,R,185.0,BEL,,6-2 6-3,3,R16,,,,,,,,,,,,,,,,,,,,,,,
2026-308,Munich,Clay,32,500,20260413,11,,,,Vít Kopřiva,,,CZE,,209260,6,,Luciano Darderi,R,183.0,ITA,,2-6 6-4 6-1,3,R16,,,,,,,,,,,,,,,,,,,,,,,
2026-308,Munich,Clay,32,500,20260413,12,133430,,,Denis Shapovalov,L,185.0,CAN,,,,,Fábián Marozsán,,,HUN,,7-6(7) 6-2,3,R16,,,,,,,,,,,,,,,,,,,,,,,
2026-308,Munich,Clay,32,500,20260413,13,,Q,,Alex Molčan,,,SVK,,127157,,,Daniel Altmaier,R,188.0,GER,,6-4 7-6(12),3,R16,,,,,,,,,,,,,,,,,,,,,,,
2026-308,Munich,Clay,32,500,20260413,14,,,,João Fonseca,,,BRA,,126239,7,,Arthur Rinderknech,R,196.0,FRA,,6-3 6-2,3,R16,,,,,,,,,,,,,,,,,,,,,,,
2026-308,Munich,Clay,32,500,20260413,15,210097,2,,Ben Shelton,L,193.0,USA,,210696,WC,,Alexander Blockx,R,191.0,BEL,,6-4 7-6(10),3,R16,,,,,,,,,,,,,,,,,,,,,,,
2026-308,Munich,Clay,32,500,20260413,16,100644,1,,Alexander Zverev,R,198.0,GER,,,,,Miomir Kecmanović,,,SRB,,6-3 3-6 7-6(7),3,R32,,,,,,,,,,,,,,,,,,,,,,,
2026-308,Munich,Clay,32,500,20260413,17,209113,,,Gabriel Diallo,R,203.0,CAN,,126964,Q,,Vitaliy Sachko,R,188.0,UKR,,6-1 6-2,3,R32,,,,,,,,,,,,,,,,,,,,,,,
2026-308,Munich,Clay,32,500,20260413,18,,,,Botic van de Zandschulp,,,NED,,,Q,,Marc-Andrea Hüsler,,,SUI,,7-6(9) 6-3,3,R32,,,,,,,,,,,,,,,,,,,,,,,
2026-308,Munich,Clay,32,500,20260413,19,,5,,Francisco Cerúndolo,,,ARG,,111576,LL,,Sumit Nagal,R,178.0,IND,,6-2 6-2,3,R32,,,,,,,,,,,,,,,,,,,,,,,
2026-308,Munich,Clay,32,500,20260413,20,207925,4,,Flavio Cobolli,R,183.0,ITA,,,Q,,Diego Dedura,,,GER,,6-4 7-5,3,R32,,,,,,,,,,,,,,,,,,,,,,,
2026-308,Munich,Clay,32,500,20260413,21,200267,,,Zizou Bergs,R,185.0,BEL,,209916,LL,,Marko Topo,R,185.0,GER,,6-1 6-4,3,R32,,,,,,,,,,,,,,,,,,,,,,,
2026-308,Munich,Clay,32,500,20260413,22,,,,Vít Kopřiva,,,CZE,,211514,WC,,Justin Engel,U,,GER,,6-3 5-7 6-2,3,R32,,,,,,,,,,,,,,,,,,,,,,,
2026-308,Munich,Clay,32,500,20260413,23,209260,6,,Luciano Darderi,R,183.0,ITA,,,PR,,Zhang Zhizhen,,,CHN,,7-6(7) 3-6 6-1,3,R32,,,,,,,,,,,,,,,,,,,,,,,
2026-308,Munich,Clay,32,500,20260413,24,133430,,,Denis Shapovalov,L,185.0,CAN,,134868,8,,Tallon Griekspoor,R,188.0,NED,,6-4 3-6 6-2,3,R32,,,,,,,,,,,,,,,,,,,,,,,
2026-308,Munich,Clay,32,500,20260413,25,,,,Fábián Marozsán,,,HUN,,126774,,,Stefanos Tsitsipas,R,193.0,GRE,,3-6 7-6(7) 6-4,3,R32,,,,,,,,,,,,,,,,,,,,,,,
2026-308,Munich,Clay,32,500,20260413,26,127157,,,Daniel Altmaier,R,188.0,GER,,,,,Marin Čilić,,,CRO,,6-2 6-3,3,R32,,,,,,,,,,,,,,,,,,,,,,,
2026-308,Munich,Clay,32,500,20260413,27,,Q,,Alex Molčan,,,SVK,,122330,3,,Alexander Bublik,R,196.0,KAZ,,6-4 6-2,3,R32,,,,,,,,,,,,,,,,,,,,,,,
2026-308,Munich,Clay,32,500,20260413,28,126239,7,,Arthur Rinderknech,R,196.0,FRA,,210506,,,Alex Michelsen,R,193.0,USA,,6-3 6-3,3,R32,,,,,,,,,,,,,,,,,,,,,,,
2026-308,Munich,Clay,32,500,20260413,29,,,,João Fonseca,,,BRA,,126214,,,Alejandro Tabilo,L,188.0,CHI,,7-6(7) 6-3,3,R32,,,,,,,,,,,,,,,,,,,,,,,
2026-308,Munich,Clay,32,500,20260413,30,210696,WC,,Alexander Blockx,R,191.0,BEL,,105870,,,Yannick Hanfmann,R,193.0,GER,,7-6(7) 6-2,3,R32,,,,,,,,,,,,,,,,,,,,,,,
2026-308,Munich,Clay,32,500,20260413,31,210097,2,,Ben Shelton,L,193.0,USA,,207182,LL,,Emilio Nava,R,185.0,USA,,7-6(7) 3-6 6-3,3,R32,,,,,,,,,,,,,,,,,,,,,,,
2026-1536,Madrid Masters,Clay,96,M,20260420,1,206173,1,,Jannik Sinner,R,191.0,ITA,,100644,2,,Alexander Zverev,R,198.0,GER,,6-1 6-2,3,F,,,,,,,,,,,,,,,,,,,,,,,
2026-1536,Madrid Masters,Clay,96,M,20260420,2,206173,1,,Jannik Sinner,R,191.0,ITA,,209950,21,,Arthur Fils,R,185.0,FRA,,6-2 6-4,3,SF,,,,,,,,,,,,,,,,,,,,,,,
2026-1536,Madrid Masters,Clay,96,M,20260420,3,100644,2,,Alexander Zverev,R,198.0,GER,,210696,,,Alexander Blockx,R,191.0,BEL,,6-2 7-5,3,SF,,,,,,,,,,,,,,,,,,,,,,,
2026-1536,Madrid Masters,Clay,96,M,20260420,4,206173,1,,Jannik Sinner,R,191.0,ITA,,,WC,,Rafael Jódar,,,ESP,,6-2 7-6(7),3,QF,,,,,,,,,,,,,,,,,,,,,,,
2026-1536,Madrid Masters,Clay,96,M,20260420,5,209950,21,,Arthur Fils,R,185.0,FRA,,,11,,Jiří Lehečka,,,CZE,,6-3 6-4,3,QF,,,,,,,,,,,,,,,,,,,,,,,
2026-1536,Madrid Masters,Clay,96,M,20260420,6,210696,,,Alexander Blockx,R,191.0,BEL,,134770,12,,Casper Ruud,R,183.0,NOR,,6-4 6-4,3,QF,,,,,,,,,,,,,,,,,,,,,,,
2026-1536,Madrid Masters,Clay,96,M,20260420,7,100644,2,,Alexander Zverev,R,198.0,GER,,207925,10,,Flavio Cobolli,R,183.0,ITA,,6-1 6-4,3,QF,,,,,,,,,,,,,,,,,,,,,,,
2026-1536,Madrid Masters,Clay,96,M,20260420,8,206173,1,,Jannik Sinner,R,191.0,ITA,,111815,19,,Cameron Norrie,L,188.0,GBR,,6-2 7-5,3,R16,,,,,,,,,,,,,,,,,,,,,,,
2026-1536,Madrid Masters,Clay,96,M,20260420,9,,WC,,Rafael Jódar,,,ESP,,,,,Vít Kopřiva,,,CZE,,7-5 6-0,3,R16,,,,,,,,,,,,,,,,,,,,,,,
2026-1536,Madrid Masters,Clay,96,M,20260420,10,209950,21,,Arthur Fils,R,185.0,FRA,,,25,,Tomás Martín Etcheverry,,,ARG,,6-3 6-4,3,R16,,,,,,,,,,,,,,,,,,,,,,,
2026-1536,Madrid Masters,Clay,96,M,20260420,11,,11,,Jiří Lehečka,,,CZE,,207518,6,,Lorenzo Musetti,R,185.0,ITA,,6-3 6-3,3,R16,,,,,,,,,,,,,,,,,,,,,,,
2026-1536,Madrid Masters,Clay,96,M,20260420,12,134770,12,,Casper Ruud,R,183.0,NOR,,126774,,,Stefanos Tsitsipas,R,193.0,GRE,,6-7(4) 7-6(7) 7-6(7),3,R16,,,,,,,,,,,,,,,,,,,,,,,
2026-1536,Madrid Masters,Clay,96,M,20260420,13,210696,,,Alexander Blockx,R,191.0,BEL,,,16,,Francisco Cerúndolo,,,ARG,,7-6(10) 6-2,3,R16,,,,,,,,,,,,,,,,,,,,,,,
2026-1536,Madrid Masters,Clay,96,M,20260420,14,207925,10,,Flavio Cobolli,R,183.0,ITA,,106421,7,,Daniil Medvedev,R,198.0,RUS,,6-3 5-7 6-4,3,R16,,,,,,,,,,,,,,,,,,,,,,,
2026-1536,Madrid Masters,Clay,96,M,20260420,15,100644,2,,Alexander Zverev,R,198.0,GER,,,23,,Jakub Menšík,,,CZE,,6-4 6-7(4) 6-3,3,R16,,,,,,,,,,,,,,,,,,,,,,,
2026-1536,Madrid Masters,Clay,96,M,20260420,16,206173,1,,Jannik Sinner,R,191.0,ITA,,,Q,,Elmer Møller,,,DEN,,6-2 6-3,3,R32,,,,,,,,,,,,,,,,,,,,,,,
2026-1536,Madrid Masters,Clay,96,M,20260420,17,111815,19,,Cameron Norrie,L,188.0,GBR,,,,,Thiago Agustín Tirante,,,ARG,,7-5 7-6(7),3,R32,,,,,,,,,,,,,,,,,,,,,,,
2026-1536,Madrid Masters,Clay,96,M,20260420,18,,,,Vít Kopřiva,,,CZE,,126239,22,,Arthur Rinderknech,R,196.0,FRA,,6-4 3-6 0-0,3,R32,,,,,,,,,,,,,,,,,,,,,,,
2026-1536,Madrid Masters,Clay,96,M,20260420,19,,WC,,Rafael Jódar,,,ESP,,,27,,João Fonseca,,,BRA,,7-6(7) 4-6 6-1,3,R32,,,,,,,,,,,,,,,,,,,,,,,
2026-1536,Madrid Masters,Clay,96,M,20260420,20,,25,,Tomás Martín Etcheverry,,,ARG,,,Q,,Dino Prižmić,,,CRO,,2-6 6-4 6-3,3,R32,,,,,,,,,,,,,,,,,,,,,,,
2026-1536,Madrid Masters,Clay,96,M,20260420,21,209950,21,,Arthur Fils,R,185.0,FRA,,207182,,,Emilio Nava,R,185.0,USA,,7-6(7) 6-3,3,R32,,,,,,,,,,,,,,,,,,,,,,,
2026-1536,Madrid Masters,Clay,96,M,20260420,22,,11,,Jiří Lehečka,,,CZE,,210506,33,,Alex Michelsen,R,193.0,USA,,6-4 6-2,3,R32,,,,,,,,,,,,,,,,,,,,,,,
2026-1536,Madrid Masters,Clay,96,M,20260420,23,207518,6,,Lorenzo Musetti,R,185.0,ITA,,134868,29,,Tallon Griekspoor,R,188.0,NED,,6-4 7-5,3,R32,,,,,,,,,,,,,,,,,,,,,,,
2026-1536,Madrid Masters,Clay,96,M,20260420,24,126774,,,Stefanos Tsitsipas,R,193.0,GRE,,,Q,,Daniel Mérida,,,ESP,,6-4 6-2,3,R32,,,,,,,,,,,,,,,,,,,,,,,
2026-1536,Madrid Masters,Clay,96,M,20260420,25,134770,12,,Casper Ruud,R,183.0,NOR,,200221,20,,Alejandro Davidovich Fokina,R,183.0,ESP,,6-3 6-1,3,R32,,,,,,,,,,,,,,,,,,,,,,,
2026-1536,Madrid Masters,Clay,96,M,20260420,26,,16,,Francisco Cerúndolo,,,ARG,,209260,18,,Luciano Darderi,R,183.0,ITA,,6-2 6-3,3,R32,,,,,,,,,,,,,,,,,,,,,,,
2026-1536,Madrid Masters,Clay,96,M,20260420,27,210696,,,Alexander Blockx,R,191.0,BEL,,,3,,Félix Auger-Aliassime,,,CAN,,7-6(7) 6-3,3,R32,,,,,,,,,,,,,,,,,,,,,,,
2026-1536,Madrid Masters,Clay,96,M,20260420,28,106421,7,,Daniil Medvedev,R,198.0,RUS,,,Q,,Nicolai Budkov Kjær,,,NOR,,6-3 6-2,3,R32,,,,,,,,,,,,,,,,,,,,,,,
2026-1536,Madrid Masters,Clay,96,M,20260420,29,207925,10,,Flavio Cobolli,R,183.0,ITA,,118808,Q,,Daniel Vallejo,R,,MEX,,6-3 6-2,3,R32,,,,,,,,,,,,,,,,,,,,,,,
2026-1536,Madrid Masters,Clay,96,M,20260420,30,,23,,Jakub Menšík,,,CZE,,111575,13,,Karen Khachanov,R,198.0,RUS,,6-4 7-6(13),3,R32,,,,,,,,,,,,,,,,,,,,,,,
2026-1536,Madrid Masters,Clay,96,M,20260420,31,100644,2,,Alexander Zverev,R,198.0,GER,,,,,Térence Atmane,,,FRA,,6-3 7-6(7),3,R32,,,,,,,,,,,,,,,,,,,,,,,
2026-1536,Madrid Masters,Clay,96,M,20260420,32,206173,1,,Jannik Sinner,R,191.0,ITA,,126127,Q,,Benjamin Bonzi,R,183.0,FRA,,6-7(6) 6-1 6-4,3,R64,,,,,,,,,,,,,,,,,,,,,,,
2026-1536,Madrid Masters,Clay,96,M,20260420,33,,Q,,Elmer Møller,,,DEN,,209113,32,,Gabriel Diallo,R,203.0,CAN,,7-5 3-3,3,R64,,,,,,,,,,,,,,,,,,,,,,,
2026-1536,Madrid Masters,Clay,96,M,20260420,34,111815,19,,Cameron Norrie,L,188.0,GBR,,,,,Tomáš Macháč,,,CZE,,6-2 6-7(6) 7-6(7),3,R64,,,,,,,,,,,,,,,,,,,,,,,
2026-1536,Madrid Masters,Clay,96,M,20260420,35,,,,Thiago Agustín Tirante,,,ARG,,126205,15,,Tommy Paul,R,185.0,USA,,7-5 6-4,3,R64,,,,,,,,,,,,,,,,,,,,,,,
2026-1536,Madrid Masters,Clay,96,M,20260420,36,,,,Vít Kopřiva,,,CZE,,126094,9,,Andrey Rublev,R,188.0,RUS,,6-3 6-4,3,R64,,,,,,,,,,,,,,,,,,,,,,,
2026-1536,Madrid Masters,Clay,96,M,20260420,37,126239,22,,Arthur Rinderknech,R,196.0,FRA,,,Q,,Dušan Lajović,,,SRB,,6-3 6-2,3,R64,,,,,,,,,,,,,,,,,,,,,,,
2026-1536,Madrid Masters,Clay,96,M,20260420,38,,27,,João Fonseca,,,BRA,,,,,Marin Čilić,,,CRO,,w/o-,3,R64,,,,,,,,,,,,,,,,,,,,,,,
2026-1536,Madrid Masters,Clay,96,M,20260420,39,,WC,,Rafael Jódar,,,ESP,,,5,,Alex de Minaur,,,AUS,,6-3 6-1,3,R64,,,,,,,,,,,,,,,,,,,,,,,
2026-1536,Madrid Masters,Clay,96,M,20260420,40,,Q,,Dino Prižmić,,,CRO,,210097,4,,Ben Shelton,L,193.0,USA,,6-4 6-7(4) 7-6(7),3,R64,,,,,,,,,,,,,,,,,,,,,,,
2026-1536,Madrid Masters,Clay,96,M,20260420,41,,25,,Tomás Martín Etcheverry,,,ARG,,124116,,,Sebastian Ofner,R,191.0,AUT,,6-4 6-4,3,R64,,,,,,,,,,,,,,,,,,,,,,,
2026-1536,Madrid Masters,Clay,96,M,20260420,42,209950,21,,Arthur Fils,R,185.0,FRA,,209860,,,Ignacio Buse,R,185.0,PER,,6-7(4) 7-6(7) 7-5,3,R64,,,,,,,,,,,,,,,,,,,,,,,
2026-1536,Madrid Masters,Clay,96,M,20260420,43,207182,,,Emilio Nava,R,185.0,USA,,200473,14,,Valentin Vacherot,R,193.0,MON,,6-7(5) 7-6(7) 6-3,3,R64,,,,,,,,,,,,,,,,,,,,,,,
2026-1536,Madrid Masters,Clay,96,M,20260420,44,,11,,Jiří Lehečka,,,CZE,,126214,,,Alejandro Tabilo,L,188.0,CHI,,3-6 7-6(7) 6-4,3,R64,,,,,,,,,,,,,,,,,,,,,,,
2026-1536,Madrid Masters,Clay,96,M,20260420,45,210506,33,,Alex Michelsen,R,193.0,USA,,,,,Jan-Lennard Struff,,,GER,,6-2 6-1,3,R64,,,,,,,,,,,,,,,,,,,,,,,
2026-1536,Madrid Masters,Clay,96,M,20260420,46,134868,29,,Tallon Griekspoor,R,188.0,NED,,,,,Damir Džumhur,,,BIH,,6-3 6-4,3,R64,,,,,,,,,,,,,,,,,,,,,,,
2026-1536,Madrid Masters,Clay,96,M,20260420,47,207518,6,,Lorenzo Musetti,R,185.0,ITA,,128034,,,Hubert Hurkacz,R,196.0,POL,,6-4 7-6(7),3,R64,,,,,,,,,,,,,,,,,,,,,,,
2026-1536,Madrid Masters,Clay,96,M,20260420,48,126774,,,Stefanos Tsitsipas,R,193.0,GRE,,122330,8,,Alexander Bublik,R,196.0,KAZ,,6-2 7-5,3,R64,,,,,,,,,,,,,,,,,,,,,,,
2026-1536,Madrid Masters,Clay,96,M,20260420,49,,Q,,Daniel Mérida,,,ESP,,144895,26,,Corentin Moutet,L,180.0,FRA,,6-3 6-4,3,R64,,,,,,,,,,,,,,,,,,,,,,,
2026-1536,Madrid Masters,Clay,96,M,20260420,50,200221,20,,Alejandro Davidovich Fokina,R,183.0,ESP,,,WC,,Pablo Carreño Busta,,,ESP,,6-3 6-3,3,R64,,,,,,,,,,,,,,,,,,,,,,,
2026-1536,Madrid Masters,Clay,96,M,20260420,51,134770,12,,Casper Ruud,R,183.0,NOR,,144719,,,Jaume Munar,R,183.0,ESP,,6-0 6-1,3,R64,,,,,,,,,,,,,,,,,,,,,,,
2026-1536,Madrid Masters,Clay,96,M,20260420,52,,16,,Francisco Cerúndolo,,,ARG,,105870,,,Yannick Hanfmann,R,193.0,GER,,6-1 7-5,3,R64,,,,,,,,,,,,,,,,,,,,,,,
2026-1536,Madrid Masters,Clay,96,M,20260420,53,209260,18,,Luciano Darderi,R,183.0,ITA,,,,,Juan Manuel Cerúndolo,,,ARG,,6-1 6-3,3,R64,,,,,,,,,,,,,,,,,,,,,,,
2026-1536,Madrid Masters,Clay,96,M,20260420,54,210696,,,Alexander Blockx,R,191.0,BEL,,206909,28,,Brandon Nakashima,R,188.0,USA,,3-6 6-3 6-4,3,R64,,,,,,,,,,,,,,,,,,,,,,,
2026-1536,Madrid Masters,Clay,96,M,20260420,55,,3,,Félix Auger-Aliassime,,,CAN,,209147,Q,,Vilius Gaubas,R,178.0,LTU,,6-3 6-4,3,R64,,,,,,,,,,,,,,,,,,,,,,,
2026-1536,Madrid Masters,Clay,96,M,20260420,56,106421,7,,Daniil Medvedev,R,198.0,RUS,,,,,Fábián Marozsán,,,HUN,,6-2 6-7(3) 6-4,3,R64,,,,,,,,,,,,,,,,,,,,,,,
2026-1536,Madrid Masters,Clay,96,M,20260420,57,,Q,,Nicolai Budkov Kjær,,,NOR,,133430,31,,Denis Shapovalov,L,185.0,CAN,,6-2 6-1,3,R64,,,,,,,,,,,,,,,,,,,,,,,
2026-1536,Madrid Masters,Clay,96,M,20260420,58,118808,Q,,Daniel Vallejo,R,,MEX,,210530,17,,Learner Tien,L,180.0,USA,,6-4 6-3,3,R64,,,,,,,,,,,,,,,,,,,,,,,
2026-1536,Madrid Masters,Clay,96,M,20260420,59,207925,10,,Flavio Cobolli,R,183.0,ITA,,200116,,,Camilo Ugo Carabelli,R,185.0,ARG,,6-7(7) 6-1 6-4,3,R64,,,,,,,,,,,,,,,,,,,,,,,
2026-1536,Madrid Masters,Clay,96,M,20260420,60,111575,13,,Karen Khachanov,R,198.0,RUS,,200443,,,Adam Walton,R,183.0,AUS,,6-2 6-3,3,R64,,,,,,,,,,,,,,,,,,,,,,,
2026-1536,Madrid Masters,Clay,96,M,20260420,61,,23,,Jakub Menšík,,,CZE,,,Q,,Martin Damm (born 2003),,,USA,,6-3 6-4,3,R64,,,,,,,,,,,,,,,,,,,,,,,
2026-1536,Madrid Masters,Clay,96,M,20260420,62,,,,Térence Atmane,,,FRA,,200005,30,,Ugo Humbert,L,188.0,FRA,,7-6(7) 7-6(7),3,R64,,,,,,,,,,,,,,,,,,,,,,,
2026-1536,Madrid Masters,Clay,96,M,20260420,63,100644,2,,Alexander Zverev,R,198.0,GER,,208363,,,Mariano Navone,R,178.0,ARG,,6-1 3-6 6-3,3,R64,,,,,,,,,,,,,,,,,,,,,,,
2026-1536,Madrid Masters,Clay,96,M,20260420,64,126127,Q,,Benjamin Bonzi,R,183.0,FRA,,208169,Q,,Titouan Droguet,R,191.0,FRA,,6-7(4) 7-6(7) 6-4,3,R128,,,,,,,,,,,,,,,,,,,,,,,
2026-1536,Madrid Masters,Clay,96,M,20260420,65,,Q,,Elmer Møller,,,DEN,,,WC,,Federico Cinà,,,ITA,,6-4 7-6(7),3,R128,,,,,,,,,,,,,,,,,,,,,,,
2026-1536,Madrid Masters,Clay,96,M,20260420,66,,,,Tomáš Macháč,,,CZE,,,,,Francisco Comesaña,,,ARG,,3-6 7-6(7) 6-3,3,R128,,,,,,,,,,,,,,,,,,,,,,,
2026-1536,Madrid Masters,Clay,96,M,20260420,67,,,,Thiago Agustín Tirante,,,ARG,,105138,,,Roberto Bautista Agut,R,183.0,ESP,,6-2 6-4,3,R128,,,,,,,,,,,,,,,,,,,,,,,
2026-1536,Madrid Masters,Clay,96,M,20260420,68,,,,Vít Kopřiva,,,CZE,,,PR,,Zhang Zhizhen,,,CHN,,6-2 6-0,3,R128,,,,,,,,,,,,,,,,,,,,,,,
2026-1536,Madrid Masters,Clay,96,M,20260420,69,,Q,,Dušan Lajović,,,SRB,,132283,,,Lorenzo Sonego,R,191.0,ITA,,6-3 7-6(7),3,R128,,,,,,,,,,,,,,,,,,,,,,,
2026-1536,Madrid Masters,Clay,96,M,20260420,70,,,,Marin Čilić,,,CRO,,200267,,,Zizou Bergs,R,185.0,BEL,,4-6 6-3 6-4,3,R128,,,,,,,,,,,,,,,,,,,,,,,
2026-1536,Madrid Masters,Clay,96,M,20260420,71,,WC,,Rafael Jódar,,,ESP,,,,,Jesper de Jong,,,NED,,2-6 7-5 6-4,3,R128,,,,,,,,,,,,,,,,,,,,,,,
2026-1536,Madrid Masters,Clay,96,M,20260420,72,,Q,,Dino Prižmić,,,CRO,,126610,,,Matteo Berrettini,R,196.0,ITA,,6-3 6-4,3,R128,,,,,,,,,,,,,,,,,,,,,,,
2026-1536,Madrid Masters,Clay,96,M,20260420,73,124116,,,Sebastian Ofner,R,191.0,AUT,,BG23,Q,,Nikoloz Basilashvili,R,185.0,GEO,,7-6(7) 7-6(7),3,R128,,,,,,,,,,,,,,,,,,,,,,,
2026-1536,Madrid Masters,Clay,96,M,20260420,74,209860,,,Ignacio Buse,R,185.0,PER,,105173,,,Adrian Mannarino,L,180.0,FRA,,6-4 6-2,3,R128,,,,,,,,,,,,,,,,,,,,,,,
2026-1536,Madrid Masters,Clay,96,M,20260420,75,207182,,,Emilio Nava,R,185.0,USA,,B0CD,,,Jenson Brooksby,R,193.0,USA,,6-3 7-5,3,R128,,,,,,,,,,,,,,,,,,,,,,,
2026-1536,Madrid Masters,Clay,96,M,20260420,76,126214,,,Alejandro Tabilo,L,188.0,CHI,,R0EB,,,Valentin Royer,R,188.0,FRA,,6-2 6-4,3,R128,,,,,,,,,,,,,,,,,,,,,,,
2026-1536,Madrid Masters,Clay,96,M,20260420,77,,,,Jan-Lennard Struff,,,GER,,,,,Alexandre Müller,,,FRA,,7-6(7) 6-0,3,R128,,,,,,,,,,,,,,,,,,,,,,,
2026-1536,Madrid Masters,Clay,96,M,20260420,78,,,,Damir Džumhur,,,BIH,,208233,,,Mattia Bellucci,L,175.0,ITA,,6-2 6-4,3,R128,,,,,,,,,,,,,,,,,,,,,,,
2026-1536,Madrid Masters,Clay,96,M,20260420,79,128034,,,Hubert Hurkacz,R,196.0,POL,,210262,Q,,Jaime Faria,R,188.0,POR,,6-3 6-3,3,R128,,,,,,,,,,,,,,,,,,,,,,,
2026-1536,Madrid Masters,Clay,96,M,20260420,80,126774,,,Stefanos Tsitsipas,R,193.0,GRE,,200516,LL,,Patrick Kypson,R,188.0,USA,,3-6 7-6(8) 7-6(7),3,R128,,,,,,,,,,,,,,,,,,,,,,,
2026-1536,Madrid Masters,Clay,96,M,20260420,81,,Q,,Daniel Mérida,,,ESP,,105477,LL,,Marco Trungelliti,R,178.0,ARG,,6-4 1-6 7-6(8),3,R128,,,,,,,,,,,,,,,,,,,,,,,
2026-1536,Madrid Masters,Clay,96,M,20260420,82,,WC,,Pablo Carreño Busta,,,ESP,,,,,Márton Fucsovics,,,HUN,,4-6 7-6(7) 6-2,3,R128,,,,,,,,,,,,,,,,,,,,,,,
2026-1536,Madrid Masters,Clay,96,M,20260420,83,144719,,,Jaume Munar,R,183.0,ESP,,207686,,,Alexander Shevchenko,R,185.0,KAZ,,6-4 6-1,3,R128,,,,,,,,,,,,,,,,,,,,,,,
2026-1536,Madrid Masters,Clay,96,M,20260420,84,105870,,,Yannick Hanfmann,R,193.0,GER,,106218,,,Marcos Giron,R,180.0,USA,,6-4 6-7(3) 7-5,3,R128,,,,,,,,,,,,,,,,,,,,,,,
2026-1536,Madrid Masters,Clay,96,M,20260420,85,,,,Juan Manuel Cerúndolo,,,ARG,,127157,,,Daniel Altmaier,R,188.0,GER,,6-4 6-4,3,R128,,,,,,,,,,,,,,,,,,,,,,,
2026-1536,Madrid Masters,Clay,96,M,20260420,86,210696,,,Alexander Blockx,R,191.0,BEL,,,LL,,Cristian Garín,,,CHI,,4-6 7-5 7-5,3,R128,,,,,,,,,,,,,,,,,,,,,,,
2026-1536,Madrid Masters,Clay,96,M,20260420,87,209147,Q,,Vilius Gaubas,R,178.0,LTU,,,,,Sebastián Báez,,,ARG,,7-5 6-1,3,R128,,,,,,,,,,,,,,,,,,,,,,,
2026-1536,Madrid Masters,Clay,96,M,20260420,88,,,,Fábián Marozsán,,,HUN,,210319,,,Ethan Quinn,R,191.0,USA,,7-6(7) 7-6(8),3,R128,,,,,,,,,,,,,,,,,,,,,,,
2026-1536,Madrid Masters,Clay,96,M,20260420,89,,Q,,Nicolai Budkov Kjær,,,NOR,,124187,,,Reilly Opelka,R,211.0,USA,,5-3,3,R128,,,,,,,,,,,,,,,,,,,,,,,
2026-1536,Madrid Masters,Clay,96,M,20260420,90,118808,Q,,Daniel Vallejo,R,,MEX,,105777,,,Grigor Dimitrov,R,191.0,BUL,,6-4 6-4,3,R128,,,,,,,,,,,,,,,,,,,,,,,
2026-1536,Madrid Masters,Clay,96,M,20260420,91,200116,,,Camilo Ugo Carabelli,R,185.0,ARG,,,WC,,Gaël Monfils,,,FRA,,6-3 6-4,3,R128,,,,,,,,,,,,,,,,,,,,,,,
2026-1536,Madrid Masters,Clay,96,M,20260420,92,200443,,,Adam Walton,R,183.0,AUS,,,WC,,Martín Landaluce,,,ESP,,6-2 6-3,3,R128,,,,,,,,,,,,,,,,,,,,,,,
2026-1536,Madrid Masters,Clay,96,M,20260420,93,,Q,,Martin Damm (born 2003),,,USA,,200615,,,Alexei Popyrin,R,196.0,AUS,,7-6(9) 6-4,3,R128,,,,,,,,,,,,,,,,,,,,,,,
2026-1536,Madrid Masters,Clay,96,M,20260420,94,,,,Térence Atmane,,,FRA,,,,,Miomir Kecmanović,,,SRB,,6-4 7-5,3,R128,,,,,,,,,,,,,,,,,,,,,,,
2026-1536,Madrid Masters,Clay,96,M,20260420,95,208363,,,Mariano Navone,R,178.0,ARG,,132686,,,Nuno Borges,R,185.0,POR,,6-3 6-4,3,R128,,,,,,,,,,,,,,,,,,,,,,,
2026-416,Rome Masters,Clay,96,M,20260504,1,206173,1,,Jannik Sinner,R,191.0,ITA,,134770,23,,Casper Ruud,R,183.0,NOR,,6-4 6-4,3,F,,,,,,,,,,,,,,,,,,,,,,,
2026-416,Rome Masters,Clay,96,M,20260504,2,206173,1,,Jannik Sinner,R,191.0,ITA,,106421,7,,Daniil Medvedev,R,198.0,RUS,,6-2 5-7 6-4,3,SF,,,,,,,,,,,,,,,,,,,,,,,
2026-416,Rome Masters,Clay,96,M,20260504,3,134770,23,,Casper Ruud,R,183.0,NOR,,209260,18,,Luciano Darderi,R,183.0,ITA,,6-1 6-1,3,SF,,,,,,,,,,,,,,,,,,,,,,,
2026-416,Rome Masters,Clay,96,M,20260504,4,206173,1,,Jannik Sinner,R,191.0,ITA,,126094,12,,Andrey Rublev,R,188.0,RUS,,6-2 6-4,3,QF,,,,,,,,,,,,,,,,,,,,,,,
2026-416,Rome Masters,Clay,96,M,20260504,5,106421,7,,Daniil Medvedev,R,198.0,RUS,,,LL,,Martín Landaluce,,,ESP,,1-6 6-4 7-5,3,QF,,,,,,,,,,,,,,,,,,,,,,,
2026-416,Rome Masters,Clay,96,M,20260504,6,134770,23,,Casper Ruud,R,183.0,NOR,,111575,13,,Karen Khachanov,R,198.0,RUS,,6-1 1-6 6-2,3,QF,,,,,,,,,,,,,,,,,,,,,,,
2026-416,Rome Masters,Clay,96,M,20260504,7,209260,18,,Luciano Darderi,R,183.0,ITA,,,32,,Rafael Jódar,,,ESP,,7-6(7) 5-7 6-0,3,QF,,,,,,,,,,,,,,,,,,,,,,,
2026-416,Rome Masters,Clay,96,M,20260504,8,206173,1,,Jannik Sinner,R,191.0,ITA,,126504,Q,,Andrea Pellegrino,R,185.0,ITA,,6-2 6-3,3,R16,,,,,,,,,,,,,,,,,,,,,,,
2026-416,Rome Masters,Clay,96,M,20260504,9,126094,12,,Andrey Rublev,R,188.0,RUS,,BG23,Q,,Nikoloz Basilashvili,R,185.0,GEO,,3-6 7-6(7) 6-2,3,R16,,,,,,,,,,,,,,,,,,,,,,,
2026-416,Rome Masters,Clay,96,M,20260504,10,,LL,,Martín Landaluce,,,ESP,,209098,,,Hamad Medjedovic,R,188.0,SRB,,7-5 6-4,3,R16,,,,,,,,,,,,,,,,,,,,,,,
2026-416,Rome Masters,Clay,96,M,20260504,11,106421,7,,Daniil Medvedev,R,198.0,RUS,,,,,Thiago Agustín Tirante,,,ARG,,6-3 6-2,3,R16,,,,,,,,,,,,,,,,,,,,,,,
2026-416,Rome Masters,Clay,96,M,20260504,12,134770,23,,Casper Ruud,R,183.0,NOR,,207518,8,,Lorenzo Musetti,R,185.0,ITA,,6-3 6-1,3,R16,,,,,,,,,,,,,,,,,,,,,,,
2026-416,Rome Masters,Clay,96,M,20260504,13,111575,13,,Karen Khachanov,R,198.0,RUS,,,Q,,Dino Prižmić,,,CRO,,6-1 7-6(7),3,R16,,,,,,,,,,,,,,,,,,,,,,,
2026-416,Rome Masters,Clay,96,M,20260504,14,,32,,Rafael Jódar,,,ESP,,210530,19,,Learner Tien,L,180.0,USA,,6-1 6-4,3,R16,,,,,,,,,,,,,,,,,,,,,,,
2026-416,Rome Masters,Clay,96,M,20260504,15,209260,18,,Luciano Darderi,R,183.0,ITA,,100644,2,,Alexander Zverev,R,198.0,GER,,1-6 7-6(12) 6-0,3,R16,,,,,,,,,,,,,,,,,,,,,,,
2026-416,Rome Masters,Clay,96,M,20260504,16,206173,1,,Jannik Sinner,R,191.0,ITA,,200615,,,Alexei Popyrin,R,196.0,AUS,,6-2 6-0,3,R32,,,,,,,,,,,,,,,,,,,,,,,
2026-416,Rome Masters,Clay,96,M,20260504,17,126504,Q,,Andrea Pellegrino,R,185.0,ITA,,126207,20,,Frances Tiafoe,R,188.0,USA,,7-6(10) 6-1,3,R32,,,,,,,,,,,,,,,,,,,,,,,
2026-416,Rome Masters,Clay,96,M,20260504,18,126094,12,,Andrey Rublev,R,188.0,RUS,,200221,21,,Alejandro Davidovich Fokina,R,183.0,ESP,,6-4 6-4,3,R32,,,,,,,,,,,,,,,,,,,,,,,
2026-416,Rome Masters,Clay,96,M,20260504,19,BG23,Q,,Nikoloz Basilashvili,R,185.0,GEO,,206909,30,,Brandon Nakashima,R,188.0,USA,,7-6(7) 6-4,3,R32,,,,,,,,,,,,,,,,,,,,,,,
2026-416,Rome Masters,Clay,96,M,20260504,20,209098,,,Hamad Medjedovic,R,188.0,SRB,,208363,,,Mariano Navone,R,178.0,ARG,,4-6 6-3 6-4,3,R32,,,,,,,,,,,,,,,,,,,,,,,
2026-416,Rome Masters,Clay,96,M,20260504,21,,LL,,Martín Landaluce,,,ESP,,208233,,,Mattia Bellucci,L,175.0,ITA,,6-4 6-3,3,R32,,,,,,,,,,,,,,,,,,,,,,,
2026-416,Rome Masters,Clay,96,M,20260504,22,,,,Thiago Agustín Tirante,,,ARG,,207925,10,,Flavio Cobolli,R,183.0,ITA,,6-3 6-4,3,R32,,,,,,,,,,,,,,,,,,,,,,,
2026-416,Rome Masters,Clay,96,M,20260504,23,106421,7,,Daniil Medvedev,R,198.0,RUS,,208010,Q,,Pablo Llamas Ruiz,R,188.0,ESP,,3-6 6-4 6-2,3,R32,,,,,,,,,,,,,,,,,,,,,,,
2026-416,Rome Masters,Clay,96,M,20260504,24,207518,8,,Lorenzo Musetti,R,185.0,ITA,,,25,,Francisco Cerúndolo,,,ARG,,7-6(9) 6-4,3,R32,,,,,,,,,,,,,,,,,,,,,,,
2026-416,Rome Masters,Clay,96,M,20260504,25,134770,23,,Casper Ruud,R,183.0,NOR,,,11,,Jiří Lehečka,,,CZE,,6-3 6-4,3,R32,,,,,,,,,,,,,,,,,,,,,,,
2026-416,Rome Masters,Clay,96,M,20260504,26,111575,13,,Karen Khachanov,R,198.0,RUS,,,,,Botic van de Zandschulp,,,NED,,5-7 6-4 6-4,3,R32,,,,,,,,,,,,,,,,,,,,,,,
2026-416,Rome Masters,Clay,96,M,20260504,27,,Q,,Dino Prižmić,,,CRO,,200005,31,,Ugo Humbert,L,188.0,FRA,,6-1 7-5,3,R32,,,,,,,,,,,,,,,,,,,,,,,
2026-416,Rome Masters,Clay,96,M,20260504,28,,32,,Rafael Jódar,,,ESP,,208286,WC,,Matteo Arnaldi,R,185.0,ITA,,6-1 4-6 6-3,3,R32,,,,,,,,,,,,,,,,,,,,,,,
2026-416,Rome Masters,Clay,96,M,20260504,29,210530,19,,Learner Tien,L,180.0,USA,,122330,9,,Alexander Bublik,R,196.0,KAZ,,4-6 6-3 7-5,3,R32,,,,,,,,,,,,,,,,,,,,,,,
2026-416,Rome Masters,Clay,96,M,20260504,30,209260,18,,Luciano Darderi,R,183.0,ITA,,126205,16,,Tommy Paul,R,185.0,USA,,3-6 6-3 6-2,3,R32,,,,,,,,,,,,,,,,,,,,,,,
2026-416,Rome Masters,Clay,96,M,20260504,31,100644,2,,Alexander Zverev,R,198.0,GER,,210696,,,Alexander Blockx,R,191.0,BEL,,6-1 6-4,3,R32,,,,,,,,,,,,,,,,,,,,,,,
2026-416,Rome Masters,Clay,96,M,20260504,32,206173,1,,Jannik Sinner,R,191.0,ITA,,124116,,,Sebastian Ofner,R,191.0,AUT,,6-3 6-4,3,R64,,,,,,,,,,,,,,,,,,,,,,,
2026-416,Rome Masters,Clay,96,M,20260504,33,200615,,,Alexei Popyrin,R,196.0,AUS,,,26,,Jakub Menšík,,,CZE,,6-3 2-6 6-4,3,R64,,,,,,,,,,,,,,,,,,,,,,,
2026-416,Rome Masters,Clay,96,M,20260504,34,126207,20,,Frances Tiafoe,R,188.0,USA,,209860,,,Ignacio Buse,R,185.0,PER,,6-7(5) 6-3 6-2,3,R64,,,,,,,,,,,,,,,,,,,,,,,
2026-416,Rome Masters,Clay,96,M,20260504,35,126504,Q,,Andrea Pellegrino,R,185.0,ITA,,209950,15,,Arthur Fils,R,185.0,FRA,,4-0,3,R64,,,,,,,,,,,,,,,,,,,,,,,
2026-416,Rome Masters,Clay,96,M,20260504,36,126094,12,,Andrey Rublev,R,188.0,RUS,,,,,Miomir Kecmanović,,,SRB,,6-4 6-4,3,R64,,,,,,,,,,,,,,,,,,,,,,,
2026-416,Rome Masters,Clay,96,M,20260504,37,200221,21,,Alejandro Davidovich Fokina,R,183.0,ESP,,,Q,,Cristian Garín,,,CHI,,7-6(7) 6-4,3,R64,,,,,,,,,,,,,,,,,,,,,,,
2026-416,Rome Masters,Clay,96,M,20260504,38,206909,30,,Brandon Nakashima,R,188.0,USA,,105138,,,Roberto Bautista Agut,R,183.0,ESP,,6-4 6-0,3,R64,,,,,,,,,,,,,,,,,,,,,,,
2026-416,Rome Masters,Clay,96,M,20260504,39,BG23,Q,,Nikoloz Basilashvili,R,185.0,GEO,,210097,5,,Ben Shelton,L,193.0,USA,,6-4 6-7(5) 6-3,3,R64,,,,,,,,,,,,,,,,,,,,,,,
2026-416,Rome Masters,Clay,96,M,20260504,40,208363,,,Mariano Navone,R,178.0,ARG,,,4,,Félix Auger-Aliassime,,,CAN,,7-6(7) 7-6(7),3,R64,,,,,,,,,,,,,,,,,,,,,,,
2026-416,Rome Masters,Clay,96,M,20260504,41,209098,,,Hamad Medjedovic,R,188.0,SRB,,,27,,João Fonseca,,,BRA,,3-6 6-3 7-6(7),3,R64,,,,,,,,,,,,,,,,,,,,,,,
2026-416,Rome Masters,Clay,96,M,20260504,42,208233,,,Mattia Bellucci,L,175.0,ITA,,,24,,Tomás Martín Etcheverry,,,ARG,,5-7 6-2 6-3,3,R64,,,,,,,,,,,,,,,,,,,,,,,
2026-416,Rome Masters,Clay,96,M,20260504,43,,LL,,Martín Landaluce,,,ESP,,,,,Marin Čilić,,,CRO,,6-4 6-4,3,R64,,,,,,,,,,,,,,,,,,,,,,,
2026-416,Rome Masters,Clay,96,M,20260504,44,207925,10,,Flavio Cobolli,R,183.0,ITA,,,,,Térence Atmane,,,FRA,,7-6(7) 6-3,3,R64,,,,,,,,,,,,,,,,,,,,,,,
2026-416,Rome Masters,Clay,96,M,20260504,45,,,,Thiago Agustín Tirante,,,ARG,,111815,17,,Cameron Norrie,L,188.0,GBR,,6-3 7-5,3,R64,,,,,,,,,,,,,,,,,,,,,,,
2026-416,Rome Masters,Clay,96,M,20260504,46,208010,Q,,Pablo Llamas Ruiz,R,188.0,ESP,,144895,28,,Corentin Moutet,L,180.0,FRA,,6-4 3-6 7-6(7),3,R64,,,,,,,,,,,,,,,,,,,,,,,
2026-416,Rome Masters,Clay,96,M,20260504,47,106421,7,,Daniil Medvedev,R,198.0,RUS,,,,,Tomáš Macháč,,,CZE,,w/o-,3,R64,,,,,,,,,,,,,,,,,,,,,,,
2026-416,Rome Masters,Clay,96,M,20260504,48,207518,8,,Lorenzo Musetti,R,185.0,ITA,,208659,,,Giovanni Mpetshi Perricard,R,203.0,FRA,,6-4 6-4,3,R64,,,,,,,,,,,,,,,,,,,,,,,
2026-416,Rome Masters,Clay,96,M,20260504,49,,25,,Francisco Cerúndolo,,,ARG,,126214,,,Alejandro Tabilo,L,188.0,CHI,,6-0 6-2,3,R64,,,,,,,,,,,,,,,,,,,,,,,
2026-416,Rome Masters,Clay,96,M,20260504,50,134770,23,,Casper Ruud,R,183.0,NOR,,208260,,,Zachary Svajda,R,175.0,USA,,6-1 6-3,3,R64,,,,,,,,,,,,,,,,,,,,,,,
2026-416,Rome Masters,Clay,96,M,20260504,51,,11,,Jiří Lehečka,,,CZE,,,,,Jan-Lennard Struff,,,GER,,7-6(7) 6-3,3,R64,,,,,,,,,,,,,,,,,,,,,,,
2026-416,Rome Masters,Clay,96,M,20260504,52,111575,13,,Karen Khachanov,R,198.0,RUS,,207686,,,Alexander Shevchenko,R,185.0,KAZ,,6-4 6-4,3,R64,,,,,,,,,,,,,,,,,,,,,,,
2026-416,Rome Masters,Clay,96,M,20260504,53,,,,Botic van de Zandschulp,,,NED,,206499,LL,,Aleksandar Kovacevic,R,183.0,USA,,2-6 6-2 7-6(7),3,R64,,,,,,,,,,,,,,,,,,,,,,,
2026-416,Rome Masters,Clay,96,M,20260504,54,200005,31,,Ugo Humbert,L,188.0,FRA,,,,,Vít Kopřiva,,,CZE,,6-3 6-2,3,R64,,,,,,,,,,,,,,,,,,,,,,,
2026-416,Rome Masters,Clay,96,M,20260504,55,,Q,,Dino Prižmić,,,CRO,,104925,3,,Novak Djokovic,R,188.0,SRB,,2-6 6-2 6-4,3,R64,,,,,,,,,,,,,,,,,,,,,,,
2026-416,Rome Masters,Clay,96,M,20260504,56,208286,WC,,Matteo Arnaldi,R,185.0,ITA,,,6,,Alex de Minaur,,,AUS,,4-6 7-6(7) 6-4,3,R64,,,,,,,,,,,,,,,,,,,,,,,
2026-416,Rome Masters,Clay,96,M,20260504,57,,32,,Rafael Jódar,,,ESP,,132686,,,Nuno Borges,R,185.0,POR,,7-6(7) 6-4,3,R64,,,,,,,,,,,,,,,,,,,,,,,
2026-416,Rome Masters,Clay,96,M,20260504,58,210530,19,,Learner Tien,L,180.0,USA,,,,,Damir Džumhur,,,BIH,,6-2 6-1,3,R64,,,,,,,,,,,,,,,,,,,,,,,
2026-416,Rome Masters,Clay,96,M,20260504,59,122330,9,,Alexander Bublik,R,196.0,KAZ,,,,,Sebastián Báez,,,ARG,,6-1 6-2,3,R64,,,,,,,,,,,,,,,,,,,,,,,
2026-416,Rome Masters,Clay,96,M,20260504,60,126205,16,,Tommy Paul,R,185.0,USA,,126846,,,Aleksandar Vukic,R,188.0,AUS,,6-4 6-2,3,R64,,,,,,,,,,,,,,,,,,,,,,,
2026-416,Rome Masters,Clay,96,M,20260504,61,209260,18,,Luciano Darderi,R,183.0,ITA,,105870,,,Yannick Hanfmann,R,193.0,GER,,6-4 6-4,3,R64,,,,,,,,,,,,,,,,,,,,,,,
2026-416,Rome Masters,Clay,96,M,20260504,62,210696,,,Alexander Blockx,R,191.0,BEL,,134868,29,,Tallon Griekspoor,R,188.0,NED,,6-7(5) 6-3 6-4,3,R64,,,,,,,,,,,,,,,,,,,,,,,
2026-416,Rome Masters,Clay,96,M,20260504,63,100644,2,,Alexander Zverev,R,198.0,GER,,127157,,,Daniel Altmaier,R,188.0,GER,,7-5 6-3,3,R64,,,,,,,,,,,,,,,,,,,,,,,
2026-416,Rome Masters,Clay,96,M,20260504,64,124116,,,Sebastian Ofner,R,191.0,AUT,,210506,,,Alex Michelsen,R,193.0,USA,,6-3 6-3,3,R128,,,,,,,,,,,,,,,,,,,,,,,
2026-416,Rome Masters,Clay,96,M,20260504,65,200615,,,Alexei Popyrin,R,196.0,AUS,,126610,,,Matteo Berrettini,R,196.0,ITA,,6-2 6-3,3,R128,,,,,,,,,,,,,,,,,,,,,,,
2026-416,Rome Masters,Clay,96,M,20260504,66,209860,,,Ignacio Buse,R,185.0,PER,,132283,,,Lorenzo Sonego,R,191.0,ITA,,6-3 6-3,3,R128,,,,,,,,,,,,,,,,,,,,,,,
2026-416,Rome Masters,Clay,96,M,20260504,67,126504,Q,,Andrea Pellegrino,R,185.0,ITA,,208134,WC,,Luca Nardi,R,185.0,ITA,,4-6 6-3 6-3,3,R128,,,,,,,,,,,,,,,,,,,,,,,
2026-416,Rome Masters,Clay,96,M,20260504,68,,,,Miomir Kecmanović,,,SRB,,,Q,,Dalibor Svrčina,,,CZE,,6-2 6-3,3,R128,,,,,,,,,,,,,,,,,,,,,,,
2026-416,Rome Masters,Clay,96,M,20260504,69,,Q,,Cristian Garín,,,CHI,,,,,Juan Manuel Cerúndolo,,,ARG,,7-6(7) 7-5,3,R128,,,,,,,,,,,,,,,,,,,,,,,
2026-416,Rome Masters,Clay,96,M,20260504,70,105138,,,Roberto Bautista Agut,R,183.0,ESP,,M0IF,WC,,Francesco Maestrelli,R,196.0,ITA,,6-3 7-6(7),3,R128,,,,,,,,,,,,,,,,,,,,,,,
2026-416,Rome Masters,Clay,96,M,20260504,71,BG23,Q,,Nikoloz Basilashvili,R,185.0,GEO,,,Q,,Daniel Mérida,,,ESP,,6-4 2-6 6-3,3,R128,,,,,,,,,,,,,,,,,,,,,,,
2026-416,Rome Masters,Clay,96,M,20260504,72,208363,,,Mariano Navone,R,178.0,ARG,,133430,,,Denis Shapovalov,L,185.0,CAN,,6-4 6-2,3,R128,,,,,,,,,,,,,,,,,,,,,,,
2026-416,Rome Masters,Clay,96,M,20260504,73,209098,,,Hamad Medjedovic,R,188.0,SRB,,R0EB,,,Valentin Royer,R,188.0,FRA,,6-4 6-3,3,R128,,,,,,,,,,,,,,,,,,,,,,,
2026-416,Rome Masters,Clay,96,M,20260504,74,208233,,,Mattia Bellucci,L,175.0,ITA,,,,,Román Andrés Burruchaga,,,ARG,,6-4 6-4,3,R128,,,,,,,,,,,,,,,,,,,,,,,
2026-416,Rome Masters,Clay,96,M,20260504,75,,,,Marin Čilić,,,CRO,,106218,,,Marcos Giron,R,180.0,USA,,7-5 6-4,3,R128,,,,,,,,,,,,,,,,,,,,,,,
2026-416,Rome Masters,Clay,96,M,20260504,76,,,,Térence Atmane,,,FRA,,200267,,,Zizou Bergs,R,185.0,BEL,,6-3 6-4,3,R128,,,,,,,,,,,,,,,,,,,,,,,
2026-416,Rome Masters,Clay,96,M,20260504,77,,,,Thiago Agustín Tirante,,,ARG,,,WC,,Gianluca Cadenasso,,,ITA,,6-7(5) 6-4 6-0,3,R128,,,,,,,,,,,,,,,,,,,,,,,
2026-416,Rome Masters,Clay,96,M,20260504,78,208010,Q,,Pablo Llamas Ruiz,R,188.0,ESP,,210319,,,Ethan Quinn,R,191.0,USA,,6-3 5-7 6-3,3,R128,,,,,,,,,,,,,,,,,,,,,,,
2026-416,Rome Masters,Clay,96,M,20260504,79,,,,Tomáš Macháč,,,CZE,,126774,,,Stefanos Tsitsipas,R,193.0,GRE,,6-4 7-6(7),3,R128,,,,,,,,,,,,,,,,,,,,,,,
2026-416,Rome Masters,Clay,96,M,20260504,80,208659,,,Giovanni Mpetshi Perricard,R,203.0,FRA,,207985,Q,,Jacob Fearnley,R,183.0,GBR,,7-6(8) 4-6 6-2,3,R128,,,,,,,,,,,,,,,,,,,,,,,
2026-416,Rome Masters,Clay,96,M,20260504,81,126214,,,Alejandro Tabilo,L,188.0,CHI,,,Q,,Pablo Carreño Busta,,,ESP,,6-2 6-1,3,R128,,,,,,,,,,,,,,,,,,,,,,,
2026-416,Rome Masters,Clay,96,M,20260504,82,208260,,,Zachary Svajda,R,175.0,USA,,105477,,,Marco Trungelliti,R,178.0,ARG,,0-6 6-4 7-6(7),3,R128,,,,,,,,,,,,,,,,,,,,,,,
2026-416,Rome Masters,Clay,96,M,20260504,83,,,,Jan-Lennard Struff,,,GER,,,Q,,Francisco Comesaña,,,ARG,,6-2 6-4,3,R128,,,,,,,,,,,,,,,,,,,,,,,
2026-416,Rome Masters,Clay,96,M,20260504,84,207686,,,Alexander Shevchenko,R,185.0,KAZ,,200116,,,Camilo Ugo Carabelli,R,185.0,ARG,,6-3 4-6 7-6(7),3,R128,,,,,,,,,,,,,,,,,,,,,,,
2026-416,Rome Masters,Clay,96,M,20260504,85,,,,Botic van de Zandschulp,,,NED,,,,,Alexandre Müller,,,FRA,,7-5 6-3,3,R128,,,,,,,,,,,,,,,,,,,,,,,
2026-416,Rome Masters,Clay,96,M,20260504,86,,,,Vít Kopřiva,,,CZE,,,,,Fábián Marozsán,,,HUN,,6-3 6-3,3,R128,,,,,,,,,,,,,,,,,,,,,,,
2026-416,Rome Masters,Clay,96,M,20260504,87,,Q,,Dino Prižmić,,,CRO,,,,,Márton Fucsovics,,,HUN,,6-4 6-3,3,R128,,,,,,,,,,,,,,,,,,,,,,,
2026-416,Rome Masters,Clay,96,M,20260504,88,208286,WC,,Matteo Arnaldi,R,185.0,ITA,,144719,,,Jaume Munar,R,183.0,ESP,,6-3 3-6 6-3,3,R128,,,,,,,,,,,,,,,,,,,,,,,
2026-416,Rome Masters,Clay,96,M,20260504,89,132686,,,Nuno Borges,R,185.0,POR,,,Q,,Jesper de Jong,,,NED,,6-3 6-0,3,R128,,,,,,,,,,,,,,,,,,,,,,,
2026-416,Rome Masters,Clay,96,M,20260504,90,,,,Damir Džumhur,,,BIH,,105173,,,Adrian Mannarino,L,180.0,FRA,,6-4 6-0,3,R128,,,,,,,,,,,,,,,,,,,,,,,
2026-416,Rome Masters,Clay,96,M,20260504,91,,,,Sebastián Báez,,,ARG,,B0CD,,,Jenson Brooksby,R,193.0,USA,,6-3 7-6(10),3,R128,,,,,,,,,,,,,,,,,,,,,,,
2026-416,Rome Masters,Clay,96,M,20260504,92,126846,,,Aleksandar Vukic,R,188.0,AUS,,200516,Q,,Patrick Kypson,R,188.0,USA,,6-3 5-7 6-0,3,R128,,,,,,,,,,,,,,,,,,,,,,,
2026-416,Rome Masters,Clay,96,M,20260504,93,105870,,,Yannick Hanfmann,R,193.0,GER,,128034,,,Hubert Hurkacz,R,196.0,POL,,6-7(3) 7-6(7) 6-2,3,R128,,,,,,,,,,,,,,,,,,,,,,,
2026-416,Rome Masters,Clay,96,M,20260504,94,210696,,,Alexander Blockx,R,191.0,BEL,,,WC,,Federico Cinà,,,ITA,,4-6 6-1 6-3,3,R128,,,,,,,,,,,,,,,,,,,,,,,
2026-416,Rome Masters,Clay,96,M,20260504,95,127157,,,Daniel Altmaier,R,188.0,GER,,,PR,,Zhang Zhizhen,,,CHN,,4-6 7-6(7) 6-4,3,R128,,,,,,,,,,,,,,,,,,,,,,,
2026-322,Geneva,Clay,28,250,20260518,1,210530,4,,Learner Tien,L,180.0,USA,,208363,nbsp,,Mariano Navone,R,178.0,ARG,,3-6 6-3 7-5,3,F,,,,,,,,,,,,,,,,,,,,,,,
2026-322,Geneva,Clay,28,250,20260518,2,208363,nbsp,,Mariano Navone,R,178.0,ARG,,134770,6,,Casper Ruud,R,183.0,NOR,,7-5 6-2,3,SF,,,,,,,,,,,,,,,,,,,,,,,
2026-322,Geneva,Clay,28,250,20260518,3,210530,4,,Learner Tien,L,180.0,USA,,122330,2,,Alexander Bublik,R,196.0,KAZ,,6-1 4-6 7-6(7),3,SF,,,,,,,,,,,,,,,,,,,,,,,
2026-322,Geneva,Clay,28,250,20260518,4,134770,6,,Casper Ruud,R,183.0,NOR,,200615,,,Alexei Popyrin,R,196.0,AUS,,6-4 6-3,3,QF,,,,,,,,,,,,,,,,,,,,,,,
2026-322,Geneva,Clay,28,250,20260518,5,208363,,,Mariano Navone,R,178.0,ARG,,144719,8,,Jaume Munar,R,183.0,ESP,,6-2 6-2,3,QF,,,,,,,,,,,,,,,,,,,,,,,
2026-322,Geneva,Clay,28,250,20260518,6,210530,4,,Learner Tien,L,180.0,USA,,210506,,,Alex Michelsen,R,193.0,USA,,6-4 3-6 6-1,3,QF,,,,,,,,,,,,,,,,,,,,,,,
2026-322,Geneva,Clay,28,250,20260518,7,122330,2,,Alexander Bublik,R,196.0,KAZ,,126239,5,,Arthur Rinderknech,R,196.0,FRA,,5-7 6-4 6-2,3,QF,,,,,,,,,,,,,,,,,,,,,,,
2026-322,Geneva,Clay,28,250,20260518,8,200615,,,Alexei Popyrin,R,196.0,AUS,,126203,1,,Taylor Fritz,R,196.0,USA,,6-4 6-4,3,R16,,,,,,,,,,,,,,,,,,,,,,,
2026-322,Geneva,Clay,28,250,20260518,9,134770,6,,Casper Ruud,R,183.0,NOR,,,,,Raphaël Collignon,,,BEL,,7-6(7) 6-2,3,R16,,,,,,,,,,,,,,,,,,,,,,,
2026-322,Geneva,Clay,28,250,20260518,10,208363,,,Mariano Navone,R,178.0,ARG,,111815,3,,Cameron Norrie,L,188.0,GBR,,6-4 6-4,3,R16,,,,,,,,,,,,,,,,,,,,,,,
2026-322,Geneva,Clay,28,250,20260518,11,144719,8,,Jaume Munar,R,183.0,ESP,,,Q,,Francisco Comesaña,,,ARG,,6-4 6-4,3,R16,,,,,,,,,,,,,,,,,,,,,,,
2026-322,Geneva,Clay,28,250,20260518,12,210506,,,Alex Michelsen,R,193.0,USA,,,WC,,Stanislas Wawrinka,,,SUI,,7-6(7) 7-6(7),3,R16,,,,,,,,,,,,,,,,,,,,,,,
2026-322,Geneva,Clay,28,250,20260518,13,210530,4,,Learner Tien,L,180.0,USA,,126774,WC,,Stefanos Tsitsipas,R,193.0,GRE,,7-6(7) 7-6(7),3,R16,,,,,,,,,,,,,,,,,,,,,,,
2026-322,Geneva,Clay,28,250,20260518,14,126239,5,,Arthur Rinderknech,R,196.0,FRA,,111513,WC,,Laslo Djere,R,188.0,SRB,,4-6 7-6(7) 6-1,3,R16,,,,,,,,,,,,,,,,,,,,,,,
2026-322,Geneva,Clay,28,250,20260518,15,122330,2,,Alexander Bublik,R,196.0,KAZ,,210220,Q,,Edas Butvilas,R,191.0,LTU,,6-4 6-3,3,R16,,,,,,,,,,,,,,,,,,,,,,,
2026-322,Geneva,Clay,28,250,20260518,16,200615,,,Alexei Popyrin,R,196.0,AUS,,,Q,,Clément Tabur,,,FRA,,7-6(7) 6-7(5) 6-4,3,R32,,,,,,,,,,,,,,,,,,,,,,,
2026-322,Geneva,Clay,28,250,20260518,17,,,,Raphaël Collignon,,,BEL,,105173,,,Adrian Mannarino,L,180.0,FRA,,6-3 7-6(7),3,R32,,,,,,,,,,,,,,,,,,,,,,,
2026-322,Geneva,Clay,28,250,20260518,18,134770,6,,Casper Ruud,R,183.0,NOR,,B0CD,,,Jenson Brooksby,R,193.0,USA,,6-3 7-5,3,R32,,,,,,,,,,,,,,,,,,,,,,,
2026-322,Geneva,Clay,28,250,20260518,19,208363,,,Mariano Navone,R,178.0,ARG,,105477,,,Marco Trungelliti,R,178.0,ARG,,5-7 7-5 6-1,3,R32,,,,,,,,,,,,,,,,,,,,,,,
2026-322,Geneva,Clay,28,250,20260518,20,,Q,,Francisco Comesaña,,,ARG,,R0EB,,,Valentin Royer,R,188.0,FRA,,2-6 6-3 6-4,3,R32,,,,,,,,,,,,,,,,,,,,,,,
2026-322,Geneva,Clay,28,250,20260518,21,144719,8,,Jaume Munar,R,183.0,ESP,,210460,Q,,Nishesh Basavareddy,R,180.0,USA,,6-0 6-3,3,R32,,,,,,,,,,,,,,,,,,,,,,,
2026-322,Geneva,Clay,28,250,20260518,22,,WC,,Stanislas Wawrinka,,,SUI,,,LL,,Raúl Brancaccio,,,ITA,,6-2 4-6 7-6(7),3,R32,,,,,,,,,,,,,,,,,,,,,,,
2026-322,Geneva,Clay,28,250,20260518,23,210506,,,Alex Michelsen,R,193.0,USA,,,,,Sebastián Báez,,,ARG,,7-5 6-3,3,R32,,,,,,,,,,,,,,,,,,,,,,,
2026-322,Geneva,Clay,28,250,20260518,24,126774,WC,,Stefanos Tsitsipas,R,193.0,GRE,,208659,,,Giovanni Mpetshi Perricard,R,203.0,FRA,,6-4 7-6(10),3,R32,,,,,,,,,,,,,,,,,,,,,,,
2026-322,Geneva,Clay,28,250,20260518,25,126239,5,,Arthur Rinderknech,R,196.0,FRA,,,,,Thiago Agustín Tirante,,,ARG,,6-4 6-1,3,R32,,,,,,,,,,,,,,,,,,,,,,,
2026-322,Geneva,Clay,28,250,20260518,26,111513,WC,,Laslo Djere,R,188.0,SRB,,105902,LL,,James Duckworth,R,183.0,AUS,,6-4 3-6 6-3,3,R32,,,,,,,,,,,,,,,,,,,,,,,
2026-322,Geneva,Clay,28,250,20260518,27,210220,Q,,Edas Butvilas,R,191.0,LTU,,132283,,,Lorenzo Sonego,R,191.0,ITA,,6-3 6-1,3,R32,,,,,,,,,,,,,,,,,,,,,,,
2026-414,Hamburg,Clay,32,500,20260518,1,209860,Q,,Ignacio Buse,R,185.0,PER,,126205,6,,Tommy Paul,R,185.0,USA,,7-6(8) 4-6 6-3,3,F,,,,,,,,,,,,,,,,,,,,,,,
2026-414,Hamburg,Clay,32,500,20260518,2,209860,Q,,Ignacio Buse,R,185.0,PER,,206499,LL,,Aleksandar Kovacevic,R,183.0,USA,,6-1 6-4,3,SF,,,,,,,,,,,,,,,,,,,,,,,
2026-414,Hamburg,Clay,32,500,20260518,3,126205,6,,Tommy Paul,R,185.0,USA,,,3,,Alex de Minaur,,,AUS,,2-6 6-3 6-3,3,SF,,,,,,,,,,,,,,,,,,,,,,,
2026-414,Hamburg,Clay,32,500,20260518,4,206499,LL,,Aleksandar Kovacevic,R,183.0,USA,,200116,,,Camilo Ugo Carabelli,R,185.0,ARG,,6-4 6-7(10) 6-2,3,QF,,,,,,,,,,,,,,,,,,,,,,,
2026-414,Hamburg,Clay,32,500,20260518,5,209860,Q,,Ignacio Buse,R,185.0,PER,,200005,,,Ugo Humbert,L,188.0,FRA,,6-3 5-7 6-3,3,QF,,,,,,,,,,,,,,,,,,,,,,,
2026-414,Hamburg,Clay,32,500,20260518,6,,3,,Alex de Minaur,,,AUS,,209260,7,,Luciano Darderi,R,183.0,ITA,,6-0 6-3,3,QF,,,,,,,,,,,,,,,,,,,,,,,
2026-414,Hamburg,Clay,32,500,20260518,7,126205,6,,Tommy Paul,R,185.0,USA,,127157,,,Daniel Altmaier,R,188.0,GER,,6-2 7-5,3,QF,,,,,,,,,,,,,,,,,,,,,,,
2026-414,Hamburg,Clay,32,500,20260518,8,206499,LL,,Aleksandar Kovacevic,R,183.0,USA,,,1,,Félix Auger-Aliassime,,,CAN,,4-6 7-5 6-4,3,R16,,,,,,,,,,,,,,,,,,,,,,,
2026-414,Hamburg,Clay,32,500,20260518,9,200116,,,Camilo Ugo Carabelli,R,185.0,ARG,,126207,8,,Frances Tiafoe,R,188.0,USA,,7-6(7) 7-6(7),3,R16,,,,,,,,,,,,,,,,,,,,,,,
2026-414,Hamburg,Clay,32,500,20260518,10,209860,Q,,Ignacio Buse,R,185.0,PER,,,,,Jakub Menšík,,,CZE,,6-0 6-3,3,R16,,,,,,,,,,,,,,,,,,,,,,,
2026-414,Hamburg,Clay,32,500,20260518,11,200005,,,Ugo Humbert,L,188.0,FRA,,111575,5,,Karen Khachanov,R,198.0,RUS,,6-3 3-6 7-6(7),3,R16,,,,,,,,,,,,,,,,,,,,,,,
2026-414,Hamburg,Clay,32,500,20260518,12,209260,7,,Luciano Darderi,R,183.0,ITA,,105870,,,Yannick Hanfmann,R,193.0,GER,,7-6(9) 7-5,3,R16,,,,,,,,,,,,,,,,,,,,,,,
2026-414,Hamburg,Clay,32,500,20260518,13,,3,,Alex de Minaur,,,AUS,,200221,,,Alejandro Davidovich Fokina,R,183.0,ESP,,6-2 4-6 6-4,3,R16,,,,,,,,,,,,,,,,,,,,,,,
2026-414,Hamburg,Clay,32,500,20260518,14,126205,6,,Tommy Paul,R,185.0,USA,,,,,Tomás Martín Etcheverry,,,ARG,,6-7(5) 7-6(7) 7-6(9),3,R16,,,,,,,,,,,,,,,,,,,,,,,
2026-414,Hamburg,Clay,32,500,20260518,15,127157,,,Daniel Altmaier,R,188.0,GER,,210097,2,,Ben Shelton,L,193.0,USA,,4-6 7-6(7) 6-4,3,R16,,,,,,,,,,,,,,,,,,,,,,,
2026-414,Hamburg,Clay,32,500,20260518,16,,1,,Félix Auger-Aliassime,,,CAN,,,,,Vít Kopřiva,,,CZE,,7-5 6-1,3,R32,,,,,,,,,,,,,,,,,,,,,,,
2026-414,Hamburg,Clay,32,500,20260518,17,206499,LL,,Aleksandar Kovacevic,R,183.0,USA,,,Q,,Arthur Géa,,,FRA,,6-2 7-6(7),3,R32,,,,,,,,,,,,,,,,,,,,,,,
2026-414,Hamburg,Clay,32,500,20260518,18,200116,,,Camilo Ugo Carabelli,R,185.0,ARG,,111794,,,Kamil Majchrzak,R,180.0,POL,,1-6 6-2 6-3,3,R32,,,,,,,,,,,,,,,,,,,,,,,
2026-414,Hamburg,Clay,32,500,20260518,19,126207,8,,Frances Tiafoe,R,188.0,USA,,,WC,,Diego Dedura,,,GER,,6-4 6-4,3,R32,,,,,,,,,,,,,,,,,,,,,,,
2026-414,Hamburg,Clay,32,500,20260518,20,209860,Q,,Ignacio Buse,R,185.0,PER,,207925,4,,Flavio Cobolli,R,183.0,ITA,,6-2 7-5,3,R32,,,,,,,,,,,,,,,,,,,,,,,
2026-414,Hamburg,Clay,32,500,20260518,21,,,,Jakub Menšík,,,CZE,,,WC,,Jan-Lennard Struff,,,GER,,7-6(7) 6-2,3,R32,,,,,,,,,,,,,,,,,,,,,,,
2026-414,Hamburg,Clay,32,500,20260518,22,200005,,,Ugo Humbert,L,188.0,FRA,,211514,WC,,Justin Engel,U,,GER,,6-3 3-6 7-6(7),3,R32,,,,,,,,,,,,,,,,,,,,,,,
2026-414,Hamburg,Clay,32,500,20260518,23,111575,5,,Karen Khachanov,R,198.0,RUS,,200384,LL,,Hugo Gaston,L,173.0,FRA,,3-6 6-3 7-6(7),3,R32,,,,,,,,,,,,,,,,,,,,,,,
2026-414,Hamburg,Clay,32,500,20260518,24,209260,7,,Luciano Darderi,R,183.0,ITA,,,,,Román Andrés Burruchaga,,,ARG,,6-3 7-6(7),3,R32,,,,,,,,,,,,,,,,,,,,,,,
2026-414,Hamburg,Clay,32,500,20260518,25,105870,,,Yannick Hanfmann,R,193.0,GER,,,Q,,Max Schönhaus,,,GER,,6-3 6-7(4) 6-4,3,R32,,,,,,,,,,,,,,,,,,,,,,,
2026-414,Hamburg,Clay,32,500,20260518,26,200221,,,Alejandro Davidovich Fokina,R,183.0,ESP,,144895,,,Corentin Moutet,L,180.0,FRA,,6-4 6-4,3,R32,,,,,,,,,,,,,,,,,,,,,,,
2026-414,Hamburg,Clay,32,500,20260518,27,,3,,Alex de Minaur,,,AUS,,,,,Francisco Cerúndolo,,,ARG,,3-6 6-4 6-3,3,R32,,,,,,,,,,,,,,,,,,,,,,,
2026-414,Hamburg,Clay,32,500,20260518,28,126205,6,,Tommy Paul,R,185.0,USA,,210319,,,Ethan Quinn,R,191.0,USA,,6-1 6-3,3,R32,,,,,,,,,,,,,,,,,,,,,,,
2026-414,Hamburg,Clay,32,500,20260518,29,,,,Tomás Martín Etcheverry,,,ARG,,,,,Térence Atmane,,,FRA,,6-2 7-6(7),3,R32,,,,,,,,,,,,,,,,,,,,,,,
2026-414,Hamburg,Clay,32,500,20260518,30,127157,,,Daniel Altmaier,R,188.0,GER,,208014,Q,,Rinky Hijikata,R,178.0,AUS,,7-5 6-2,3,R32,,,,,,,,,,,,,,,,,,,,,,,
2026-414,Hamburg,Clay,32,500,20260518,31,210097,2,,Ben Shelton,L,193.0,USA,,106218,LL,,Marcos Giron,R,180.0,USA,,6-3 4-6 7-6(7),3,R32,,,,,,,,,,,,,,,,,,,,,,,
2026-520,Roland Garros,Clay,128,G,20260525,1,100644,2,,Alexander Zverev,R,198.0,GER,,207925,10,,Flavio Cobolli,R,183.0,ITA,,6-1 4-6 6-4 6-7(5) 6-1,5,F,,,,,,,,,,,,,,,,,,,,,,,
2026-520,Roland Garros,Clay,128,G,20260525,2,207925,10,,Flavio Cobolli,R,183.0,ITA,,208286,,,Matteo Arnaldi,R,185.0,ITA,,w/o-,5,SF,,,,,,,,,,,,,,,,,,,,,,,
2026-520,Roland Garros,Clay,128,G,20260525,3,100644,2,,Alexander Zverev,R,198.0,GER,,,26,,Jakub Menšík,,,CZE,,7-5 6-2 3-6 6-3,5,SF,,,,,,,,,,,,,,,,,,,,,,,
2026-520,Roland Garros,Clay,128,G,20260525,4,208286,,,Matteo Arnaldi,R,185.0,ITA,,126610,,,Matteo Berrettini,R,196.0,ITA,,7-5 5-2,5,QF,,,,,,,,,,,,,,,,,,,,,,,
2026-520,Roland Garros,Clay,128,G,20260525,5,207925,10,,Flavio Cobolli,R,183.0,ITA,,,4,,Félix Auger-Aliassime,,,CAN,,4-6 6-4 6-4 6-4,5,QF,,,,,,,,,,,,,,,,,,,,,,,
2026-520,Roland Garros,Clay,128,G,20260525,6,,26,,Jakub Menšík,,,CZE,,,28,,João Fonseca,,,BRA,,6-4 6-3 7-6(7),5,QF,,,,,,,,,,,,,,,,,,,,,,,
2026-520,Roland Garros,Clay,128,G,20260525,7,100644,2,,Alexander Zverev,R,198.0,GER,,,27,,Rafael Jódar,,,ESP,,7-6(7) 6-1 6-3,5,QF,,,,,,,,,,,,,,,,,,,,,,,
2026-520,Roland Garros,Clay,128,G,20260525,8,126610,,,Matteo Berrettini,R,196.0,ITA,,,,,Juan Manuel Cerúndolo,,,ARG,,6-3 7-6(7) 7-6(8),5,R16,,,,,,,,,,,,,,,,,,,,,,,
2026-520,Roland Garros,Clay,128,G,20260525,9,208286,,,Matteo Arnaldi,R,185.0,ITA,,126207,19,,Frances Tiafoe,R,188.0,USA,,7-6(7) 6-7(5) 3-6 7-6(7) 6-4,5,R16,,,,,,,,,,,,,,,,,,,,,,,
2026-520,Roland Garros,Clay,128,G,20260525,10,,4,,Félix Auger-Aliassime,,,CAN,,126214,,,Alejandro Tabilo,L,188.0,CHI,,6-3 7-5 6-1,5,R16,,,,,,,,,,,,,,,,,,,,,,,
2026-520,Roland Garros,Clay,128,G,20260525,11,207925,10,,Flavio Cobolli,R,183.0,ITA,,208260,,,Zachary Svajda,R,175.0,USA,,6-2 6-3 6-7(3) 7-6(7),5,R16,,,,,,,,,,,,,,,,,,,,,,,
2026-520,Roland Garros,Clay,128,G,20260525,12,,26,,Jakub Menšík,,,CZE,,126094,11,,Andrey Rublev,R,188.0,RUS,,6-3 7-6(8) 4-6 2-6 6-3,5,R16,,,,,,,,,,,,,,,,,,,,,,,
2026-520,Roland Garros,Clay,128,G,20260525,13,,28,,João Fonseca,,,BRA,,134770,15,,Casper Ruud,R,183.0,NOR,,7-5 7-6(10) 5-7 6-2,5,R16,,,,,,,,,,,,,,,,,,,,,,,
2026-520,Roland Garros,Clay,128,G,20260525,14,,27,,Rafael Jódar,,,ESP,,,,,Pablo Carreño Busta,,,ESP,,4-6 4-6 6-1 6-2 6-2,5,R16,,,,,,,,,,,,,,,,,,,,,,,
2026-520,Roland Garros,Clay,128,G,20260525,15,100644,2,,Alexander Zverev,R,198.0,GER,,,LL,,Jesper de Jong,,,NED,,7-6(7) 6-4 6-1,5,R16,,,,,,,,,,,,,,,,,,,,,,,
2026-520,Roland Garros,Clay,128,G,20260525,16,,,,Juan Manuel Cerúndolo,,,ARG,,,,,Martín Landaluce,,,ESP,,6-4 6-7(7) 7-6(7) 6-7(4) 7-6(10),5,R32,,,,,,,,,,,,,,,,,,,,,,,
2026-520,Roland Garros,Clay,128,G,20260525,17,126610,,,Matteo Berrettini,R,196.0,ITA,,,,,Francisco Comesaña,,,ARG,,7-6(7) 5-7 6-7(4) 6-4 7-6(15),5,R32,,,,,,,,,,,,,,,,,,,,,,,
2026-520,Roland Garros,Clay,128,G,20260525,18,126207,19,,Frances Tiafoe,R,188.0,USA,,210262,Q,,Jaime Faria,R,188.0,POR,,4-6 6-7(2) 7-6(7) 6-1 6-2,5,R32,,,,,,,,,,,,,,,,,,,,,,,
2026-520,Roland Garros,Clay,128,G,20260525,19,208286,,,Matteo Arnaldi,R,185.0,ITA,,,,,Raphaël Collignon,,,BEL,,6-4 6-7(5) 5-7 6-4 7-6(10),5,R32,,,,,,,,,,,,,,,,,,,,,,,
2026-520,Roland Garros,Clay,128,G,20260525,20,,4,,Félix Auger-Aliassime,,,CAN,,206909,31,,Brandon Nakashima,R,188.0,USA,,5-7 6-1 7-6(7) 7-6(7),5,R32,,,,,,,,,,,,,,,,,,,,,,,
2026-520,Roland Garros,Clay,128,G,20260525,21,126214,,,Alejandro Tabilo,L,188.0,CHI,,,WC,,Moïse Kouamé,,,FRA,,4-6 6-3 6-4 7-6(11),5,R32,,,,,,,,,,,,,,,,,,,,,,,
2026-520,Roland Garros,Clay,128,G,20260525,22,207925,10,,Flavio Cobolli,R,183.0,ITA,,210530,18,,Learner Tien,L,180.0,USA,,6-2 6-2 6-3,5,R32,,,,,,,,,,,,,,,,,,,,,,,
2026-520,Roland Garros,Clay,128,G,20260525,23,208260,,,Zachary Svajda,R,175.0,USA,,,25,,Francisco Cerúndolo,,,ARG,,6-3 6-4 3-6 4-6 6-3,5,R32,,,,,,,,,,,,,,,,,,,,,,,
2026-520,Roland Garros,Clay,128,G,20260525,24,,26,,Jakub Menšík,,,CZE,,,8,,Alex de Minaur,,,AUS,,0-6 6-2 6-2 6-3,5,R32,,,,,,,,,,,,,,,,,,,,,,,
2026-520,Roland Garros,Clay,128,G,20260525,25,126094,11,,Andrey Rublev,R,188.0,RUS,,132686,,,Nuno Borges,R,185.0,POR,,7-5 7-6(7) 7-6(7),5,R32,,,,,,,,,,,,,,,,,,,,,,,
2026-520,Roland Garros,Clay,128,G,20260525,26,134770,15,,Casper Ruud,R,183.0,NOR,,126205,24,,Tommy Paul,R,185.0,USA,,4-6 6-7(4) 6-4 7-6(7) 7-5,5,R32,,,,,,,,,,,,,,,,,,,,,,,
2026-520,Roland Garros,Clay,128,G,20260525,27,,28,,João Fonseca,,,BRA,,104925,3,,Novak Djokovic,R,188.0,SRB,,4-6 4-6 6-3 7-5 7-5,5,R32,,,,,,,,,,,,,,,,,,,,,,,
2026-520,Roland Garros,Clay,128,G,20260525,28,,27,,Rafael Jódar,,,ESP,,210506,,,Alex Michelsen,R,193.0,USA,,7-6(7) 6-7(5) 4-6 6-3 6-3,5,R32,,,,,,,,,,,,,,,,,,,,,,,
2026-520,Roland Garros,Clay,128,G,20260525,29,,,,Pablo Carreño Busta,,,ESP,,,,,Thiago Agustín Tirante,,,ARG,,7-6(7) 7-5 3-6 6-4,5,R32,,,,,,,,,,,,,,,,,,,,,,,
2026-520,Roland Garros,Clay,128,G,20260525,30,,LL,,Jesper de Jong,,,NED,,111575,13,,Karen Khachanov,R,198.0,RUS,,7-5 5-7 6-2 6-7(2) 6-2,5,R32,,,,,,,,,,,,,,,,,,,,,,,
2026-520,Roland Garros,Clay,128,G,20260525,31,100644,2,,Alexander Zverev,R,198.0,GER,,111460,,,Quentin Halys,R,191.0,FRA,,6-4 6-3 5-7 6-2,5,R32,,,,,,,,,,,,,,,,,,,,,,,
2026-520,Roland Garros,Clay,128,G,20260525,32,,,,Juan Manuel Cerúndolo,,,ARG,,206173,1,,Jannik Sinner,R,191.0,ITA,,3-6 2-6 7-5 6-1 6-1,5,R64,,,,,,,,,,,,,,,,,,,,,,,
2026-520,Roland Garros,Clay,128,G,20260525,33,,,,Martín Landaluce,,,ESP,,,,,Vít Kopřiva,,,CZE,,1-6 2-6 6-4 7-5 6-0,5,R64,,,,,,,,,,,,,,,,,,,,,,,
2026-520,Roland Garros,Clay,128,G,20260525,34,126610,,,Matteo Berrettini,R,196.0,ITA,,126239,22,,Arthur Rinderknech,R,196.0,FRA,,6-4 6-4 6-4,5,R64,,,,,,,,,,,,,,,,,,,,,,,
2026-520,Roland Garros,Clay,128,G,20260525,35,,,,Francisco Comesaña,,,ARG,,209260,14,,Luciano Darderi,R,183.0,ITA,,7-6(7) 4-6 6-4 2-6 6-4,5,R64,,,,,,,,,,,,,,,,,,,,,,,
2026-520,Roland Garros,Clay,128,G,20260525,36,210262,Q,,Jaime Faria,R,188.0,POR,,,,,Jan-Lennard Struff,,,GER,,7-5 7-6(7) 6-2,5,R64,,,,,,,,,,,,,,,,,,,,,,,
2026-520,Roland Garros,Clay,128,G,20260525,37,126207,19,,Frances Tiafoe,R,188.0,USA,,128034,,,Hubert Hurkacz,R,196.0,POL,,6-7(5) 7-6(7) 6-4 6-7(1) 6-4,5,R64,,,,,,,,,,,,,,,,,,,,,,,
2026-520,Roland Garros,Clay,128,G,20260525,38,208286,,,Matteo Arnaldi,R,185.0,ITA,,126774,,,Stefanos Tsitsipas,R,193.0,GRE,,7-6(7) 5-7 6-3 6-2,5,R64,,,,,,,,,,,,,,,,,,,,,,,
2026-520,Roland Garros,Clay,128,G,20260525,39,,,,Raphaël Collignon,,,BEL,,210097,5,,Ben Shelton,L,193.0,USA,,6-4 7-5 6-4,5,R64,,,,,,,,,,,,,,,,,,,,,,,
2026-520,Roland Garros,Clay,128,G,20260525,40,,4,,Félix Auger-Aliassime,,,CAN,,,,,Román Andrés Burruchaga,,,ARG,,4-6 6-0 7-5 6-1,5,R64,,,,,,,,,,,,,,,,,,,,,,,
2026-520,Roland Garros,Clay,128,G,20260525,41,206909,31,,Brandon Nakashima,R,188.0,USA,,209414,,,Luca Van Assche,R,178.0,FRA,,6-7(5) 6-4 5-7 6-1 6-3,5,R64,,,,,,,,,,,,,,,,,,,,,,,
2026-520,Roland Garros,Clay,128,G,20260525,42,,WC,,Moïse Kouamé,,,FRA,,118808,,,Daniel Vallejo,R,,MEX,,6-3 7-5 3-6 2-6 7-6(10),5,R64,,,,,,,,,,,,,,,,,,,,,,,
2026-520,Roland Garros,Clay,128,G,20260525,43,126214,,,Alejandro Tabilo,L,188.0,CHI,,200473,16,,Valentin Vacherot,R,193.0,MON,,w/o-,5,R64,,,,,,,,,,,,,,,,,,,,,,,
2026-520,Roland Garros,Clay,128,G,20260525,44,207925,10,,Flavio Cobolli,R,183.0,ITA,,,,,Wu Yibing,,,CHN,,6-4 6-4 6-4,5,R64,,,,,,,,,,,,,,,,,,,,,,,
2026-520,Roland Garros,Clay,128,G,20260525,45,210530,18,,Learner Tien,L,180.0,USA,,,Q,,Facundo Díaz Acosta,,,ARG,,7-5 4-6 3-6 7-6(7) 6-3,5,R64,,,,,,,,,,,,,,,,,,,,,,,
2026-520,Roland Garros,Clay,128,G,20260525,46,,25,,Francisco Cerúndolo,,,ARG,,200384,WC,,Hugo Gaston,L,173.0,FRA,,2-6 6-4 6-2 6-1,5,R64,,,,,,,,,,,,,,,,,,,,,,,
2026-520,Roland Garros,Clay,128,G,20260525,47,208260,,,Zachary Svajda,R,175.0,USA,,200443,WC,,Adam Walton,R,183.0,AUS,,6-3 6-4 6-7(4) 6-2,5,R64,,,,,,,,,,,,,,,,,,,,,,,
2026-520,Roland Garros,Clay,128,G,20260525,48,,8,,Alex de Minaur,,,AUS,,210696,,,Alexander Blockx,R,191.0,BEL,,w/o-,5,R64,,,,,,,,,,,,,,,,,,,,,,,
2026-520,Roland Garros,Clay,128,G,20260525,49,,26,,Jakub Menšík,,,CZE,,208363,,,Mariano Navone,R,178.0,ARG,,6-3 2-6 6-4 1-6 7-6(13),5,R64,,,,,,,,,,,,,,,,,,,,,,,
2026-520,Roland Garros,Clay,128,G,20260525,50,132686,,,Nuno Borges,R,185.0,POR,,,,,Miomir Kecmanović,,,SRB,,3-6 6-2 6-1 6-2,5,R64,,,,,,,,,,,,,,,,,,,,,,,
2026-520,Roland Garros,Clay,128,G,20260525,51,126094,11,,Andrey Rublev,R,188.0,RUS,,200116,,,Camilo Ugo Carabelli,R,185.0,ARG,,6-1 1-6 6-3 7-6(7),5,R64,,,,,,,,,,,,,,,,,,,,,,,
2026-520,Roland Garros,Clay,128,G,20260525,52,134770,15,,Casper Ruud,R,183.0,NOR,,209098,,,Hamad Medjedovic,R,188.0,SRB,,6-3 6-2 6-4,5,R64,,,,,,,,,,,,,,,,,,,,,,,
2026-520,Roland Garros,Clay,128,G,20260525,53,126205,24,,Tommy Paul,R,185.0,USA,,132283,,,Lorenzo Sonego,R,191.0,ITA,,6-3 6-2 6-4,5,R64,,,,,,,,,,,,,,,,,,,,,,,
2026-520,Roland Garros,Clay,128,G,20260525,54,,28,,João Fonseca,,,BRA,,,,,Dino Prižmić,,,CRO,,3-6 4-6 6-3 6-1 6-2,5,R64,,,,,,,,,,,,,,,,,,,,,,,
2026-520,Roland Garros,Clay,128,G,20260525,55,104925,3,,Novak Djokovic,R,188.0,SRB,,R0EB,,,Valentin Royer,R,188.0,FRA,,6-3 6-2 6-7(7) 6-3,5,R64,,,,,,,,,,,,,,,,,,,,,,,
2026-520,Roland Garros,Clay,128,G,20260525,56,210506,,,Alex Michelsen,R,193.0,USA,,210460,WC,,Nishesh Basavareddy,R,180.0,USA,,7-6(7) 6-3 3-6 6-3,5,R64,,,,,,,,,,,,,,,,,,,,,,,
2026-520,Roland Garros,Clay,128,G,20260525,57,,27,,Rafael Jódar,,,ESP,,105902,,,James Duckworth,R,183.0,AUS,,6-1 6-7(5) 6-4 7-5,5,R64,,,,,,,,,,,,,,,,,,,,,,,
2026-520,Roland Garros,Clay,128,G,20260525,58,,,,Thiago Agustín Tirante,,,ARG,,200221,21,,Alejandro Davidovich Fokina,R,183.0,ESP,,4-6 7-6(7) 6-1 6-3,5,R64,,,,,,,,,,,,,,,,,,,,,,,
2026-520,Roland Garros,Clay,128,G,20260525,59,,,,Pablo Carreño Busta,,,ESP,,106423,PR,,Thanasi Kokkinakis,R,193.0,AUS,,7-5 4-6 1-0,5,R64,,,,,,,,,,,,,,,,,,,,,,,
2026-520,Roland Garros,Clay,128,G,20260525,60,111575,13,,Karen Khachanov,R,198.0,RUS,,105477,,,Marco Trungelliti,R,178.0,ARG,,7-6(7) 5-7 6-1 7-6(7),5,R64,,,,,,,,,,,,,,,,,,,,,,,
2026-520,Roland Garros,Clay,128,G,20260525,61,,LL,,Jesper de Jong,,,NED,,,Q,,Federico Cinà,,,ITA,,6-3 6-1 6-3,5,R64,,,,,,,,,,,,,,,,,,,,,,,
2026-520,Roland Garros,Clay,128,G,20260525,62,111460,,,Quentin Halys,R,191.0,FRA,,200005,32,,Ugo Humbert,L,188.0,FRA,,6-4 7-6(7) 7-6(10),5,R64,,,,,,,,,,,,,,,,,,,,,,,
2026-520,Roland Garros,Clay,128,G,20260525,63,100644,2,,Alexander Zverev,R,198.0,GER,,,,,Tomáš Macháč,,,CZE,,6-4 6-2 6-2,5,R64,,,,,,,,,,,,,,,,,,,,,,,
2026-520,Roland Garros,Clay,128,G,20260525,64,206173,1,,Jannik Sinner,R,191.0,ITA,,,WC,,Clément Tabur,,,FRA,,6-1 6-3 6-4,5,R128,,,,,,,,,,,,,,,,,,,,,,,
2026-520,Roland Garros,Clay,128,G,20260525,65,,,,Juan Manuel Cerúndolo,,,ARG,,207985,,,Jacob Fearnley,R,183.0,GBR,,6-2 7-6(7) 7-6(9),5,R128,,,,,,,,,,,,,,,,,,,,,,,
2026-520,Roland Garros,Clay,128,G,20260525,66,,,,Martín Landaluce,,,ESP,,,Q,,Juan Carlos Prado Ángelo,,,BOL,,6-3 4-6 6-2 6-7(3) 6-4,5,R128,,,,,,,,,,,,,,,,,,,,,,,
2026-520,Roland Garros,Clay,128,G,20260525,67,,,,Vít Kopřiva,,,CZE,,144895,30,,Corentin Moutet,L,180.0,FRA,,6-3 5-7 6-4 3-6 6-3,5,R128,,,,,,,,,,,,,,,,,,,,,,,
2026-520,Roland Garros,Clay,128,G,20260525,68,126239,22,,Arthur Rinderknech,R,196.0,FRA,,200514,Q,,Jurij Rodionov,L,191.0,AUT,,7-6(7) 6-2 6-3,5,R128,,,,,,,,,,,,,,,,,,,,,,,
2026-520,Roland Garros,Clay,128,G,20260525,69,126610,,,Matteo Berrettini,R,196.0,ITA,,,,,Márton Fucsovics,,,HUN,,6-7(2) 7-5 6-1 6-2,5,R128,,,,,,,,,,,,,,,,,,,,,,,
2026-520,Roland Garros,Clay,128,G,20260525,70,,,,Francisco Comesaña,,,ARG,,210319,,,Ethan Quinn,R,191.0,USA,,6-4 7-6(10) 7-6(7),5,R128,,,,,,,,,,,,,,,,,,,,,,,
2026-520,Roland Garros,Clay,128,G,20260525,71,209260,14,,Luciano Darderi,R,183.0,ITA,,124116,,,Sebastian Ofner,R,191.0,AUT,,7-6(7) 6-2 6-3,5,R128,,,,,,,,,,,,,,,,,,,,,,,
2026-520,Roland Garros,Clay,128,G,20260525,72,,,,Jan-Lennard Struff,,,GER,,122330,9,,Alexander Bublik,R,196.0,KAZ,,7-5 6-7(6) 6-4 7-5,5,R128,,,,,,,,,,,,,,,,,,,,,,,
2026-520,Roland Garros,Clay,128,G,20260525,73,210262,Q,,Jaime Faria,R,188.0,POR,,133430,,,Denis Shapovalov,L,185.0,CAN,,6-4 7-5 6-4,5,R128,,,,,,,,,,,,,,,,,,,,,,,
2026-520,Roland Garros,Clay,128,G,20260525,74,128034,,,Hubert Hurkacz,R,196.0,POL,,144719,,,Jaume Munar,R,183.0,ESP,,6-3 6-3 2-6 6-3,5,R128,,,,,,,,,,,,,,,,,,,,,,,
2026-520,Roland Garros,Clay,128,G,20260525,75,126207,19,,Frances Tiafoe,R,188.0,USA,,208118,,,Eliot Spizzirri,R,183.0,USA,,6-3 6-7(5) 6-4 6-3,5,R128,,,,,,,,,,,,,,,,,,,,,,,
2026-520,Roland Garros,Clay,128,G,20260525,76,208286,,,Matteo Arnaldi,R,185.0,ITA,,134868,29,,Tallon Griekspoor,R,188.0,NED,,6-7(9) 6-3 7-6(8) 6-3,5,R128,,,,,,,,,,,,,,,,,,,,,,,
2026-520,Roland Garros,Clay,128,G,20260525,77,126774,,,Stefanos Tsitsipas,R,193.0,GRE,,,,,Alexandre Müller,,,FRA,,6-2 3-0,5,R128,,,,,,,,,,,,,,,,,,,,,,,
2026-520,Roland Garros,Clay,128,G,20260525,78,,,,Raphaël Collignon,,,BEL,,126846,,,Aleksandar Vukic,R,188.0,AUS,,6-3 6-3 7-6(7),5,R128,,,,,,,,,,,,,,,,,,,,,,,
2026-520,Roland Garros,Clay,128,G,20260525,79,210097,5,,Ben Shelton,L,193.0,USA,,,,,Daniel Mérida,,,ESP,,6-3 6-3 6-4,5,R128,,,,,,,,,,,,,,,,,,,,,,,
2026-520,Roland Garros,Clay,128,G,20260525,80,,4,,Félix Auger-Aliassime,,,CAN,,127157,,,Daniel Altmaier,R,188.0,GER,,4-6 6-4 4-6 6-1 7-6(10),5,R128,,,,,,,,,,,,,,,,,,,,,,,
2026-520,Roland Garros,Clay,128,G,20260525,81,,,,Román Andrés Burruchaga,,,ARG,,,,,Sebastián Báez,,,ARG,,2-6 7-5 6-2 2-0,5,R128,,,,,,,,,,,,,,,,,,,,,,,
2026-520,Roland Garros,Clay,128,G,20260525,82,209414,,,Luca Van Assche,R,178.0,FRA,,209147,LL,,Vilius Gaubas,R,178.0,LTU,,6-4 6-2 2-6 7-5,5,R128,,,,,,,,,,,,,,,,,,,,,,,
2026-520,Roland Garros,Clay,128,G,20260525,83,206909,31,,Brandon Nakashima,R,188.0,USA,,105138,,,Roberto Bautista Agut,R,183.0,ESP,,6-2 7-5 6-2,5,R128,,,,,,,,,,,,,,,,,,,,,,,
2026-520,Roland Garros,Clay,128,G,20260525,84,118808,,,Daniel Vallejo,R,,MEX,,111815,20,,Cameron Norrie,L,188.0,GBR,,7-6(9) 2-0,5,R128,,,,,,,,,,,,,,,,,,,,,,,
2026-520,Roland Garros,Clay,128,G,20260525,85,,WC,,Moïse Kouamé,,,FRA,,,,,Marin Čilić,,,CRO,,7-6(7) 6-2 6-1,5,R128,,,,,,,,,,,,,,,,,,,,,,,
2026-520,Roland Garros,Clay,128,G,20260525,86,126214,,,Alejandro Tabilo,L,188.0,CHI,,111794,,,Kamil Majchrzak,R,180.0,POL,,6-1 6-3 6-4,5,R128,,,,,,,,,,,,,,,,,,,,,,,
2026-520,Roland Garros,Clay,128,G,20260525,87,200473,16,,Valentin Vacherot,R,193.0,MON,,,Q,,Thomas Faurel,,,FRA,,6-3 6-4 3-6 7-6(8),5,R128,,,,,,,,,,,,,,,,,,,,,,,
2026-520,Roland Garros,Clay,128,G,20260525,88,207925,10,,Flavio Cobolli,R,183.0,ITA,,126504,Q,,Andrea Pellegrino,R,185.0,ITA,,6-4 7-6(7) 6-3,5,R128,,,,,,,,,,,,,,,,,,,,,,,
2026-520,Roland Garros,Clay,128,G,20260525,89,,,,Wu Yibing,,,CHN,,106218,,,Marcos Giron,R,180.0,USA,,7-5 6-2 6-4,5,R128,,,,,,,,,,,,,,,,,,,,,,,
2026-520,Roland Garros,Clay,128,G,20260525,90,,Q,,Facundo Díaz Acosta,,,ARG,,,PR,,Zhang Zhizhen,,,CHN,,6-1 6-4 6-3,5,R128,,,,,,,,,,,,,,,,,,,,,,,
2026-520,Roland Garros,Clay,128,G,20260525,91,210530,18,,Learner Tien,L,180.0,USA,,,,,Cristian Garín,,,CHI,,6-0 2-6 6-0 6-2,5,R128,,,,,,,,,,,,,,,,,,,,,,,
2026-520,Roland Garros,Clay,128,G,20260525,92,,25,,Francisco Cerúndolo,,,ARG,,,,,Botic van de Zandschulp,,,NED,,6-3 6-4 6-7(7) 6-4,5,R128,,,,,,,,,,,,,,,,,,,,,,,
2026-520,Roland Garros,Clay,128,G,20260525,93,200384,WC,,Hugo Gaston,L,173.0,FRA,,,WC,,Gaël Monfils,,,FRA,,6-2 6-3 3-6 2-6 6-0,5,R128,,,,,,,,,,,,,,,,,,,,,,,
2026-520,Roland Garros,Clay,128,G,20260525,94,208260,,,Zachary Svajda,R,175.0,USA,,200615,,,Alexei Popyrin,R,196.0,AUS,,3-6 6-3 7-6(7) 7-5,5,R128,,,,,,,,,,,,,,,,,,,,,,,
2026-520,Roland Garros,Clay,128,G,20260525,95,200443,WC,,Adam Walton,R,183.0,AUS,,106421,6,,Daniil Medvedev,R,198.0,RUS,,6-2 1-6 6-1 1-6 6-4,5,R128,,,,,,,,,,,,,,,,,,,,,,,
2026-520,Roland Garros,Clay,128,G,20260525,96,,8,,Alex de Minaur,,,AUS,,,Q,,Toby Samuel,,,GBR,,6-4 6-4 6-2,5,R128,,,,,,,,,,,,,,,,,,,,,,,
2026-520,Roland Garros,Clay,128,G,20260525,97,210696,,,Alexander Blockx,R,191.0,BEL,,209409,LL,,Coleman Wong,R,191.0,HKG,,6-3 6-4 6-2,5,R128,,,,,,,,,,,,,,,,,,,,,,,
2026-520,Roland Garros,Clay,128,G,20260525,98,208363,,,Mariano Navone,R,178.0,ARG,,B0CD,,,Jenson Brooksby,R,193.0,USA,,6-4 6-4 6-4,5,R128,,,,,,,,,,,,,,,,,,,,,,,
2026-520,Roland Garros,Clay,128,G,20260525,99,,26,,Jakub Menšík,,,CZE,,208169,WC,,Titouan Droguet,R,191.0,FRA,,6-3 6-2 6-4,5,R128,,,,,,,,,,,,,,,,,,,,,,,
2026-520,Roland Garros,Clay,128,G,20260525,100,132686,,,Nuno Borges,R,185.0,POR,,,23,,Tomás Martín Etcheverry,,,ARG,,6-3 6-4 6-2,5,R128,,,,,,,,,,,,,,,,,,,,,,,
2026-520,Roland Garros,Clay,128,G,20260525,101,,,,Miomir Kecmanović,,,SRB,,,,,Fábián Marozsán,,,HUN,,7-6(7) 6-3 6-4,5,R128,,,,,,,,,,,,,,,,,,,,,,,
2026-520,Roland Garros,Clay,128,G,20260525,102,200116,,,Camilo Ugo Carabelli,R,185.0,ARG,,207182,Q,,Emilio Nava,R,185.0,USA,,7-6(12) 6-3 6-3,5,R128,,,,,,,,,,,,,,,,,,,,,,,
2026-520,Roland Garros,Clay,128,G,20260525,103,126094,11,,Andrey Rublev,R,188.0,RUS,,209860,,,Ignacio Buse,R,185.0,PER,,6-3 6-7(6) 6-3 7-5,5,R128,,,,,,,,,,,,,,,,,,,,,,,
2026-520,Roland Garros,Clay,128,G,20260525,104,134770,15,,Casper Ruud,R,183.0,NOR,,126128,Q,,Roman Safiullin,R,185.0,RUS,,6-2 7-6(7) 5-7 0-6 6-2,5,R128,,,,,,,,,,,,,,,,,,,,,,,
2026-520,Roland Garros,Clay,128,G,20260525,105,209098,,,Hamad Medjedovic,R,188.0,SRB,,105870,,,Yannick Hanfmann,R,193.0,GER,,6-3 6-4 6-7(1) 6-4,5,R128,,,,,,,,,,,,,,,,,,,,,,,
2026-520,Roland Garros,Clay,128,G,20260525,106,132283,,,Lorenzo Sonego,R,191.0,ITA,,,Q,,Pierre-Hugues Herbert,,,FRA,,7-6(7) 5-7 6-2 1-6 6-4,5,R128,,,,,,,,,,,,,,,,,,,,,,,
2026-520,Roland Garros,Clay,128,G,20260525,107,126205,24,,Tommy Paul,R,185.0,USA,,208014,,,Rinky Hijikata,R,178.0,AUS,,4-6 6-3 7-5 6-4,5,R128,,,,,,,,,,,,,,,,,,,,,,,
2026-520,Roland Garros,Clay,128,G,20260525,108,,28,,João Fonseca,,,BRA,,P0AY,Q,,Luka Pavlovic,R,196.0,FRA,,7-6(8) 6-4 6-2,5,R128,,,,,,,,,,,,,,,,,,,,,,,
2026-520,Roland Garros,Clay,128,G,20260525,109,,,,Dino Prižmić,,,CRO,,Z0BZ,Q,,Michael Zheng,R,188.0,USA,,6-1 6-1 6-3,5,R128,,,,,,,,,,,,,,,,,,,,,,,
2026-520,Roland Garros,Clay,128,G,20260525,110,R0EB,,,Valentin Royer,R,188.0,FRA,,106198,Q,,Hugo Dellien,R,180.0,BOL,,6-4 6-2 6-2,5,R128,,,,,,,,,,,,,,,,,,,,,,,
2026-520,Roland Garros,Clay,128,G,20260525,111,104925,3,,Novak Djokovic,R,188.0,SRB,,208659,,,Giovanni Mpetshi Perricard,R,203.0,FRA,,5-7 7-5 6-1 6-4,5,R128,,,,,,,,,,,,,,,,,,,,,,,
2026-520,Roland Garros,Clay,128,G,20260525,112,210460,WC,,Nishesh Basavareddy,R,180.0,USA,,126203,7,,Taylor Fritz,R,196.0,USA,,7-6(7) 7-6(7) 6-7(9) 6-1,5,R128,,,,,,,,,,,,,,,,,,,,,,,
2026-520,Roland Garros,Clay,128,G,20260525,113,210506,,,Alex Michelsen,R,193.0,USA,,207686,,,Alexander Shevchenko,R,185.0,KAZ,,6-2 6-4 6-2,5,R128,,,,,,,,,,,,,,,,,,,,,,,
2026-520,Roland Garros,Clay,128,G,20260525,114,105902,,,James Duckworth,R,183.0,AUS,,209113,,,Gabriel Diallo,R,203.0,CAN,,6-3 4-1,5,R128,,,,,,,,,,,,,,,,,,,,,,,
2026-520,Roland Garros,Clay,128,G,20260525,115,,27,,Rafael Jódar,,,ESP,,206499,,,Aleksandar Kovacevic,R,183.0,USA,,6-1 6-0 6-4,5,R128,,,,,,,,,,,,,,,,,,,,,,,
2026-520,Roland Garros,Clay,128,G,20260525,116,200221,21,,Alejandro Davidovich Fokina,R,183.0,ESP,,,,,Damir Džumhur,,,BIH,,6-7(3) 6-3 2-6 7-5 6-3,5,R128,,,,,,,,,,,,,,,,,,,,,,,
2026-520,Roland Garros,Clay,128,G,20260525,117,,,,Thiago Agustín Tirante,,,ARG,,208010,Q,,Pablo Llamas Ruiz,R,188.0,ESP,,6-3 7-6(8) 6-7(5) 6-0,5,R128,,,,,,,,,,,,,,,,,,,,,,,
2026-520,Roland Garros,Clay,128,G,20260525,118,106423,PR,,Thanasi Kokkinakis,R,193.0,AUS,,,,,Térence Atmane,,,FRA,,6-7(5) 6-2 4-6 6-3 7-5,5,R128,,,,,,,,,,,,,,,,,,,,,,,
2026-520,Roland Garros,Clay,128,G,20260525,119,,,,Pablo Carreño Busta,,,ESP,,,12,,Jiří Lehečka,,,CZE,,6-3 7-6(7) 6-3,5,R128,,,,,,,,,,,,,,,,,,,,,,,
2026-520,Roland Garros,Clay,128,G,20260525,120,111575,13,,Karen Khachanov,R,198.0,RUS,,,WC,,Arthur Géa,,,FRA,,6-3 7-6(8) 6-0,5,R128,,,,,,,,,,,,,,,,,,,,,,,
2026-520,Roland Garros,Clay,128,G,20260525,121,105477,,,Marco Trungelliti,R,178.0,ARG,,208021,Q,,Kyrian Jacquet,R,178.0,FRA,,6-4 6-2 6-2,5,R128,,,,,,,,,,,,,,,,,,,,,,,
2026-520,Roland Garros,Clay,128,G,20260525,122,,Q,,Federico Cinà,,,ITA,,124187,,,Reilly Opelka,R,211.0,USA,,3-6 6-4 6-2 6-7(6) 6-4,5,R128,,,,,,,,,,,,,,,,,,,,,,,
2026-520,Roland Garros,Clay,128,G,20260525,123,,LL,,Jesper de Jong,,,NED,,104527,,,Stan Wawrinka,R,183.0,SUI,,6-3 3-6 6-3 6-4,5,R128,,,,,,,,,,,,,,,,,,,,,,,
2026-520,Roland Garros,Clay,128,G,20260525,124,200005,32,,Ugo Humbert,L,188.0,FRA,,105173,,,Adrian Mannarino,L,180.0,FRA,,6-3 6-4 6-3,5,R128,,,,,,,,,,,,,,,,,,,,,,,
2026-520,Roland Garros,Clay,128,G,20260525,125,111460,,,Quentin Halys,R,191.0,FRA,,208233,,,Mattia Bellucci,L,175.0,ITA,,6-3 7-6(7) 6-3,5,R128,,,,,,,,,,,,,,,,,,,,,,,
2026-520,Roland Garros,Clay,128,G,20260525,126,,,,Tomáš Macháč,,,CZE,,200267,,,Zizou Bergs,R,185.0,BEL,,6-4 6-4 6-3,5,R128,,,,,,,,,,,,,,,,,,,,,,,
2026-520,Roland Garros,Clay,128,G,20260525,127,100644,2,,Alexander Zverev,R,198.0,GER,,126127,,,Benjamin Bonzi,R,183.0,FRA,,6-3 6-4 6-2,5,R128,,,,,,,,,,,,,,,,,,,,,,,
2026-440,'s-Hertogenbosch,Grass,28,250,20260608,1,111794,nbsp,,Kamil Majchrzak,R,180.0,POL,,,2,,Alex de Minaur,,,AUS,,6-3 2-6 7-6(7),3,F,,,,,,,,,,,,,,,,,,,,,,,
2026-440,'s-Hertogenbosch,Grass,28,250,20260608,2,111794,nbsp,,Kamil Majchrzak,R,180.0,POL,,106421,3,,Daniil Medvedev,R,198.0,RUS,,7-6(7) 6-1,3,SF,,,,,,,,,,,,,,,,,,,,,,,
2026-440,'s-Hertogenbosch,Grass,28,250,20260608,3,,2,,Alex de Minaur,,,AUS,,105173,nbsp,,Adrian Mannarino,L,180.0,FRA,,6-4 6-0,3,SF,,,,,,,,,,,,,,,,,,,,,,,
2026-440,'s-Hertogenbosch,Grass,28,250,20260608,4,111794,,,Kamil Majchrzak,R,180.0,POL,,,1,,Félix Auger-Aliassime,,,CAN,,6-4 6-3,3,QF,,,,,,,,,,,,,,,,,,,,,,,
2026-440,'s-Hertogenbosch,Grass,28,250,20260608,5,106421,3,,Daniil Medvedev,R,198.0,RUS,,,,,Marin Čilić,,,CRO,,6-2 3-6 6-1,3,QF,,,,,,,,,,,,,,,,,,,,,,,
2026-440,'s-Hertogenbosch,Grass,28,250,20260608,6,105173,,,Adrian Mannarino,L,180.0,FRA,,,PR,,Zhang Zhizhen,,,CHN,,7-6(7) 6-3,3,QF,,,,,,,,,,,,,,,,,,,,,,,
2026-440,'s-Hertogenbosch,Grass,28,250,20260608,7,,2,,Alex de Minaur,,,AUS,,126127,Q,,Benjamin Bonzi,R,183.0,FRA,,6-2 6-4,3,QF,,,,,,,,,,,,,,,,,,,,,,,
2026-440,'s-Hertogenbosch,Grass,28,250,20260608,8,,1,,Félix Auger-Aliassime,,,CAN,,,,,Márton Fucsovics,,,HUN,,6-3 6-4,3,R16,,,,,,,,,,,,,,,,,,,,,,,
2026-440,'s-Hertogenbosch,Grass,28,250,20260608,9,111794,,,Kamil Majchrzak,R,180.0,POL,,,Q,,James McCabe,,,AUS,,6-0 6-3,3,R16,,,,,,,,,,,,,,,,,,,,,,,
2026-440,'s-Hertogenbosch,Grass,28,250,20260608,10,106421,3,,Daniil Medvedev,R,198.0,RUS,,B0T6,WC,,Thijs Boogaard,R,183.0,NED,,6-3 4-6 7-6(8),3,R16,,,,,,,,,,,,,,,,,,,,,,,
2026-440,'s-Hertogenbosch,Grass,28,250,20260608,11,,,,Marin Čilić,,,CRO,,132686,,,Nuno Borges,R,185.0,POR,,3-6 7-6(7) 6-3,3,R16,,,,,,,,,,,,,,,,,,,,,,,
2026-440,'s-Hertogenbosch,Grass,28,250,20260608,12,,PR,,Zhang Zhizhen,,,CHN,,134868,6,,Tallon Griekspoor,R,188.0,NED,,7-6(7) 6-4,3,R16,,,,,,,,,,,,,,,,,,,,,,,
2026-440,'s-Hertogenbosch,Grass,28,250,20260608,13,105173,,,Adrian Mannarino,L,180.0,FRA,,126239,4,,Arthur Rinderknech,R,196.0,FRA,,7-6(7) 3-6 6-3,3,R16,,,,,,,,,,,,,,,,,,,,,,,
2026-440,'s-Hertogenbosch,Grass,28,250,20260608,14,126127,Q,,Benjamin Bonzi,R,183.0,FRA,,200005,5,,Ugo Humbert,L,188.0,FRA,,6-4 3-6 6-3,3,R16,,,,,,,,,,,,,,,,,,,,,,,
2026-440,'s-Hertogenbosch,Grass,28,250,20260608,15,,2,,Alex de Minaur,,,AUS,,,Q,,Martin Damm (born 2003),,,USA,,7-6(10) 7-5,3,R16,,,,,,,,,,,,,,,,,,,,,,,
2026-440,'s-Hertogenbosch,Grass,28,250,20260608,16,,,,Márton Fucsovics,,,HUN,,128034,,,Hubert Hurkacz,R,196.0,POL,,3-6 7-6(7) 7-6(7),3,R32,,,,,,,,,,,,,,,,,,,,,,,
2026-440,'s-Hertogenbosch,Grass,28,250,20260608,17,111794,,,Kamil Majchrzak,R,180.0,POL,,202261,WC,,Otto Virtanen,R,193.0,FIN,,6-7(7) 6-4 7-6(7),3,R32,,,,,,,,,,,,,,,,,,,,,,,
2026-440,'s-Hertogenbosch,Grass,28,250,20260608,18,,Q,,James McCabe,,,AUS,,200267,8,,Zizou Bergs,R,185.0,BEL,,6-7(2) 6-2 7-6(7),3,R32,,,,,,,,,,,,,,,,,,,,,,,
2026-440,'s-Hertogenbosch,Grass,28,250,20260608,19,B0T6,WC,,Thijs Boogaard,R,183.0,NED,,,,,Wu Yibing,,,CHN,,6-3 2-6 6-4,3,R32,,,,,,,,,,,,,,,,,,,,,,,
2026-440,'s-Hertogenbosch,Grass,28,250,20260608,20,132686,,,Nuno Borges,R,185.0,POR,,,,,Térence Atmane,,,FRA,,6-4 6-4,3,R32,,,,,,,,,,,,,,,,,,,,,,,
2026-440,'s-Hertogenbosch,Grass,28,250,20260608,21,,,,Marin Čilić,,,CRO,,133430,7,,Denis Shapovalov,L,185.0,CAN,,6-7(5) 6-4 7-5,3,R32,,,,,,,,,,,,,,,,,,,,,,,
2026-440,'s-Hertogenbosch,Grass,28,250,20260608,22,134868,6,,Tallon Griekspoor,R,188.0,NED,,,,,Botic van de Zandschulp,,,NED,,6-2 6-7(2) 6-4,3,R32,,,,,,,,,,,,,,,,,,,,,,,
2026-440,'s-Hertogenbosch,Grass,28,250,20260608,23,,PR,,Zhang Zhizhen,,,CHN,,B0CD,,,Jenson Brooksby,R,193.0,USA,,7-6(7) 5-7 6-1,3,R32,,,,,,,,,,,,,,,,,,,,,,,
2026-440,'s-Hertogenbosch,Grass,28,250,20260608,24,105173,,,Adrian Mannarino,L,180.0,FRA,,209113,,,Gabriel Diallo,R,203.0,CAN,,6-4 3-6 7-5,3,R32,,,,,,,,,,,,,,,,,,,,,,,
2026-440,'s-Hertogenbosch,Grass,28,250,20260608,25,200005,5,,Ugo Humbert,L,188.0,FRA,,111200,Q,,Elias Ymer,R,185.0,SWE,,6-4 6-3,3,R32,,,,,,,,,,,,,,,,,,,,,,,
2026-440,'s-Hertogenbosch,Grass,28,250,20260608,26,126127,Q,,Benjamin Bonzi,R,183.0,FRA,,,WC,,Mees Röttgering,,,NED,,6-4 6-4,3,R32,,,,,,,,,,,,,,,,,,,,,,,
2026-440,'s-Hertogenbosch,Grass,28,250,20260608,27,,Q,,Martin Damm (born 2003),,,USA,,144719,,,Jaume Munar,R,183.0,ESP,,6-4 6-4,3,R32,,,,,,,,,,,,,,,,,,,,,,,
2026-321,Stuttgart,Grass,28,250,20260608,1,210097,1,,Ben Shelton,L,193.0,USA,,126203,2,,Taylor Fritz,R,196.0,USA,,6-4 2-6 6-4,3,F,,,,,,,,,,,,,,,,,,,,,,,
2026-321,Stuttgart,Grass,28,250,20260608,2,210097,1,,Ben Shelton,L,193.0,USA,,,4,,Jiří Lehečka,,,CZE,,6-7(4) 7-6(16) 7-6(8),3,SF,,,,,,,,,,,,,,,,,,,,,,,
2026-321,Stuttgart,Grass,28,250,20260608,3,126203,2,,Taylor Fritz,R,196.0,USA,,122330,3,,Alexander Bublik,R,196.0,KAZ,,6-4 6-4,3,SF,,,,,,,,,,,,,,,,,,,,,,,
2026-321,Stuttgart,Grass,28,250,20260608,4,210097,1,,Ben Shelton,L,193.0,USA,,SY67,Q,,Sho Shimabukuro,R,180.0,JPN,,4-6 6-3 6-4,3,QF,,,,,,,,,,,,,,,,,,,,,,,
2026-321,Stuttgart,Grass,28,250,20260608,5,,4,,Jiří Lehečka,,,CZE,,126207,6,,Frances Tiafoe,R,188.0,USA,,6-4 7-6(7),3,QF,,,,,,,,,,,,,,,,,,,,,,,
2026-321,Stuttgart,Grass,28,250,20260608,6,122330,3,,Alexander Bublik,R,196.0,KAZ,,208659,,,Giovanni Mpetshi Perricard,R,203.0,FRA,,7-6(7) 7-6(7),3,QF,,,,,,,,,,,,,,,,,,,,,,,
2026-321,Stuttgart,Grass,28,250,20260608,7,126203,2,,Taylor Fritz,R,196.0,USA,,208233,,,Mattia Bellucci,L,175.0,ITA,,5-7 7-5 7-5,3,QF,,,,,,,,,,,,,,,,,,,,,,,
2026-321,Stuttgart,Grass,28,250,20260608,8,210097,1,,Ben Shelton,L,193.0,USA,,106218,,,Marcos Giron,R,180.0,USA,,6-7(4) 6-4 7-6(7),3,R16,,,,,,,,,,,,,,,,,,,,,,,
2026-321,Stuttgart,Grass,28,250,20260608,9,SY67,Q,,Sho Shimabukuro,R,180.0,JPN,,KE17,WC,,Nick Kyrgios,R,193.0,AUS,,4-6 7-6(7) 6-4,3,R16,,,,,,,,,,,,,,,,,,,,,,,
2026-321,Stuttgart,Grass,28,250,20260608,10,,4,,Jiří Lehečka,,,CZE,,105902,,,James Duckworth,R,183.0,AUS,,6-7(8) 6-4 7-6(7),3,R16,,,,,,,,,,,,,,,,,,,,,,,
2026-321,Stuttgart,Grass,28,250,20260608,11,126207,6,,Frances Tiafoe,R,188.0,USA,,208014,,,Rinky Hijikata,R,178.0,AUS,,6-4 6-4,3,R16,,,,,,,,,,,,,,,,,,,,,,,
2026-321,Stuttgart,Grass,28,250,20260608,12,208659,,,Giovanni Mpetshi Perricard,R,203.0,FRA,,O0A2,Q,,Gauthier Onclin,R,180.0,BEL,,7-6(7) 6-2,3,R16,,,,,,,,,,,,,,,,,,,,,,,
2026-321,Stuttgart,Grass,28,250,20260608,13,122330,3,,Alexander Bublik,R,196.0,KAZ,,,,,Jan-Lennard Struff,,,GER,,7-6(7) 3-6 6-2,3,R16,,,,,,,,,,,,,,,,,,,,,,,
2026-321,Stuttgart,Grass,28,250,20260608,14,208233,,,Mattia Bellucci,L,175.0,ITA,,105870,,,Yannick Hanfmann,R,193.0,GER,,7-5 6-7(4) 6-2,3,R16,,,,,,,,,,,,,,,,,,,,,,,
2026-321,Stuttgart,Grass,28,250,20260608,15,126203,2,,Taylor Fritz,R,196.0,USA,,,,,Martín Landaluce,,,ESP,,6-7(4) 7-5 7-6(7),3,R16,,,,,,,,,,,,,,,,,,,,,,,
2026-321,Stuttgart,Grass,28,250,20260608,16,106218,,,Marcos Giron,R,180.0,USA,,105138,,,Roberto Bautista Agut,R,183.0,ESP,,7-6(7) 7-5,3,R32,,,,,,,,,,,,,,,,,,,,,,,
2026-321,Stuttgart,Grass,28,250,20260608,17,SY67,Q,,Sho Shimabukuro,R,180.0,JPN,,111460,,,Quentin Halys,R,191.0,FRA,,6-4 6-2,3,R32,,,,,,,,,,,,,,,,,,,,,,,
2026-321,Stuttgart,Grass,28,250,20260608,18,KE17,WC,,Nick Kyrgios,R,193.0,AUS,,144895,8,,Corentin Moutet,L,180.0,FRA,,6-3 6-4,3,R32,,,,,,,,,,,,,,,,,,,,,,,
2026-321,Stuttgart,Grass,28,250,20260608,19,105902,,,James Duckworth,R,183.0,AUS,,,WC,,Diego Dedura,,,GER,,6-4 6-3,3,R32,,,,,,,,,,,,,,,,,,,,,,,
2026-321,Stuttgart,Grass,28,250,20260608,20,208014,,,Rinky Hijikata,R,178.0,AUS,,,WC,,Tom Gentzsch,,,GER,,6-7(7) 7-6(7) 6-3,3,R32,,,,,,,,,,,,,,,,,,,,,,,
2026-321,Stuttgart,Grass,28,250,20260608,21,126207,6,,Frances Tiafoe,R,188.0,USA,,127157,,,Daniel Altmaier,R,188.0,GER,,7-6(7) 4-6 6-4,3,R32,,,,,,,,,,,,,,,,,,,,,,,
2026-321,Stuttgart,Grass,28,250,20260608,22,208659,,,Giovanni Mpetshi Perricard,R,203.0,FRA,,126128,LL,,Roman Safiullin,R,185.0,RUS,,7-5 6-7(4) 7-6(7),3,R32,,,,,,,,,,,,,,,,,,,,,,,
2026-321,Stuttgart,Grass,28,250,20260608,23,O0A2,Q,,Gauthier Onclin,R,180.0,BEL,,,,,Fábián Marozsán,,,HUN,,7-6(8) 6-3,3,R32,,,,,,,,,,,,,,,,,,,,,,,
2026-321,Stuttgart,Grass,28,250,20260608,24,,,,Jan-Lennard Struff,,,GER,,GK06,Q,,Alexis Galarneau,R,180.0,CAN,,6-2 6-7(5) 6-3,3,R32,,,,,,,,,,,,,,,,,,,,,,,
2026-321,Stuttgart,Grass,28,250,20260608,25,208233,,,Mattia Bellucci,L,175.0,ITA,,200221,7,,Alejandro Davidovich Fokina,R,183.0,ESP,,6-2 6-7(5) 6-1,3,R32,,,,,,,,,,,,,,,,,,,,,,,
2026-321,Stuttgart,Grass,28,250,20260608,26,105870,,,Yannick Hanfmann,R,193.0,GER,,206499,,,Aleksandar Kovacevic,R,183.0,USA,,7-6(7) 7-6(7),3,R32,,,,,,,,,,,,,,,,,,,,,,,
2026-321,Stuttgart,Grass,28,250,20260608,27,,,,Martín Landaluce,,,ESP,,,Q,,Pierre-Hugues Herbert,,,FRA,,5-7 6-3 6-4,3,R32,,,,,,,,,,,,,,,,,,,,,,,
2026-500,Halle,Grass,32,500,20260615,1,126207,,,Frances Tiafoe,R,188.0,USA,,126203,5,,Taylor Fritz,R,196.0,USA,,6-4 6-4,3,F,,,,,,,,,,,,,,,,,,,,,,,
2026-500,Halle,Grass,32,500,20260615,2,126203,5,,Taylor Fritz,R,196.0,USA,,100644,1,,Alexander Zverev,R,198.0,GER,,6-7(4) 6-4 7-5,3,SF,,,,,,,,,,,,,,,,,,,,,,,
2026-500,Halle,Grass,32,500,20260615,3,126207,,,Frances Tiafoe,R,188.0,USA,,127157,WC,,Daniel Altmaier,R,188.0,GER,,6-1 6-3,3,SF,,,,,,,,,,,,,,,,,,,,,,,
2026-500,Halle,Grass,32,500,20260615,4,100644,1,,Alexander Zverev,R,198.0,GER,,,Q,,Raphaël Collignon,,,BEL,,7-6(12) 7-6(7),3,QF,,,,,,,,,,,,,,,,,,,,,,,
2026-500,Halle,Grass,32,500,20260615,5,126203,5,,Taylor Fritz,R,196.0,USA,,210097,3,,Ben Shelton,L,193.0,USA,,6-7(5) 7-6(10) 7-6(7),3,QF,,,,,,,,,,,,,,,,,,,,,,,
2026-500,Halle,Grass,32,500,20260615,6,127157,WC,,Daniel Altmaier,R,188.0,GER,,106421,4,,Daniil Medvedev,R,198.0,RUS,,6-4 6-7(6) 6-4,3,QF,,,,,,,,,,,,,,,,,,,,,,,
2026-500,Halle,Grass,32,500,20260615,7,126207,,,Frances Tiafoe,R,188.0,USA,,,2,,Félix Auger-Aliassime,,,CAN,,3-6 6-3 7-6(14),3,QF,,,,,,,,,,,,,,,,,,,,,,,
2026-500,Halle,Grass,32,500,20260615,8,100644,1,,Alexander Zverev,R,198.0,GER,,105870,,,Yannick Hanfmann,R,193.0,GER,,6-3 7-6(7),3,R16,,,,,,,,,,,,,,,,,,,,,,,
2026-500,Halle,Grass,32,500,20260615,9,,Q,,Raphaël Collignon,,,BEL,,208233,Q,,Mattia Bellucci,L,175.0,ITA,,4-6 6-4 6-3,3,R16,,,,,,,,,,,,,,,,,,,,,,,
2026-500,Halle,Grass,32,500,20260615,10,210097,3,,Ben Shelton,L,193.0,USA,,210319,,,Ethan Quinn,R,191.0,USA,,6-4 5-7 6-4,3,R16,,,,,,,,,,,,,,,,,,,,,,,
2026-500,Halle,Grass,32,500,20260615,11,126203,5,,Taylor Fritz,R,196.0,USA,,,,,Fábián Marozsán,,,HUN,,6-2 6-4,3,R16,,,,,,,,,,,,,,,,,,,,,,,
2026-500,Halle,Grass,32,500,20260615,12,127157,WC,,Daniel Altmaier,R,188.0,GER,,128034,PR,,Hubert Hurkacz,R,196.0,POL,,3-6 6-3 7-5,3,R16,,,,,,,,,,,,,,,,,,,,,,,
2026-500,Halle,Grass,32,500,20260615,13,106421,4,,Daniil Medvedev,R,198.0,RUS,,,,,Térence Atmane,,,FRA,,6-4 6-4,3,R16,,,,,,,,,,,,,,,,,,,,,,,
2026-500,Halle,Grass,32,500,20260615,14,126207,,,Frances Tiafoe,R,188.0,USA,,SY67,SE,,Sho Shimabukuro,R,180.0,JPN,,6-4 7-5,3,R16,,,,,,,,,,,,,,,,,,,,,,,
2026-500,Halle,Grass,32,500,20260615,15,,2,,Félix Auger-Aliassime,,,CAN,,210530,,,Learner Tien,L,180.0,USA,,6-7(5) 7-5 7-6(7),3,R16,,,,,,,,,,,,,,,,,,,,,,,
2026-500,Halle,Grass,32,500,20260615,16,100644,1,,Alexander Zverev,R,198.0,GER,,,,,Vít Kopřiva,,,CZE,,6-3 4-6 6-2,3,R32,,,,,,,,,,,,,,,,,,,,,,,
2026-500,Halle,Grass,32,500,20260615,17,105870,,,Yannick Hanfmann,R,193.0,GER,,,,,João Fonseca,,,BRA,,6-2 6-2,3,R32,,,,,,,,,,,,,,,,,,,,,,,
2026-500,Halle,Grass,32,500,20260615,18,,Q,,Raphaël Collignon,,,BEL,,200615,,,Alexei Popyrin,R,196.0,AUS,,6-4 6-2,3,R32,,,,,,,,,,,,,,,,,,,,,,,
2026-500,Halle,Grass,32,500,20260615,19,208233,Q,,Mattia Bellucci,L,175.0,ITA,,122330,7,,Alexander Bublik,R,196.0,KAZ,,7-6(8) 6-1,3,R32,,,,,,,,,,,,,,,,,,,,,,,
2026-500,Halle,Grass,32,500,20260615,20,210097,3,,Ben Shelton,L,193.0,USA,,132283,LL,,Lorenzo Sonego,R,191.0,ITA,,7-5 6-3,3,R32,,,,,,,,,,,,,,,,,,,,,,,
2026-500,Halle,Grass,32,500,20260615,21,210319,,,Ethan Quinn,R,191.0,USA,,111575,,,Karen Khachanov,R,198.0,RUS,,1-6 6-4 6-4,3,R32,,,,,,,,,,,,,,,,,,,,,,,
2026-500,Halle,Grass,32,500,20260615,22,,,,Fábián Marozsán,,,HUN,,,,,Miomir Kecmanović,,,SRB,,6-3 3-6 6-4,3,R32,,,,,,,,,,,,,,,,,,,,,,,
2026-500,Halle,Grass,32,500,20260615,23,126203,5,,Taylor Fritz,R,196.0,USA,,200267,,,Zizou Bergs,R,185.0,BEL,,7-6(7) 5-7 6-4,3,R32,,,,,,,,,,,,,,,,,,,,,,,
2026-500,Halle,Grass,32,500,20260615,24,128034,PR,,Hubert Hurkacz,R,196.0,POL,,126094,8,,Andrey Rublev,R,188.0,RUS,,6-3 6-2,3,R32,,,,,,,,,,,,,,,,,,,,,,,
2026-500,Halle,Grass,32,500,20260615,25,127157,WC,,Daniel Altmaier,R,188.0,GER,,BG23,Q,,Nikoloz Basilashvili,R,185.0,GEO,,7-5 6-4,3,R32,,,,,,,,,,,,,,,,,,,,,,,
2026-500,Halle,Grass,32,500,20260615,26,,,,Térence Atmane,,,FRA,,,Q,,Martín Landaluce,,,ESP,,6-3 3-6 7-6(7),3,R32,,,,,,,,,,,,,,,,,,,,,,,
2026-500,Halle,Grass,32,500,20260615,27,106421,4,,Daniil Medvedev,R,198.0,RUS,,,,,Tomás Martín Etcheverry,,,ARG,,6-3 6-4,3,R32,,,,,,,,,,,,,,,,,,,,,,,
2026-500,Halle,Grass,32,500,20260615,28,126207,,,Frances Tiafoe,R,188.0,USA,,207925,6,,Flavio Cobolli,R,183.0,ITA,,6-2 7-6(7),3,R32,,,,,,,,,,,,,,,,,,,,,,,
2026-500,Halle,Grass,32,500,20260615,29,SY67,SE,,Sho Shimabukuro,R,180.0,JPN,,134868,,,Tallon Griekspoor,R,188.0,NED,,6-4 3-6 6-4,3,R32,,,,,,,,,,,,,,,,,,,,,,,
2026-500,Halle,Grass,32,500,20260615,30,210530,,,Learner Tien,L,180.0,USA,,,WC,,Max Schönhaus,,,GER,,6-2 6-4,3,R32,,,,,,,,,,,,,,,,,,,,,,,
2026-500,Halle,Grass,32,500,20260615,31,,2,,Félix Auger-Aliassime,,,CAN,,132686,,,Nuno Borges,R,185.0,POR,,6-3 3-6 6-3,3,R32,,,,,,,,,,,,,,,,,,,,,,,
2026-311,Queen's Club,Grass,32,500,20260615,1,,7,,Francisco Cerúndolo,,,ARG,,126205,8,,Tommy Paul,R,185.0,USA,,6-7(4) 6-4 6-3,3,F,,,,,,,,,,,,,,,,,,,,,,,
2026-311,Queen's Club,Grass,32,500,20260615,2,,7,,Francisco Cerúndolo,,,ARG,,206909,,,Brandon Nakashima,R,188.0,USA,,6-7(5) 6-3 6-4,3,SF,,,,,,,,,,,,,,,,,,,,,,,
2026-311,Queen's Club,Grass,32,500,20260615,3,126205,8,,Tommy Paul,R,185.0,USA,,200005,,,Ugo Humbert,L,188.0,FRA,,6-3 6-3,3,SF,,,,,,,,,,,,,,,,,,,,,,,
2026-311,Queen's Club,Grass,32,500,20260615,4,206909,,,Brandon Nakashima,R,188.0,USA,,,1,,Alex de Minaur,,,AUS,,7-5 6-3,3,QF,,,,,,,,,,,,,,,,,,,,,,,
2026-311,Queen's Club,Grass,32,500,20260615,5,,7,,Francisco Cerúndolo,,,ARG,,209259,WC,,Arthur Fery,R,175.0,GBR,,7-6(7) 3-6 6-4,3,QF,,,,,,,,,,,,,,,,,,,,,,,
2026-311,Queen's Club,Grass,32,500,20260615,6,126205,8,,Tommy Paul,R,185.0,USA,,200221,4,,Alejandro Davidovich Fokina,R,183.0,ESP,,6-3 7-6(7),3,QF,,,,,,,,,,,,,,,,,,,,,,,
2026-311,Queen's Club,Grass,32,500,20260615,7,200005,,,Ugo Humbert,L,188.0,FRA,,208014,Q,,Rinky Hijikata,R,178.0,AUS,,6-1 6-2,3,QF,,,,,,,,,,,,,,,,,,,,,,,
2026-311,Queen's Club,Grass,32,500,20260615,8,,1,,Alex de Minaur,,,AUS,,133430,,,Denis Shapovalov,L,185.0,CAN,,6-4 6-1,3,R16,,,,,,,,,,,,,,,,,,,,,,,
2026-311,Queen's Club,Grass,32,500,20260615,9,206909,,,Brandon Nakashima,R,188.0,USA,,209860,,,Ignacio Buse,R,185.0,PER,,6-2 6-2,3,R16,,,,,,,,,,,,,,,,,,,,,,,
2026-311,Queen's Club,Grass,32,500,20260615,10,209259,WC,,Arthur Fery,R,175.0,GBR,,105173,,,Adrian Mannarino,L,180.0,FRA,,7-6(9) 6-4,3,R16,,,,,,,,,,,,,,,,,,,,,,,
2026-311,Queen's Club,Grass,32,500,20260615,11,,7,,Francisco Cerúndolo,,,ARG,,B0CD,,,Jenson Brooksby,R,193.0,USA,,6-0 6-4,3,R16,,,,,,,,,,,,,,,,,,,,,,,
2026-311,Queen's Club,Grass,32,500,20260615,12,126205,8,,Tommy Paul,R,185.0,USA,,,,,Botic van de Zandschulp,,,NED,,7-6(7) 6-3,3,R16,,,,,,,,,,,,,,,,,,,,,,,
2026-311,Queen's Club,Grass,32,500,20260615,13,200221,4,,Alejandro Davidovich Fokina,R,183.0,ESP,,144895,,,Corentin Moutet,L,180.0,FRA,,6-4 6-3,3,R16,,,,,,,,,,,,,,,,,,,,,,,
2026-311,Queen's Club,Grass,32,500,20260615,14,200005,,,Ugo Humbert,L,188.0,FRA,,209098,,,Hamad Medjedovic,R,188.0,SRB,,2-6 7-6(7) 7-6(7),3,R16,,,,,,,,,,,,,,,,,,,,,,,
2026-311,Queen's Club,Grass,32,500,20260615,15,208014,Q,,Rinky Hijikata,R,178.0,AUS,,,2,,Jiří Lehečka,,,CZE,,4-6 7-5 7-6(9),3,R16,,,,,,,,,,,,,,,,,,,,,,,
2026-311,Queen's Club,Grass,32,500,20260615,16,,1,,Alex de Minaur,,,AUS,,209113,,,Gabriel Diallo,R,203.0,CAN,,7-6(10) 6-3,3,R32,,,,,,,,,,,,,,,,,,,,,,,
2026-311,Queen's Club,Grass,32,500,20260615,17,133430,,,Denis Shapovalov,L,185.0,CAN,,P0HT,WC,,Jack Pinnington Jones,R,180.0,GBR,,6-4 4-6 7-6(7),3,R32,,,,,,,,,,,,,,,,,,,,,,,
2026-311,Queen's Club,Grass,32,500,20260615,18,206909,,,Brandon Nakashima,R,188.0,USA,,,,,Márton Fucsovics,,,HUN,,6-3 6-3,3,R32,,,,,,,,,,,,,,,,,,,,,,,
2026-311,Queen's Club,Grass,32,500,20260615,19,209860,,,Ignacio Buse,R,185.0,PER,,106218,LL,,Marcos Giron,R,180.0,USA,,3-6 7-5 7-6(10),3,R32,,,,,,,,,,,,,,,,,,,,,,,
2026-311,Queen's Club,Grass,32,500,20260615,20,105173,,,Adrian Mannarino,L,180.0,FRA,,,3,,Jakub Menšík,,,CZE,,5-7 7-6(7) 7-6(7),3,R32,,,,,,,,,,,,,,,,,,,,,,,
2026-311,Queen's Club,Grass,32,500,20260615,21,209259,WC,,Arthur Fery,R,175.0,GBR,,,WC,,Toby Samuel,,,GBR,,6-0 6-2,3,R32,,,,,,,,,,,,,,,,,,,,,,,
2026-311,Queen's Club,Grass,32,500,20260615,22,B0CD,,,Jenson Brooksby,R,193.0,USA,,,Q,,Martin Damm (born 2003),,,USA,,6-4 3-6 6-3,3,R32,,,,,,,,,,,,,,,,,,,,,,,
2026-311,Queen's Club,Grass,32,500,20260615,23,,7,,Francisco Cerúndolo,,,ARG,,206499,LL,,Aleksandar Kovacevic,R,183.0,USA,,6-4 6-7(5) 6-2,3,R32,,,,,,,,,,,,,,,,,,,,,,,
2026-311,Queen's Club,Grass,32,500,20260615,24,126205,8,,Tommy Paul,R,185.0,USA,,208260,LL,,Zachary Svajda,R,175.0,USA,,7-5 6-3,3,R32,,,,,,,,,,,,,,,,,,,,,,,
2026-311,Queen's Club,Grass,32,500,20260615,25,,,,Botic van de Zandschulp,,,NED,,,Q,,Harry Wendelken,,,GBR,,6-4 7-6(7),3,R32,,,,,,,,,,,,,,,,,,,,,,,
2026-311,Queen's Club,Grass,32,500,20260615,26,144895,,,Corentin Moutet,L,180.0,FRA,,208659,Q,,Giovanni Mpetshi Perricard,R,203.0,FRA,,6-7(5) 6-4 7-6(7),3,R32,,,,,,,,,,,,,,,,,,,,,,,
2026-311,Queen's Club,Grass,32,500,20260615,27,200221,4,,Alejandro Davidovich Fokina,R,183.0,ESP,,111815,,,Cameron Norrie,L,188.0,GBR,,7-6(8) 6-2,3,R32,,,,,,,,,,,,,,,,,,,,,,,
2026-311,Queen's Club,Grass,32,500,20260615,28,209098,,,Hamad Medjedovic,R,188.0,SRB,,126239,6,,Arthur Rinderknech,R,196.0,FRA,,7-6(7) 7-6(7),3,R32,,,,,,,,,,,,,,,,,,,,,,,
2026-311,Queen's Club,Grass,32,500,20260615,29,200005,,,Ugo Humbert,L,188.0,FRA,,,,,Marin Čilić,,,CRO,,7-5 6-3,3,R32,,,,,,,,,,,,,,,,,,,,,,,
2026-311,Queen's Club,Grass,32,500,20260615,30,208014,Q,,Rinky Hijikata,R,178.0,AUS,,126214,,,Alejandro Tabilo,L,188.0,CHI,,6-2 6-4,3,R32,,,,,,,,,,,,,,,,,,,,,,,
2026-311,Queen's Club,Grass,32,500,20260615,31,,2,,Jiří Lehečka,,,CZE,,111794,SE,,Kamil Majchrzak,R,180.0,POL,,7-5 7-6(7),3,R32,,,,,,,,,,,,,,,,,,,,,,,
