tourney_id,tourney_name,surface,draw_size,tourney_level,tourney_date,match_num,winner_id,winner_seed,winner_entry,winner_name,winner_hand,winner_ht,winner_ioc,winner_age,loser_id,loser_seed,loser_entry,loser_name,loser_hand,loser_ht,loser_ioc,loser_age,score,best_of,round,minutes,w_ace,w_df,w_svpt,w_1stIn,w_1stWon,w_2ndWon,w_SvGms,w_bpSaved,w_bpFaced,l_ace,l_df,l_svpt,l_1stIn,l_1stWon,l_2ndWon,l_SvGms,l_bpSaved,l_bpFaced,winner_rank,winner_rank_points,loser_rank,loser_rank_points
2026-7808,Bengaluru,Hard,32,C,20260105.0,1,MO44,1.0,,Pedro Martinez,R,185.0,ESP,,V993,,,Eero Vasa,R,185.0,FIN,,4-6 6-2 6-3,3,R32,129.0,5.0,10.0,91,53.0,39,19.0,14.0,7.0,10.0,12.0,6.0,88.0,49.0,33.0,16.0,13.0,4.0,9,96.0,643,489.0,88
2026-7808,Bengaluru,Hard,32,C,20260105.0,2,SK94,,,Cedrik Marcel Stebe,L,180.0,GER,,H0CX,7.0,,Max Houkes,L,188.0,NED,,4-6 6-3 6-1,3,R32,150.0,4.0,4.0,93,52.0,35,24.0,13.0,7.0,9.0,3.0,3.0,97.0,49.0,29.0,25.0,13.0,12.0,17,346.0,142,245.0,221
2026-7808,Bengaluru,Hard,32,C,20260105.0,3,B0WL,,,Felix Balshaw,R,191.0,FRA,,HG94,8.0,,Benjamin Hassan,R,183.0,LBN,,6-4 6-1,3,R32,307.0,8.0,5.0,66,35.0,28,15.0,9.0,7.0,8.0,2.0,1.0,48.0,29.0,18.0,6.0,8.0,3.0,7,718.0,44,259.0,208
2026-7808,Bengaluru,Hard,32,C,20260105.0,4,GG65,,,Michael Geerts,R,178.0,BEL,,GJ05,,,Alexis Gautier,R,198.0,FRA,,3-6 6-4 6-3,3,R32,536.0,9.0,4.0,95,51.0,39,22.0,14.0,8.0,10.0,11.0,5.0,104.0,64.0,43.0,20.0,14.0,9.0,12,295.0,178,759.0,38
2026-7808,Bengaluru,Hard,32,C,20260105.0,5,GH92,,,Borna Gojo,R,196.0,CRO,,S0RI,,,Karan Singh,R,185.0,IND,,6-2 6-4,3,R32,64.0,13.0,0.0,42,30.0,27,9.0,9.0,0.0,0.0,4.0,2.0,66.0,47.0,27.0,11.0,9.0,2.0,5,293.0,178,466.0,94
2026-7808,Bengaluru,Hard,32,C,20260105.0,6,L0I5,,,Mitsuki Wei Kang Leong,R,175.0,MAS,,O09A,,,Aziz Ouakaa,R,185.0,TUN,,6-2 6-2,3,R32,65.0,3.0,2.0,42,30.0,26,5.0,8.0,0.0,1.0,2.0,1.0,52.0,28.0,14.0,8.0,8.0,3.0,8,774.0,36,656.0,53
2026-7808,Bengaluru,Hard,32,C,20260105.0,7,S0DE,,,Dhakshineswar Suresh,R,196.0,IND,,A0CJ,,,Duje Ajdukovic,R,188.0,CRO,,6-4 6-4,3,R32,59.0,20.0,2.0,52,38.0,34,7.0,10.0,0.0,0.0,6.0,3.0,52.0,31.0,25.0,10.0,10.0,1.0,3,521.0,79,329.0,153
2026-7393,Canberra,Hard,32,C,20260105.0,9,J0DZ,,,Rafael Jodar,R,191.0,ESP,,J551,,,Nicolas Jarry,R,201.0,CHI,,6-3 6-4,3,R32,78.0,2.0,3.0,70,46.0,30,14.0,10.0,4.0,5.0,2.0,0.0,51.0,39.0,24.0,5.0,9.0,2.0,5,165.0,349,133.0,451
2026-7393,Canberra,Hard,32,C,20260105.0,10,KI63,,,Lukas Klein,R,193.0,SVK,,C0HT,,,Murphy Cassone,R,188.0,USA,,4-6 7-5 6-3,3,R32,121.0,10.0,1.0,99,70.0,54,13.0,16.0,3.0,4.0,15.0,0.0,91.0,61.0,47.0,16.0,15.0,6.0,8,141.0,436,215.0,268
2026-7393,Canberra,Hard,32,C,20260105.0,11,J0AZ,,,Kyrian Jacquet,R,175.0,FRA,,N732,3.0,,Yoshihito Nishioka,L,170.0,JPN,,2-6 6-1 7-5,3,R32,134.0,8.0,2.0,88,46.0,35,23.0,14.0,4.0,7.0,3.0,2.0,76.0,49.0,33.0,14.0,13.0,9.0,13,136.0,442,116.0,528
2026-7393,Canberra,Hard,32,C,20260105.0,12,B0PG,6.0,,Alexander Blockx,R,193.0,BEL,,B0U4,,,Nicolai Budkov Kjaer,R,191.0,NOR,,6-2 6-3,3,R32,69.0,6.0,1.0,51,33.0,30,8.0,9.0,0.0,0.0,3.0,3.0,56.0,31.0,19.0,12.0,8.0,5.0,8,115.0,535,135.0,448
2026-7393,Canberra,Hard,32,C,20260105.0,13,L987,8.0,,Dusan Lajovic,R,183.0,SRB,,O513,,,Sebastian Ofner,R,191.0,AUT,,6-3 6-2,3,R32,56.0,1.0,2.0,43,29.0,26,10.0,9.0,0.0,0.0,4.0,1.0,44.0,24.0,14.0,11.0,8.0,0.0,3,125.0,487,131.0,463
2026-7393,Canberra,Hard,32,C,20260105.0,14,BV16,,,Ugo Blanchet,R,175.0,FRA,,R0GO,,,Henrique Rocha,R,180.0,POR,,6-3 6-4,3,R32,82.0,4.0,1.0,54,29.0,24,17.0,10.0,0.0,0.0,8.0,3.0,66.0,37.0,27.0,14.0,9.0,7.0,9,144.0,427,157.0,394
2026-7393,Canberra,Hard,32,C,20260105.0,15,M0OQ,,,James Mccabe,R,188.0,AUS,,L0GH,,,Mark Lajal,R,191.0,EST,,7-6(3) 7-6(8),3,R32,132.0,10.0,0.0,81,44.0,36,23.0,12.0,2.0,3.0,2.0,7.0,89.0,49.0,35.0,22.0,12.0,2.0,3,188.0,309,149.0,407
2026-7393,Canberra,Hard,32,C,20260105.0,16,SY67,,,Sho Shimabukuro,R,180.0,JPN,,W0C4,,,Edward Winter,R,178.0,AUS,,6-4 6-1,3,R32,76.0,2.0,4.0,50,25.0,19,13.0,9.0,0.0,2.0,0.0,2.0,62.0,44.0,22.0,7.0,8.0,3.0,8,147.0,414,494.0,87
2026-2205,Noumea,Hard,32,C,20260105.0,2,Z0BZ,6.0,,Michael Zheng,R,188.0,USA,,J553,,,Omar Jasika,L,183.0,AUS,,6-4 6-2,3,R32,69.0,5.0,0.0,47,30.0,26,11.0,9.0,0.0,0.0,1.0,1.0,59.0,42.0,23.0,11.0,9.0,4.0,7,182.0,315,327.0,155
2026-2205,Noumea,Hard,32,C,20260105.0,3,G0IX,,,Arthur Gea,R,180.0,FRA,,B0GY,7.0,,Alex Barrena,R,175.0,ARG,,6-4 6-0,3,R32,85.0,4.0,3.0,53,27.0,23,10.0,8.0,0.0,2.0,1.0,6.0,69.0,37.0,22.0,8.0,8.0,6.0,12,241.0,229,186.0,312
2026-2205,Noumea,Hard,32,C,20260105.0,4,TA46,8.0,,Bernard Tomic,R,196.0,AUS,,G0BY,,,Daniil Glinka,L,188.0,EST,,6-4 6-3,3,R32,106.0,3.0,1.0,78,51.0,37,13.0,10.0,12.0,13.0,4.0,2.0,67.0,40.0,24.0,14.0,9.0,9.0,12,187.0,312,196.0,297
2026-2205,Noumea,Hard,32,C,20260105.0,5,D0CG,,,Facundo Diaz Acosta,L,183.0,ARG,,D09L,,,Louis Dussin,R,178.0,FRA,,6-2 6-3,3,R32,88.0,1.0,3.0,67,41.0,29,14.0,9.0,5.0,5.0,0.0,2.0,51.0,32.0,18.0,10.0,8.0,3.0,6,210.0,275,1002.0,17
2026-2205,Noumea,Hard,32,C,20260105.0,6,I0B0,,,Andre Ilagan,L,173.0,USA,,DC38,,,Jake Delaney,R,185.0,AUS,,6-4 6-7(5) 7-6(6),3,R32,170.0,5.0,1.0,122,83.0,57,28.0,17.0,7.0,8.0,8.0,1.0,121.0,76.0,54.0,29.0,17.0,7.0,9,355.0,137,477.0,91
2026-2205,Noumea,Hard,32,C,20260105.0,7,LI10,,,Christian Langmo,R,191.0,USA,,O09T,,,Kosuke Ogura,R,170.0,JPN,,6-4 6-4,3,R32,74.0,6.0,1.0,52,39.0,33,8.0,10.0,1.0,1.0,1.0,4.0,70.0,43.0,28.0,16.0,10.0,4.0,6,358.0,136,856.0,28
2026-2205,Noumea,Hard,32,C,20260105.0,8,MW18,,,Nicolas Moreno De Alboran,R,185.0,USA,,CD00,,,Maxime Chazal,R,175.0,FRA,,6-4 7-6(6),3,R32,125.0,7.0,1.0,92,63.0,46,15.0,11.0,8.0,8.0,8.0,4.0,83.0,53.0,39.0,16.0,11.0,3.0,4,696.0,46,580.0,65
2026-2205,Noumea,Hard,32,C,20260105.0,9,W0ED,,,James Watt,R,206.0,NZL,,V0G6,,,Leo Vithoontien,L,185.0,JPN,,7-6(5) 6-1,3,R32,93.0,10.0,2.0,70,52.0,36,12.0,10.0,2.0,3.0,3.0,2.0,70.0,47.0,27.0,13.0,9.0,3.0,6,705.0,45,721.0,44
2026-2205,Noumea,Hard,32,C,20260105.0,10,D0DP,2.0,,Liam Draxl,R,185.0,CAN,,H0DU,,,Gustavo Heide,R,191.0,BRA,,7-6(5) 3-6 6-3,3,R32,154.0,14.0,1.0,92,66.0,48,15.0,15.0,2.0,4.0,7.0,6.0,89.0,44.0,33.0,28.0,15.0,3.0,5,132.0,461,239.0,232
2026-2205,Noumea,Hard,32,C,20260105.0,11,D0DW,3.0,,Titouan Droguet,R,191.0,FRA,,O0A2,,,Gauthier Onclin,R,180.0,BEL,,6-3 6-2,3,R32,71.0,8.0,0.0,57,36.0,31,11.0,9.0,3.0,3.0,1.0,3.0,46.0,25.0,15.0,9.0,8.0,1.0,4,152.0,404,266.0,200
2026-2205,Noumea,Hard,32,C,20260105.0,12,EA27,,,Blake Ellis,R,191.0,AUS,,H996,4.0,,Pierre Hugues Herbert,R,188.0,FRA,,7-5 4-6 6-4,3,R32,128.0,10.0,3.0,83,51.0,41,18.0,16.0,6.0,9.0,11.0,10.0,107.0,62.0,40.0,23.0,16.0,9.0,13,509.0,83,154.0,399
2026-2205,Noumea,Hard,32,C,20260105.0,13,R09X,5.0,,Jurij Rodionov,L,191.0,AUT,,B0TP,,,Henry Bernet,R,191.0,SUI,,6-4 3-6 6-0,3,R32,112.0,1.0,8.0,82,39.0,29,19.0,12.0,6.0,9.0,4.0,3.0,85.0,54.0,37.0,8.0,13.0,5.0,11,195.0,304,510.0,83
2026-2205,Noumea,Hard,32,C,20260105.0,14,A09T,,,Dan Added,R,183.0,FRA,,SQ79,,,Colin Sinclair,R,188.0,NMI,,6-3 6-7(4) 6-2,3,R32,140.0,6.0,3.0,79,49.0,40,17.0,14.0,5.0,6.0,3.0,4.0,119.0,74.0,44.0,21.0,15.0,7.0,12,199.0,293,785.0,35
2026-2205,Noumea,Hard,32,C,20260105.0,15,B0EK,,,Moerani Bouzige,R,180.0,AUS,,PH78,,,Ryan Peniston,L,180.0,GBR,,4-6 7-6(9) 6-4,3,R32,194.0,6.0,3.0,119,81.0,59,14.0,16.0,9.0,13.0,2.0,8.0,113.0,71.0,51.0,19.0,16.0,6.0,10,485.0,89,218.0,260
2026-2205,Noumea,Hard,32,C,20260105.0,16,T09X,,,Clement Tabur,R,173.0,FRA,,SX91,,,Thiago Seyboth Wild,R,185.0,BRA,,4-6 6-1 6-4,3,R32,111.0,7.0,2.0,73,48.0,41,15.0,14.0,3.0,4.0,7.0,2.0,71.0,49.0,35.0,10.0,13.0,3.0,6,206.0,282,216.0,263
2026-2205,Noumea,Hard,32,C,20260105.0,17,TC61,1.0,,Jordan Thompson,R,183.0,AUS,,MW18,,,Nicolas Moreno De Alboran,R,185.0,USA,,6-4 6-3,3,R16,89.0,4.0,0.0,52,25.0,21,15.0,9.0,0.0,1.0,4.0,3.0,71.0,50.0,28.0,11.0,10.0,3.0,7,113.0,536,696.0,46
2026-2205,Noumea,Hard,32,C,20260105.0,18,D0DP,2.0,,Liam Draxl,R,185.0,CAN,,B0EK,,,Moerani Bouzige,R,180.0,AUS,,6-4 6-2,3,R16,71.0,7.0,4.0,50,33.0,30,8.0,9.0,2.0,2.0,4.0,1.0,49.0,29.0,20.0,8.0,9.0,2.0,5,132.0,461,485.0,89
2026-2205,Noumea,Hard,32,C,20260105.0,19,T09X,,,Clement Tabur,R,173.0,FRA,,D0DW,3.0,,Titouan Droguet,R,191.0,FRA,,6-7(4) 6-4 6-4,3,R16,151.0,2.0,1.0,101,58.0,45,29.0,16.0,5.0,6.0,6.0,4.0,96.0,52.0,41.0,26.0,16.0,3.0,6,206.0,282,152.0,404
2026-2205,Noumea,Hard,32,C,20260105.0,20,R09X,5.0,,Jurij Rodionov,L,191.0,AUT,,LI10,,,Christian Langmo,R,191.0,USA,,6-3 6-4,3,R16,74.0,6.0,3.0,55,36.0,27,12.0,10.0,2.0,3.0,6.0,2.0,56.0,38.0,24.0,8.0,9.0,3.0,6,195.0,304,358.0,136
2026-2205,Noumea,Hard,32,C,20260105.0,21,Z0BZ,6.0,,Michael Zheng,R,188.0,USA,,A09T,,,Dan Added,R,183.0,FRA,,6-2 6-1,3,R16,58.0,0.0,1.0,51,33.0,23,8.0,8.0,5.0,7.0,0.0,2.0,38.0,20.0,9.0,4.0,7.0,1.0,7,182.0,315,199.0,293
2026-2205,Noumea,Hard,32,C,20260105.0,22,TA46,8.0,,Bernard Tomic,R,196.0,AUS,,W0ED,,,James Watt,R,206.0,NZL,,6-4 3-6 4-1 RET,3,R16,97.0,6.0,2.0,83,55.0,39,17.0,12.0,9.0,10.0,17.0,2.0,77.0,58.0,41.0,9.0,12.0,5.0,7,187.0,312,705.0,45
2026-2205,Noumea,Hard,32,C,20260105.0,23,EA27,,,Blake Ellis,R,191.0,AUS,,I0B0,,,Andre Ilagan,L,173.0,USA,,7-6(5) 7-6(4),3,R16,121.0,25.0,7.0,89,52.0,42,20.0,12.0,7.0,8.0,10.0,0.0,84.0,66.0,45.0,13.0,12.0,6.0,7,509.0,83,355.0,137
2026-2205,Noumea,Hard,32,C,20260105.0,24,G0IX,,,Arthur Gea,R,180.0,FRA,,D0CG,,,Facundo Diaz Acosta,L,183.0,ARG,,7-6(5) 6-3,3,R16,120.0,4.0,3.0,71,39.0,30,15.0,10.0,2.0,4.0,1.0,5.0,65.0,36.0,24.0,17.0,11.0,5.0,9,241.0,229,210.0,275
2026-2205,Noumea,Hard,32,C,20260105.0,25,R09X,5.0,,Jurij Rodionov,L,191.0,AUT,,TC61,1.0,,Jordan Thompson,R,183.0,AUS,,6-4 6-4,3,QF,106.0,5.0,4.0,57,35.0,25,14.0,10.0,2.0,3.0,7.0,2.0,94.0,52.0,35.0,18.0,10.0,9.0,12,195.0,304,113.0,536
2026-2205,Noumea,Hard,32,C,20260105.0,26,G0IX,,,Arthur Gea,R,180.0,FRA,,D0DP,2.0,,Liam Draxl,R,185.0,CAN,,6-3 6-2,3,QF,87.0,4.0,1.0,53,28.0,22,17.0,9.0,2.0,2.0,1.0,1.0,56.0,30.0,17.0,14.0,8.0,1.0,4,241.0,229,132.0,461
2026-2205,Noumea,Hard,32,C,20260105.0,27,Z0BZ,6.0,,Michael Zheng,R,188.0,USA,,T09X,,,Clement Tabur,R,173.0,FRA,,3-6 6-4 6-2,3,QF,122.0,4.0,2.0,85,46.0,28,19.0,13.0,4.0,9.0,1.0,3.0,86.0,59.0,37.0,9.0,14.0,6.0,13,182.0,315,206.0,282
2026-2205,Noumea,Hard,32,C,20260105.0,28,EA27,,,Blake Ellis,R,191.0,AUS,,TA46,8.0,,Bernard Tomic,R,196.0,AUS,,7-6(4) 3-6 6-4,3,QF,121.0,21.0,2.0,82,43.0,37,22.0,15.0,0.0,1.0,7.0,2.0,91.0,61.0,43.0,23.0,16.0,1.0,2,509.0,83,187.0,312
2026-2205,Noumea,Hard,32,C,20260105.0,29,R09X,5.0,,Jurij Rodionov,L,191.0,AUT,,EA27,,,Blake Ellis,R,191.0,AUS,,6-4 6-7(5) 6-3,3,SF,155.0,5.0,2.0,85,54.0,44,25.0,16.0,0.0,0.0,12.0,5.0,111.0,60.0,48.0,25.0,15.0,6.0,8,195.0,304,509.0,83
2026-2205,Noumea,Hard,32,C,20260105.0,30,G0IX,,,Arthur Gea,R,180.0,FRA,,Z0BZ,6.0,,Michael Zheng,R,188.0,USA,,4-6 6-1 6-4,3,SF,123.0,1.0,6.0,88,70.0,49,6.0,14.0,4.0,7.0,0.0,1.0,83.0,55.0,35.0,11.0,13.0,3.0,8,241.0,229,182.0,315
2026-2205,Noumea,Hard,32,C,20260105.0,31,G0IX,,,Arthur Gea,R,180.0,FRA,,R09X,5.0,,Jurij Rodionov,L,191.0,AUT,,6-3 4-6 7-5,3,F,155.0,6.0,4.0,105,67.0,46,24.0,16.0,6.0,9.0,3.0,1.0,88.0,47.0,31.0,21.0,15.0,6.0,10,241.0,229,195.0,304
2026-2791,Nonthaburi 1,Hard,32,C,20260105.0,1,KH56,1.0,,Zdenek Kolar,R,183.0,CZE,,W0A4,,,Arthur Weber,L,185.0,FRA,,7-5 7-5,3,R32,110.0,6.0,2.0,65,41.0,32,14.0,12.0,0.0,1.0,4.0,0.0,80.0,57.0,36.0,12.0,12.0,3.0,6,176.0,327,440.0,105
2026-2791,Nonthaburi 1,Hard,32,C,20260105.0,2,B0JJ,,,Robin Bertrand,R,178.0,FRA,,P0J1,4.0,,Rodrigo Pacheco Mendez,L,191.0,MEX,,5-7 6-4 7-5,3,R32,166.0,8.0,2.0,93,54.0,37,23.0,17.0,8.0,13.0,7.0,3.0,112.0,66.0,45.0,19.0,17.0,8.0,14,302.0,175,229.0,247
2026-2791,Nonthaburi 1,Hard,32,C,20260105.0,3,S0WT,6.0,,Joel Schwaerzler,L,188.0,AUT,,MI01,,,Hiroki Moriya,R,168.0,JPN,,6-3 4-6 7-6(5),3,R32,158.0,13.0,7.0,115,69.0,52,20.0,16.0,10.0,13.0,6.0,7.0,100.0,50.0,37.0,25.0,15.0,5.0,8,254.0,213,502.0,84
2026-2791,Nonthaburi 1,Hard,32,C,20260105.0,4,SX90,8.0,,Fajing Sun,R,178.0,CHN,,M0SC,,,Hayato Matsuoka,R,180.0,JPN,,6-2 2-6 6-2,3,R32,142.0,2.0,2.0,82,58.0,34,12.0,12.0,8.0,12.0,4.0,2.0,89.0,50.0,30.0,17.0,12.0,11.0,17,274.0,196,393.0,121
2026-2791,Nonthaburi 1,Hard,32,C,20260105.0,5,B0BU,,,Florent Bax,R,185.0,FRA,,CH27,,,Hyeon Chung,R,188.0,KOR,,3-6 7-6(5) 6-3,3,R32,193.0,8.0,3.0,128,63.0,43,34.0,16.0,6.0,9.0,1.0,11.0,99.0,57.0,41.0,22.0,14.0,7.0,9,281.0,187,361.0,134
2026-2791,Nonthaburi 1,Hard,32,C,20260105.0,6,C0I4,,,Tibo Colson,R,196.0,BEL,,J0D2,,,Maximus Jones,R,185.0,THA,,6-4 6-4,3,R32,87.0,7.0,1.0,61,39.0,32,9.0,10.0,3.0,4.0,4.0,4.0,67.0,42.0,33.0,7.0,10.0,8.0,11,504.0,84,354.0,137
2026-2791,Nonthaburi 1,Hard,32,C,20260105.0,7,F0A3,,,Sergey Fomin,R,180.0,UZB,,TD55,,,Renta Tokuda,R,178.0,JPN,,7-5 3-6 7-5,3,R32,144.0,10.0,6.0,115,71.0,48,21.0,16.0,6.0,9.0,6.0,1.0,106.0,69.0,46.0,21.0,17.0,4.0,8,340.0,145,322.0,157
2026-2791,Nonthaburi 1,Hard,32,C,20260105.0,8,S0HR,,,Kasidit Samrej,R,191.0,THA,,S0C2,,,Hikaru Shiraishi,R,168.0,JPN,,6-3 6-4,3,R32,91.0,14.0,1.0,47,36.0,33,7.0,10.0,0.0,0.0,0.0,2.0,79.0,46.0,30.0,14.0,9.0,10.0,12,416.0,112,424.0,110
2026-2791,Nonthaburi 1,Hard,32,C,20260105.0,9,S0MN,,,Marat Sharipov,R,188.0,RUS,,M0SB,,,Koki Matsuda,R,183.0,JPN,,6-3 7-6(2),3,R32,87.0,7.0,3.0,70,31.0,25,22.0,11.0,1.0,3.0,1.0,0.0,63.0,33.0,17.0,18.0,10.0,3.0,6,286.0,184,607.0,60
2026-2791,Nonthaburi 1,Hard,32,C,20260105.0,10,S0AQ,,,Yuta Shimizu,L,163.0,JPN,,I0A6,,,Taisei Ichikawa,L,180.0,JPN,,3-6 7-6(3) 6-4,3,R32,,,,,,,,,,,,,,,,,,,,349.0,141,888.0,25
2026-2791,Nonthaburi 1,Hard,32,C,20260105.0,11,W857,,,Tung Lin Wu,R,188.0,TPE,,S0VO,,,Pawit Sornlaksup,R,183.0,THA,,6-1 6-1,3,R32,60.0,2.0,1.0,40,26.0,21,9.0,7.0,1.0,1.0,1.0,0.0,52.0,32.0,14.0,8.0,7.0,8.0,13,379.0,127,675.0,50
2026-2791,Nonthaburi 1,Hard,32,C,20260105.0,12,GA79,,,Lorenzo Giustino,R,180.0,ITA,,D0A2,,,Matthew Dellavedova,R,191.0,AUS,,6-4 6-2,3,R32,93.0,4.0,4.0,68,41.0,25,13.0,9.0,6.0,10.0,0.0,0.0,58.0,46.0,20.0,4.0,9.0,3.0,10,212.0,274,517.0,81
2026-2791,Nonthaburi 1,Hard,32,C,20260105.0,13,N09U,3.0,,Rio Noguchi,R,168.0,JPN,,S09P,,,Sanhui Shin,R,178.0,KOR,,6-1 6-4,3,R32,74.0,4.0,3.0,49,28.0,22,7.0,9.0,1.0,4.0,0.0,1.0,52.0,27.0,10.0,9.0,8.0,0.0,6,227.0,247,357.0,136
2026-2791,Nonthaburi 1,Hard,32,C,20260105.0,14,U120,5.0,,Kaichi Uchida,R,180.0,JPN,,DF92,,,Corentin Denolly,L,188.0,FRA,,6-2 5-7 6-3,3,R32,121.0,7.0,2.0,89,52.0,38,16.0,14.0,5.0,8.0,8.0,5.0,99.0,57.0,39.0,17.0,15.0,6.0,12,251.0,216,386.0,124
2026-2791,Nonthaburi 1,Hard,32,C,20260105.0,15,G09C,,,Marek Gengel,R,185.0,CZE,,M0NP,7.0,,Andres Martin,R,183.0,USA,,6-2 6-4,3,R32,77.0,4.0,3.0,48,30.0,27,10.0,9.0,0.0,0.0,2.0,2.0,70.0,43.0,27.0,14.0,9.0,10.0,13,415.0,112,269.0,200
2026-2791,Nonthaburi 1,Hard,32,C,20260105.0,16,SQ80,,,Akira Santillan,R,180.0,AUS,,TB70,,,Wishaya Trongcharoenchaikul,R,,THA,,6-3 4-6 6-2,3,R32,85.0,7.0,1.0,65,49.0,40,11.0,14.0,0.0,2.0,6.0,5.0,77.0,43.0,34.0,13.0,13.0,3.0,7,314.0,162,788.0,35
2026-2791,Nonthaburi 1,Hard,32,C,20260105.0,17,KH56,1.0,,Zdenek Kolar,R,183.0,CZE,,S0HR,,,Kasidit Samrej,R,191.0,THA,,7-5 6-4,3,R16,110.0,6.0,3.0,90,67.0,42,12.0,11.0,7.0,9.0,6.0,3.0,62.0,40.0,26.0,9.0,11.0,2.0,6,176.0,327,416.0,112
2026-2791,Nonthaburi 1,Hard,32,C,20260105.0,18,GA79,,,Lorenzo Giustino,R,180.0,ITA,,SQ80,,,Akira Santillan,R,180.0,AUS,,6-4 7-5,3,R16,95.0,5.0,1.0,71,41.0,27,19.0,11.0,3.0,4.0,10.0,7.0,71.0,43.0,30.0,11.0,11.0,5.0,8,212.0,274,314.0,162
2026-2791,Nonthaburi 1,Hard,32,C,20260105.0,19,N09U,3.0,,Rio Noguchi,R,168.0,JPN,,W857,,,Tung Lin Wu,R,188.0,TPE,,3-6 6-2 6-4,3,R16,126.0,5.0,1.0,76,52.0,36,15.0,13.0,3.0,5.0,7.0,2.0,89.0,66.0,46.0,8.0,14.0,8.0,12,227.0,247,379.0,127
2026-2791,Nonthaburi 1,Hard,32,C,20260105.0,20,S0MN,,,Marat Sharipov,R,188.0,RUS,,U120,5.0,,Kaichi Uchida,R,180.0,JPN,,6-1 6-2,3,R16,44.0,8.0,0.0,40,26.0,23,9.0,8.0,0.0,0.0,2.0,1.0,39.0,18.0,13.0,7.0,7.0,0.0,4,286.0,184,251.0,216
2026-2791,Nonthaburi 1,Hard,32,C,20260105.0,21,S0WT,6.0,,Joel Schwaerzler,L,188.0,AUT,,B0BU,,,Florent Bax,R,185.0,FRA,,3-6 6-4 6-0,3,R16,128.0,7.0,5.0,91,54.0,38,17.0,13.0,12.0,15.0,13.0,6.0,89.0,44.0,35.0,15.0,12.0,5.0,10,254.0,213,281.0,187
2026-2791,Nonthaburi 1,Hard,32,C,20260105.0,22,C0I4,,,Tibo Colson,R,196.0,BEL,,SX90,8.0,,Fajing Sun,R,178.0,CHN,,7-6(5) 3-6 6-2,3,R16,145.0,19.0,4.0,86,55.0,45,14.0,14.0,2.0,4.0,2.0,2.0,115.0,81.0,52.0,20.0,15.0,11.0,14,504.0,84,274.0,196
2026-2791,Nonthaburi 1,Hard,32,C,20260105.0,23,F0A3,,,Sergey Fomin,R,180.0,UZB,,B0JJ,,,Robin Bertrand,R,178.0,FRA,,6-3 6-4,3,R16,81.0,2.0,3.0,59,39.0,27,13.0,10.0,2.0,3.0,2.0,2.0,53.0,36.0,24.0,7.0,9.0,0.0,3,340.0,145,302.0,175
2026-2791,Nonthaburi 1,Hard,32,C,20260105.0,24,G09C,,,Marek Gengel,R,185.0,CZE,,S0AQ,,,Yuta Shimizu,L,163.0,JPN,,3-6 6-1 6-4,3,R16,105.0,10.0,1.0,84,59.0,43,11.0,13.0,8.0,10.0,4.0,1.0,73.0,44.0,28.0,17.0,13.0,0.0,4,415.0,112,349.0,141
2026-2791,Nonthaburi 1,Hard,32,C,20260105.0,25,KH56,1.0,,Zdenek Kolar,R,183.0,CZE,,C0I4,,,Tibo Colson,R,196.0,BEL,,7-5 3-6 6-1,3,QF,,,,,,,,,,,,,,,,,,,,176.0,327,504.0,84
2026-2791,Nonthaburi 1,Hard,32,C,20260105.0,26,N09U,3.0,,Rio Noguchi,R,168.0,JPN,,S0MN,,,Marat Sharipov,R,188.0,RUS,,6-4 6-4,3,QF,81.0,4.0,2.0,61,41.0,32,10.0,10.0,4.0,5.0,10.0,1.0,61.0,44.0,29.0,5.0,10.0,4.0,7,227.0,247,286.0,184
2026-2791,Nonthaburi 1,Hard,32,C,20260105.0,27,G09C,,,Marek Gengel,R,185.0,CZE,,F0A3,,,Sergey Fomin,R,180.0,UZB,,6-1 6-4,3,QF,65.0,7.0,2.0,41,32.0,23,6.0,8.0,0.0,1.0,3.0,2.0,64.0,38.0,21.0,11.0,9.0,5.0,10,415.0,112,340.0,145
2026-2791,Nonthaburi 1,Hard,32,C,20260105.0,28,S0WT,6.0,,Joel Schwaerzler,L,188.0,AUT,,GA79,,,Lorenzo Giustino,R,180.0,ITA,,W/O,3,QF,,,,,,,,,,,,,,,,,,,,254.0,213,212.0,274
2026-2791,Nonthaburi 1,Hard,32,C,20260105.0,29,G09C,,,Marek Gengel,R,185.0,CZE,,KH56,1.0,,Zdenek Kolar,R,183.0,CZE,,6-2 7-5,3,SF,91.0,8.0,0.0,60,37.0,26,13.0,10.0,1.0,3.0,5.0,2.0,71.0,43.0,26.0,10.0,10.0,3.0,8,415.0,112,176.0,327
2026-2791,Nonthaburi 1,Hard,32,C,20260105.0,30,N09U,3.0,,Rio Noguchi,R,168.0,JPN,,S0WT,6.0,,Joel Schwaerzler,L,188.0,AUT,,6-2 6-2,3,SF,59.0,0.0,0.0,45,36.0,27,7.0,8.0,0.0,0.0,4.0,5.0,50.0,27.0,20.0,5.0,8.0,4.0,8,227.0,247,254.0,213
2026-2791,Nonthaburi 1,Hard,32,C,20260105.0,31,N09U,3.0,,Rio Noguchi,R,168.0,JPN,,G09C,,,Marek Gengel,R,185.0,CZE,,6-3 6-4,3,F,71.0,2.0,0.0,60,48.0,34,5.0,10.0,4.0,6.0,5.0,3.0,52.0,32.0,20.0,6.0,9.0,1.0,5,227.0,247,415.0,112
2026-2907,Nottingham 1,Hard,32,C,20260105.0,1,C0BH,2.0,,Clement Chidekh,R,180.0,FRA,,M0FA,,,Anton Matusevich,R,185.0,GBR,,6-7(3) 6-4 6-0,3,R32,117.0,10.0,1.0,84,61.0,49,12.0,14.0,1.0,2.0,8.0,3.0,99.0,66.0,42.0,14.0,14.0,5.0,10,252.0,215,575.0,66
2026-2907,Nottingham 1,Hard,32,C,20260105.0,2,S0TM,,,Toby Samuel,R,191.0,GBR,,O0BI,,,Carl Emil Overbeck,R,193.0,DEN,,6-2 6-4,3,R32,59.0,9.0,0.0,45,34.0,28,6.0,9.0,0.0,1.0,3.0,2.0,65.0,54.0,31.0,4.0,9.0,5.0,9,261.0,204,524.0,78
2026-2907,Nottingham 1,Hard,32,C,20260105.0,3,N731,,,Christoph Negritu,R,193.0,GER,,KC33,4.0,,Dimitar Kuzmanov,R,183.0,BUL,,6-4 1-6 7-5,3,R32,136.0,11.0,0.0,87,56.0,36,18.0,14.0,6.0,9.0,6.0,3.0,84.0,58.0,43.0,13.0,15.0,2.0,5,368.0,130,262.0,204
2026-2907,Nottingham 1,Hard,32,C,20260105.0,4,RC04,,,Alexander Ritschard,R,193.0,SUI,,P0K4,5.0,,Tiago Pereira,R,0.0,PRT,,7-6(5) 6-1,3,R32,72.0,4.0,1.0,52,30.0,26,12.0,9.0,2.0,4.0,2.0,3.0,66.0,40.0,26.0,8.0,10.0,3.0,8,496.0,86,265.0,202
2026-2907,Nottingham 1,Hard,32,C,20260105.0,5,KE64,7.0,,Stefan Kozlov,R,183.0,USA,,Z0AK,,,Tyler Zink,R,185.0,USA,,6-4 6-1,3,R32,71.0,2.0,1.0,39,21.0,19,13.0,8.0,0.0,0.0,2.0,1.0,66.0,48.0,30.0,6.0,9.0,7.0,11,287.0,182,294.0,178
2026-2907,Nottingham 1,Hard,32,C,20260105.0,6,G0IB,8.0,,Tom Gentzsch,R,191.0,GER,,B0LW,,,Mika Brunold,R,191.0,SUI,,6-7(9) 6-4 6-4,3,R32,168.0,3.0,2.0,123,90.0,60,19.0,16.0,9.0,11.0,5.0,1.0,110.0,68.0,45.0,25.0,16.0,2.0,6,289.0,181,345.0,143
2026-2907,Nottingham 1,Hard,32,C,20260105.0,7,BI23,,,Liam Broady,L,183.0,GBR,,MN20,,,Daniel Masur,R,183.0,GER,,6-3 4-6 6-3,3,R32,136.0,6.0,2.0,85,62.0,44,12.0,14.0,3.0,6.0,8.0,5.0,97.0,60.0,37.0,16.0,14.0,12.0,17,303.0,174,518.0,80
2026-2907,Nottingham 1,Hard,32,C,20260105.0,8,E0AC,,,Mathys Erhard,R,188.0,FRA,,S0GV,,,Robert Strombachs,R,191.0,LAT,,7-6(5) 3-6 7-6(5),3,R32,143.0,10.0,3.0,107,76.0,62,15.0,16.0,7.0,9.0,6.0,1.0,105.0,82.0,62.0,14.0,17.0,5.0,6,328.0,155,402.0,118
2026-2907,Nottingham 1,Hard,32,C,20260105.0,9,H0DC,,,Giles Hussey,L,185.0,GBR,,G0A0,,,Andrea Guerrieri,L,180.0,ITA,,6-4 6-4,3,R32,89.0,7.0,1.0,64,45.0,31,11.0,10.0,2.0,3.0,0.0,4.0,64.0,51.0,28.0,8.0,10.0,5.0,8,330.0,151,511.0,83
2026-2907,Nottingham 1,Hard,32,C,20260105.0,10,K0DB,,,Cannon Kingsley,R,191.0,USA,,S0TX,,,Henry Searle,L,193.0,GBR,,6-4 6-1,3,R32,70.0,3.0,1.0,57,45.0,30,7.0,9.0,3.0,4.0,1.0,0.0,48.0,29.0,20.0,6.0,8.0,2.0,6,537.0,75,353.0,137
2026-2907,Nottingham 1,Hard,32,C,20260105.0,11,M0ON,1.0,,Johannus Monday,L,198.0,GBR,,M0NJ,,,Lui Maxted,R,180.0,GBR,,4-6 7-6(5) 6-4,3,R32,142.0,17.0,2.0,94,60.0,51,18.0,16.0,2.0,3.0,20.0,1.0,98.0,71.0,54.0,17.0,16.0,4.0,5,233.0,242,492.0,87
2026-2907,Nottingham 1,Hard,32,C,20260105.0,12,G0AO,6.0,,Alastair Gray,R,193.0,GBR,,GB93,,,Norbert Gombos,R,193.0,SVK,,6-1 3-6 6-1,3,R32,95.0,11.0,3.0,74,51.0,38,13.0,12.0,4.0,5.0,3.0,1.0,66.0,43.0,25.0,11.0,11.0,5.0,9,283.0,186,296.0,177
2026-2907,Nottingham 1,Hard,32,C,20260105.0,13,BV21,,,Charles Broom,R,178.0,GBR,,W0AH,,,Harry Wendelken,R,178.0,GBR,,7-5 6-3,3,R32,86.0,12.0,0.0,59,44.0,32,8.0,10.0,4.0,5.0,8.0,7.0,60.0,26.0,20.0,14.0,11.0,1.0,5,315.0,161,312.0,165
2026-2907,Nottingham 1,Hard,32,C,20260105.0,14,J0A4,,,Paul Jubb,R,180.0,GBR,,S0BT,,,Adria Soriano Barrera,R,191.0,COL,,6-3 6-7(3) 7-6(4),3,R32,154.0,8.0,4.0,120,66.0,43,35.0,17.0,5.0,7.0,20.0,8.0,126.0,91.0,65.0,11.0,16.0,7.0,10,376.0,127,359.0,135
2026-2907,Nottingham 1,Hard,32,C,20260105.0,15,K0FY,,,Martin Krumich,R,188.0,CZE,,K0CJ,,,Sandro Kopp,R,185.0,AUT,,6-1 6-2,3,R32,59.0,5.0,0.0,35,28.0,24,5.0,7.0,1.0,1.0,3.0,4.0,55.0,41.0,19.0,6.0,8.0,5.0,10,347.0,142,299.0,176
2026-2907,Nottingham 1,Hard,32,C,20260105.0,16,K926,,,Mikhail Kukushkin,R,183.0,KAZ,,M0TO,,,Mae Malige,R,173.0,FRA,,6-3 6-0,3,R32,73.0,0.0,1.0,41,21.0,18,12.0,7.0,0.0,0.0,4.0,2.0,57.0,29.0,16.0,11.0,8.0,1.0,6,313.0,164,437.0,106
2026-2907,Nottingham 1,Hard,32,C,20260105.0,17,M0ON,1.0,,Johannus Monday,L,198.0,GBR,,H0DC,,,Giles Hussey,L,185.0,GBR,,6-1 6-2,3,R16,70.0,2.0,1.0,50,34.0,22,12.0,8.0,3.0,4.0,3.0,1.0,43.0,28.0,11.0,8.0,7.0,2.0,7,233.0,242,330.0,151
2026-2907,Nottingham 1,Hard,32,C,20260105.0,18,C0BH,2.0,,Clement Chidekh,R,180.0,FRA,,J0A4,,,Paul Jubb,R,180.0,GBR,,6-2 6-3,3,R16,75.0,3.0,2.0,60,37.0,26,12.0,9.0,5.0,7.0,3.0,1.0,49.0,29.0,14.0,8.0,8.0,2.0,7,252.0,215,376.0,127
2026-2907,Nottingham 1,Hard,32,C,20260105.0,19,S0TM,,,Toby Samuel,R,191.0,GBR,,BI23,,,Liam Broady,L,183.0,GBR,,6-3 6-3,3,R16,87.0,4.0,0.0,72,51.0,32,10.0,9.0,6.0,8.0,0.0,1.0,62.0,42.0,23.0,8.0,9.0,7.0,12,261.0,204,303.0,174
2026-2907,Nottingham 1,Hard,32,C,20260105.0,20,K0DB,,,Cannon Kingsley,R,191.0,USA,,G0AO,6.0,,Alastair Gray,R,193.0,GBR,,6-4 4-6 6-1,3,R16,123.0,8.0,1.0,113,81.0,51,17.0,14.0,11.0,14.0,12.0,6.0,80.0,51.0,36.0,9.0,13.0,4.0,9,537.0,75,283.0,186
2026-2907,Nottingham 1,Hard,32,C,20260105.0,21,KE64,7.0,,Stefan Kozlov,R,183.0,USA,,E0AC,,,Mathys Erhard,R,188.0,FRA,,6-2 6-4,3,R16,105.0,5.0,4.0,54,37.0,30,9.0,9.0,2.0,2.0,9.0,1.0,78.0,46.0,28.0,16.0,9.0,12.0,15,287.0,182,328.0,155
2026-2907,Nottingham 1,Hard,32,C,20260105.0,22,G0IB,8.0,,Tom Gentzsch,R,191.0,GER,,K0FY,,,Martin Krumich,R,188.0,CZE,,4-6 6-3 7-6(3),3,R16,147.0,14.0,2.0,97,74.0,57,8.0,16.0,3.0,6.0,5.0,1.0,104.0,79.0,55.0,9.0,15.0,7.0,10,289.0,181,347.0,142
2026-2907,Nottingham 1,Hard,32,C,20260105.0,23,BV21,,,Charles Broom,R,178.0,GBR,,RC04,,,Alexander Ritschard,R,193.0,SUI,,6-4 6-2,3,R16,76.0,4.0,2.0,60,35.0,29,12.0,9.0,2.0,2.0,1.0,5.0,55.0,34.0,22.0,8.0,9.0,2.0,5,315.0,161,496.0,86
2026-2907,Nottingham 1,Hard,32,C,20260105.0,24,K926,,,Mikhail Kukushkin,R,183.0,KAZ,,N731,,,Christoph Negritu,R,193.0,GER,,6-2 6-1,3,R16,81.0,4.0,0.0,51,26.0,21,13.0,7.0,3.0,3.0,3.0,1.0,57.0,32.0,19.0,8.0,8.0,6.0,11,313.0,164,368.0,130
2026-2907,Nottingham 1,Hard,32,C,20260105.0,25,M0ON,1.0,,Johannus Monday,L,198.0,GBR,,G0IB,8.0,,Tom Gentzsch,R,191.0,GER,,6-1 6-3,3,QF,60.0,4.0,0.0,40,25.0,21,11.0,8.0,0.0,0.0,5.0,1.0,45.0,31.0,20.0,2.0,8.0,0.0,4,233.0,242,289.0,181
2026-2907,Nottingham 1,Hard,32,C,20260105.0,26,C0BH,2.0,,Clement Chidekh,R,180.0,FRA,,BV21,,,Charles Broom,R,178.0,GBR,,6-3 6-2,3,QF,82.0,4.0,2.0,65,41.0,33,11.0,9.0,6.0,6.0,4.0,1.0,54.0,37.0,21.0,7.0,8.0,5.0,8,252.0,215,315.0,161
2026-2907,Nottingham 1,Hard,32,C,20260105.0,27,S0TM,,,Toby Samuel,R,191.0,GBR,,KE64,7.0,,Stefan Kozlov,R,183.0,USA,,7-6(1) 6-4,3,QF,89.0,6.0,2.0,71,57.0,44,6.0,11.0,3.0,4.0,1.0,1.0,66.0,46.0,31.0,11.0,11.0,2.0,4,261.0,204,287.0,182
2026-2907,Nottingham 1,Hard,32,C,20260105.0,28,K926,,,Mikhail Kukushkin,R,183.0,KAZ,,K0DB,,,Cannon Kingsley,R,191.0,USA,,6-2 7-5,3,QF,81.0,7.0,1.0,59,37.0,27,13.0,10.0,2.0,3.0,8.0,2.0,57.0,38.0,28.0,3.0,10.0,3.0,7,313.0,164,537.0,75
2026-2907,Nottingham 1,Hard,32,C,20260105.0,29,M0ON,1.0,,Johannus Monday,L,198.0,GBR,,K926,,,Mikhail Kukushkin,R,183.0,KAZ,,6-4 6-2,3,SF,85.0,7.0,2.0,60,44.0,33,9.0,9.0,5.0,5.0,4.0,0.0,57.0,40.0,23.0,9.0,9.0,0.0,3,233.0,242,313.0,164
2026-2907,Nottingham 1,Hard,32,C,20260105.0,30,C0BH,2.0,,Clement Chidekh,R,180.0,FRA,,S0TM,,,Toby Samuel,R,191.0,GBR,,6-3 5-7 6-3,3,SF,130.0,8.0,2.0,80,46.0,36,22.0,15.0,5.0,7.0,17.0,3.0,111.0,90.0,53.0,11.0,15.0,14.0,18,252.0,215,261.0,204
2026-2907,Nottingham 1,Hard,32,C,20260105.0,31,C0BH,2.0,,Clement Chidekh,R,180.0,FRA,,M0ON,1.0,,Johannus Monday,L,198.0,GBR,,5-7 6-2 7-6(5),3,F,166.0,4.0,2.0,104,67.0,51,19.0,16.0,1.0,3.0,7.0,1.0,118.0,78.0,56.0,18.0,16.0,7.0,10,252.0,215,233.0,242
2026-7808,Bengaluru,Hard,32,C,20260105.0,17,MO44,1.0,,Pedro Martinez,R,185.0,ESP,,GG65,,,Michael Geerts,R,178.0,BEL,,7-6(3) 6-3,3,R16,114.0,6.0,3.0,59,39.0,29,11.0,10.0,3.0,5.0,7.0,3.0,82.0,39.0,25.0,18.0,11.0,6.0,10,96.0,643,295.0,178
2026-7808,Bengaluru,Hard,32,C,20260105.0,18,M0G4,2.0,,Harold Mayot,R,180.0,FRA,,N897,,,Sumit Nagal,R,178.0,IND,,7-6(2) 1-6 7-6(11),3,R16,189.0,10.0,1.0,103,64.0,43,25.0,15.0,3.0,6.0,2.0,3.0,125.0,88.0,58.0,23.0,16.0,9.0,10,167.0,345,275.0,195
2026-7808,Bengaluru,Hard,32,C,20260105.0,19,S0GR,6.0,,Timofey Skatov,R,173.0,KAZ,,L0I5,,,Mitsuki Wei Kang Leong,R,175.0,MAS,,6-3 7-5,3,R16,92.0,3.0,0.0,52,27.0,21,16.0,10.0,2.0,3.0,8.0,3.0,71.0,39.0,25.0,16.0,11.0,5.0,9,235.0,238,774.0,36
2026-7808,Bengaluru,Hard,32,C,20260105.0,20,D0JI,,,Manas Dhamne,R,183.0,IND,,Z09Z,,,Beibit Zhukayev,R,198.0,KAZ,,6-2 3-6 6-2,3,R16,112.0,4.0,2.0,64,37.0,29,15.0,12.0,0.0,2.0,6.0,6.0,80.0,43.0,31.0,13.0,13.0,3.0,8,556.0,71,277.0,193
2026-7808,Bengaluru,Hard,32,C,20260105.0,21,F0BT,,,Jonas Forejtek,R,183.0,CZE,,M0C2,,,Dan Martin,R,175.0,CAN,,6-7(5) 6-1 6-4,3,R16,121.0,19.0,1.0,80,45.0,40,19.0,15.0,2.0,4.0,4.0,1.0,93.0,60.0,38.0,15.0,14.0,7.0,12,441.0,105,421.0,110
2026-7393,Canberra,Hard,32,C,20260105.0,17,KI82,1.0,,Vit Kopriva,R,178.0,CZE,,KI63,,,Lukas Klein,R,193.0,SVK,,7-6(1) 7-6(1),3,R16,103.0,6.0,3.0,80,50.0,40,18.0,12.0,4.0,4.0,10.0,3.0,80.0,58.0,39.0,13.0,12.0,4.0,4,101.0,620,141.0,436
2026-7393,Canberra,Hard,32,C,20260105.0,18,BS86,4.0,,Tomas Barrios Vera,R,191.0,CHI,,BV16,,,Ugo Blanchet,R,175.0,FRA,,6-7(6) 6-3 7-6(4),3,R16,194.0,9.0,4.0,140,96.0,64,25.0,17.0,10.0,12.0,11.0,6.0,108.0,56.0,42.0,25.0,16.0,2.0,5,108.0,557,144.0,427
2026-7393,Canberra,Hard,32,C,20260105.0,19,B0PG,6.0,,Alexander Blockx,R,193.0,BEL,,CF59,,,Roberto Carballes Baena,R,183.0,ESP,,7-6(8) 3-6 7-5,3,R16,171.0,10.0,6.0,125,68.0,52,26.0,16.0,13.0,16.0,1.0,6.0,118.0,74.0,48.0,25.0,17.0,6.0,9,115.0,535,128.0,469
2026-7393,Canberra,Hard,32,C,20260105.0,20,L987,8.0,,Dusan Lajovic,R,183.0,SRB,,E0DD,,,Justin Engel,R,185.0,GER,,6-4 7-6(4),3,R16,89.0,5.0,0.0,62,37.0,31,16.0,11.0,1.0,2.0,4.0,3.0,70.0,45.0,35.0,11.0,11.0,7.0,9,125.0,487,180.0,316
2026-7393,Canberra,Hard,32,C,20260105.0,21,J0AZ,,,Kyrian Jacquet,R,175.0,FRA,,GE33,,,Daniel Elahi Galan,R,191.0,COL,,6-2 6-4,3,R16,64.0,6.0,2.0,46,26.0,22,13.0,9.0,1.0,2.0,3.0,3.0,52.0,34.0,21.0,6.0,9.0,0.0,4,136.0,442,155.0,397
2026-7393,Canberra,Hard,32,C,20260105.0,22,J0DZ,,,Rafael Jodar,R,191.0,ESP,,F0F2,,,Jaime Faria,R,188.0,POR,,6-1 6-4,3,R16,63.0,3.0,0.0,49,30.0,23,15.0,9.0,1.0,1.0,5.0,1.0,53.0,31.0,18.0,12.0,8.0,3.0,6,165.0,349,151.0,405
2026-7393,Canberra,Hard,32,C,20260105.0,23,M0OQ,,,James Mccabe,R,188.0,AUS,,P0HT,,,Jack Pinnington Jones,R,180.0,GBR,,6-4 7-6(4),3,R16,91.0,9.0,4.0,65,42.0,34,11.0,11.0,0.0,2.0,7.0,7.0,73.0,45.0,33.0,12.0,11.0,8.0,11,188.0,309,201.0,287
2026-7393,Canberra,Hard,32,C,20260105.0,24,SY67,,,Sho Shimabukuro,R,180.0,JPN,,R0E0,,,Chris Rodesch,R,198.0,LUX,,7-6(5) 7-6(3),3,R16,97.0,6.0,1.0,82,48.0,36,24.0,12.0,2.0,2.0,13.0,2.0,78.0,51.0,41.0,14.0,12.0,1.0,1,147.0,414,207.0,280
2026-2205,Noumea,Hard,32,C,20260105.0,1,TC61,1.0,,Jordan Thompson,R,183.0,AUS,,H0EK,,,Emile Hudd,R,193.0,GBR,,6-3 7-6(5),3,R32,102.0,14.0,0.0,57,40.0,36,10.0,10.0,1.0,1.0,5.0,2.0,82.0,57.0,39.0,13.0,11.0,6.0,8,113.0,536,825.0,31
2026-7393,Canberra,Hard,32,C,20260105.0,31,B0PG,6.0,,Alexander Blockx,R,193.0,BEL,,J0DZ,,,Rafael Jodar,R,191.0,ESP,,6-4 6-4,3,F,83.0,5.0,1.0,63,39.0,30,11.0,10.0,4.0,5.0,4.0,2.0,67.0,40.0,29.0,11.0,10.0,5.0,8,115.0,535,165.0,349
2026-7393,Canberra,Hard,32,C,20260105.0,30,J0DZ,,,Rafael Jodar,R,191.0,ESP,,J0AZ,,,Kyrian Jacquet,R,175.0,FRA,,6-3 RET,3,SF,45.0,1.0,1.0,34,17.0,15,7.0,5.0,3.0,4.0,0.0,1.0,26.0,11.0,5.0,7.0,4.0,1.0,3,165.0,349,136.0,442
2026-7393,Canberra,Hard,32,C,20260105.0,29,B0PG,6.0,,Alexander Blockx,R,193.0,BEL,,M0OQ,,,James Mccabe,R,188.0,AUS,,6-3 6-7(3) 6-3,3,SF,143.0,9.0,4.0,102,60.0,45,28.0,16.0,5.0,5.0,4.0,7.0,90.0,55.0,42.0,17.0,14.0,3.0,5,115.0,535,188.0,309
2026-7393,Canberra,Hard,32,C,20260105.0,28,J0DZ,,,Rafael Jodar,R,191.0,ESP,,SY67,,,Sho Shimabukuro,R,180.0,JPN,,6-2 6-4,3,QF,59.0,7.0,1.0,44,31.0,25,11.0,9.0,0.0,0.0,5.0,3.0,53.0,34.0,21.0,8.0,9.0,4.0,7,165.0,349,147.0,414
2026-7393,Canberra,Hard,32,C,20260105.0,27,J0AZ,,,Kyrian Jacquet,R,175.0,FRA,,L987,8.0,,Dusan Lajovic,R,183.0,SRB,,7-6(2) 7-5,3,QF,109.0,9.0,3.0,75,45.0,35,15.0,12.0,4.0,7.0,8.0,4.0,90.0,58.0,37.0,12.0,12.0,7.0,11,136.0,442,125.0,487
2026-7393,Canberra,Hard,32,C,20260105.0,26,M0OQ,,,James Mccabe,R,188.0,AUS,,BS86,4.0,,Tomas Barrios Vera,R,191.0,CHI,,6-1 7-6(5),3,QF,86.0,10.0,2.0,68,48.0,34,11.0,10.0,2.0,3.0,1.0,1.0,48.0,34.0,25.0,4.0,9.0,0.0,3,188.0,309,108.0,557
2026-7393,Canberra,Hard,32,C,20260105.0,25,B0PG,6.0,,Alexander Blockx,R,193.0,BEL,,KI82,1.0,,Vit Kopriva,R,178.0,CZE,,7-5 5-7 6-4,3,QF,148.0,17.0,8.0,125,72.0,53,22.0,17.0,12.0,15.0,6.0,12.0,96.0,53.0,34.0,24.0,17.0,1.0,5,115.0,535,101.0,620
2026-7393,Canberra,Hard,32,C,20260105.0,1,KI82,1.0,,Vit Kopriva,R,178.0,CZE,,N552,,,Kei Nishikori,R,178.0,JPN,,6-1 2-2 RET,3,R32,45.0,1.0,0.0,31,15.0,11,11.0,6.0,0.0,1.0,2.0,0.0,38.0,28.0,11.0,7.0,5.0,1.0,4,101.0,620,238.0,232
2026-7393,Canberra,Hard,32,C,20260105.0,2,R0E0,,,Chris Rodesch,R,198.0,LUX,,N0BG,2.0,,Luca Nardi,R,185.0,ITA,,7-6(4) 6-2,3,R32,83.0,7.0,1.0,58,38.0,32,13.0,10.0,3.0,3.0,0.0,3.0,72.0,41.0,27.0,15.0,10.0,6.0,8,207.0,280,105.0,599
2026-7393,Canberra,Hard,32,C,20260105.0,3,BS86,4.0,,Tomas Barrios Vera,R,191.0,CHI,,S0TI,,,Philip Sekulic,R,191.0,AUS,,6-4 6-4,3,R32,86.0,6.0,0.0,54,36.0,30,13.0,10.0,2.0,2.0,7.0,3.0,62.0,40.0,31.0,10.0,10.0,5.0,7,108.0,557,519.0,80
2026-7393,Canberra,Hard,32,C,20260105.0,4,P0HT,,,Jack Pinnington Jones,R,180.0,GBR,,H09P,5.0,,Brandon Holt,R,185.0,USA,,6-4 6-2,3,R32,85.0,10.0,8.0,75,46.0,34,14.0,9.0,5.0,5.0,3.0,2.0,52.0,34.0,24.0,6.0,9.0,3.0,6,201.0,287,109.0,553
2026-7393,Canberra,Hard,32,C,20260105.0,5,F0F2,,,Jaime Faria,R,188.0,POR,,M0K4,7.0,,Elmer Moller,R,183.0,DEN,,6-1 6-3,3,R32,66.0,8.0,3.0,49,23.0,17,15.0,8.0,1.0,2.0,0.0,4.0,47.0,31.0,14.0,6.0,8.0,3.0,8,151.0,405,119.0,517
2026-7393,Canberra,Hard,32,C,20260105.0,6,CF59,,,Roberto Carballes Baena,R,183.0,ESP,,S0ZE,,,Colton Smith,R,183.0,USA,,7-6(4) 6-3,3,R32,104.0,3.0,1.0,65,41.0,26,16.0,11.0,2.0,4.0,4.0,1.0,76.0,48.0,27.0,15.0,10.0,5.0,8,128.0,469,145.0,424
2026-7393,Canberra,Hard,32,C,20260105.0,7,E0DD,,,Justin Engel,R,185.0,GER,,M0AW,,,Nicolas Mejia,R,183.0,COL,,7-6(6) 1-6 7-6(6),3,R32,169.0,12.0,5.0,105,62.0,45,23.0,16.0,3.0,7.0,16.0,2.0,100.0,65.0,50.0,21.0,15.0,3.0,4,180.0,316,168.0,344
2026-7393,Canberra,Hard,32,C,20260105.0,8,GE33,,,Daniel Elahi Galan,R,191.0,COL,,N0CS,,,Lukas Neumayer,R,183.0,AUT,,7-5 7-5,3,R32,111.0,18.0,5.0,84,53.0,42,13.0,12.0,4.0,5.0,4.0,8.0,75.0,41.0,30.0,15.0,12.0,4.0,7,155.0,397,230.0,246
2026-7808,Bengaluru,Hard,32,C,20260105.0,8,V0D4,,,Eric Vanshelboim,R,188.0,UKR,,V0D0,,,Niels Visker,R,191.0,NED,,3-6 6-2 6-4,3,R32,109.0,3.0,2.0,94,67.0,48,14.0,14.0,9.0,11.0,5.0,3.0,72.0,45.0,33.0,13.0,13.0,5.0,8,470.0,93,702.0,46
2026-7808,Bengaluru,Hard,32,C,20260105.0,9,Z09Z,,,Beibit Zhukayev,R,198.0,KAZ,,S0W8,,,Aryan Shah,R,183.0,IND,,6-1 6-2,3,R32,77.0,11.0,3.0,52,31.0,25,11.0,8.0,4.0,4.0,1.0,5.0,51.0,25.0,14.0,11.0,7.0,4.0,8,277.0,193,398.0,119
2026-7808,Bengaluru,Hard,32,C,20260105.0,10,M0G4,2.0,,Harold Mayot,R,180.0,FRA,,B0LQ,,,Petr Bar Biryukov,L,196.0,RUS,,6-1 6-4,3,R32,65.0,2.0,3.0,53,32.0,24,12.0,9.0,1.0,2.0,4.0,11.0,56.0,26.0,20.0,9.0,8.0,3.0,7,167.0,345,326.0,156
2026-7808,Bengaluru,Hard,32,C,20260105.0,11,MW76,,,Matteo Martineau,R,183.0,FRA,,CI14,3.0,,Jay Clarke,R,183.0,GBR,,4-6 6-1 6-2,3,R32,136.0,7.0,4.0,95,63.0,44,17.0,13.0,8.0,9.0,0.0,6.0,71.0,47.0,31.0,9.0,12.0,3.0,7,319.0,158,174.0,330
2026-7808,Bengaluru,Hard,32,C,20260105.0,12,F0BT,,,Jonas Forejtek,R,183.0,CZE,,HG86,4.0,,Lloyd Harris,R,193.0,RSA,,7-6(5) 6-4,3,R32,105.0,6.0,2.0,87,56.0,48,13.0,11.0,8.0,8.0,12.0,1.0,70.0,43.0,34.0,13.0,11.0,2.0,3,441.0,105,220.0,256
2026-7808,Bengaluru,Hard,32,C,20260105.0,13,D0JI,,,Manas Dhamne,R,183.0,IND,,D0L3,5.0,,Matej Dodig,R,188.0,CRO,,7-5 4-6 6-1,3,R32,125.0,3.0,2.0,81,54.0,42,17.0,15.0,2.0,3.0,12.0,5.0,91.0,61.0,42.0,15.0,14.0,4.0,7,556.0,71,231.0,244
2026-7808,Bengaluru,Hard,32,C,20260105.0,30,S0GR,6.0,,Timofey Skatov,R,173.0,KAZ,,M0G4,2.0,,Harold Mayot,R,180.0,FRA,,6-4 6-3,3,SF,74.0,3.0,1.0,57,48.0,39,3.0,10.0,2.0,2.0,6.0,2.0,53.0,35.0,25.0,8.0,9.0,0.0,2,235.0,238,167.0,345
2026-7808,Bengaluru,Hard,32,C,20260105.0,31,MO44,1.0,,Pedro Martinez,R,185.0,ESP,,S0GR,6.0,,Timofey Skatov,R,173.0,KAZ,,7-6(5) 6-3,3,F,116.0,5.0,1.0,61,43.0,33,16.0,10.0,1.0,1.0,6.0,1.0,76.0,54.0,40.0,10.0,11.0,4.0,6,96.0,643,235.0,238
2026-7808,Bengaluru,Hard,32,C,20260105.0,29,MO44,1.0,,Pedro Martinez,R,185.0,ESP,,MW76,,,Matteo Martineau,R,183.0,FRA,,7-6(4) 6-1,3,SF,98.0,2.0,2.0,64,49.0,36,9.0,10.0,1.0,2.0,6.0,4.0,58.0,36.0,26.0,9.0,9.0,5.0,8,96.0,643,319.0,158
2026-7808,Bengaluru,Hard,32,C,20260105.0,28,MW76,,,Matteo Martineau,R,183.0,FRA,,D0JI,,,Manas Dhamne,R,183.0,IND,,6-4 7-6(5),3,QF,116.0,6.0,3.0,77,51.0,43,11.0,11.0,5.0,5.0,2.0,1.0,70.0,45.0,29.0,18.0,11.0,2.0,3,319.0,158,556.0,71
2026-7808,Bengaluru,Hard,32,C,20260105.0,27,S0GR,6.0,,Timofey Skatov,R,173.0,KAZ,,F0BT,,,Jonas Forejtek,R,183.0,CZE,,6-4 6-2,3,QF,87.0,1.0,1.0,63,43.0,33,11.0,9.0,5.0,5.0,3.0,2.0,56.0,28.0,18.0,13.0,9.0,1.0,4,235.0,238,441.0,105
2026-7808,Bengaluru,Hard,32,C,20260105.0,26,M0G4,2.0,,Harold Mayot,R,180.0,FRA,,S0DE,,,Dhakshineswar Suresh,R,196.0,IND,,7-6(5) 6-2,3,QF,88.0,6.0,0.0,56,36.0,32,14.0,10.0,0.0,0.0,3.0,4.0,78.0,44.0,37.0,12.0,10.0,7.0,9,167.0,345,521.0,79
2026-7808,Bengaluru,Hard,32,C,20260105.0,25,MO44,1.0,,Pedro Martinez,R,185.0,ESP,,SK94,,,Cedrik Marcel Stebe,L,180.0,GER,,6-2 6-0,3,QF,76.0,2.0,4.0,47,33.0,27,4.0,7.0,5.0,6.0,2.0,2.0,59.0,40.0,18.0,7.0,7.0,9.0,15,96.0,643,346.0,142
2026-7808,Bengaluru,Hard,32,C,20260105.0,16,N897,,,Sumit Nagal,R,178.0,IND,,DH23,,,S D Prajwal Dev,R,175.0,IND,,6-3 6-3,3,R32,78.0,8.0,2.0,47,30.0,24,11.0,9.0,4.0,5.0,1.0,2.0,55.0,37.0,22.0,7.0,9.0,5.0,9,275.0,195,632.0,57
2026-7808,Bengaluru,Hard,32,C,20260105.0,15,M0C2,,,Dan Martin,R,175.0,CAN,,O659,,,Vladyslav Orlov,R,188.0,UKR,,6-7(4) 7-5 6-4,3,R32,157.0,10.0,5.0,96,59.0,47,19.0,17.0,4.0,7.0,6.0,5.0,116.0,67.0,45.0,25.0,17.0,8.0,13,421.0,110,498.0,86
2026-7808,Bengaluru,Hard,32,C,20260105.0,14,S0GR,6.0,,Timofey Skatov,R,173.0,KAZ,,O0AD,,,Neil Oberleitner,R,191.0,AUT,,6-3 6-3,3,R32,61.0,1.0,0.0,41,26.0,24,12.0,9.0,0.0,0.0,7.0,3.0,55.0,36.0,24.0,9.0,9.0,3.0,6,235.0,238,427.0,109
2026-7808,Bengaluru,Hard,32,C,20260105.0,23,SK94,,,Cedrik Marcel Stebe,L,180.0,GER,,GH92,,,Borna Gojo,R,196.0,CRO,,7-5 7-6(9),3,R16,132.0,3.0,0.0,95,58.0,42,25.0,12.0,7.0,7.0,10.0,7.0,88.0,59.0,45.0,14.0,12.0,5.0,6,346.0,142,293.0,178
2026-7808,Bengaluru,Hard,32,C,20260105.0,24,S0DE,,,Dhakshineswar Suresh,R,196.0,IND,,B0WL,,,Felix Balshaw,R,191.0,FRA,,6-3 1-6 7-6(4),3,R16,121.0,11.0,0.0,103,61.0,43,21.0,14.0,13.0,16.0,11.0,2.0,81.0,49.0,39.0,17.0,14.0,3.0,5,521.0,79,718.0,44
2026-7808,Bengaluru,Hard,32,C,20260105.0,22,MW76,,,Matteo Martineau,R,183.0,FRA,,V0D4,,,Eric Vanshelboim,R,188.0,UKR,,6-2 6-2,3,R16,62.0,5.0,2.0,44,31.0,25,8.0,8.0,0.0,0.0,0.0,0.0,45.0,35.0,19.0,4.0,8.0,3.0,7,319.0,158,470.0,93
2026-2795,Nonthaburi 2,Hard,32,C,20260112.0,5,U134,,,Yasutaka Uchiyama,R,183.0,JPN,,M0NP,7.0,,Andres Martin,R,183.0,USA,,6-3 6-1,3,R32,57.0,3.0,1.0,46,25.0,23,12.0,8.0,0.0,0.0,2.0,0.0,39.0,28.0,15.0,5.0,8.0,1.0,5,307.0,167,270.0,200
2026-2795,Nonthaburi 2,Hard,32,C,20260112.0,1,N09U,1.0,,Rio Noguchi,R,168.0,JPN,,S0KT,,,Stefanos Sakellaridis,R,198.0,GRE,,6-4 6-2,3,R32,102.0,1.0,0.0,58,40.0,28,11.0,9.0,3.0,3.0,9.0,2.0,77.0,38.0,26.0,15.0,9.0,5.0,8,246.0,222,282.0,187
2026-2795,Nonthaburi 2,Hard,32,C,20260112.0,4,M0E1,4.0,,Daniel Michalski,R,180.0,POL,,S0AQ,,,Yuta Shimizu,L,163.0,JPN,,6-2 2-6 6-3,3,R32,110.0,2.0,1.0,72,54.0,35,12.0,12.0,6.0,8.0,2.0,1.0,88.0,55.0,33.0,16.0,13.0,6.0,10,260.0,207,340.0,145
2026-2795,Nonthaburi 2,Hard,32,C,20260112.0,3,Z0CQ,3.0,,Yi Zhou,R,193.0,CHN,,O0AD,,,Neil Oberleitner,R,191.0,AUT,,6-3 6-1,3,R32,60.0,6.0,1.0,50,37.0,26,8.0,8.0,0.0,0.0,4.0,0.0,45.0,25.0,13.0,11.0,8.0,4.0,8,244.0,224,425.0,109
2026-2795,Nonthaburi 2,Hard,32,C,20260112.0,2,S0GR,2.0,,Timofey Skatov,R,173.0,KAZ,,A0CJ,,,Duje Ajdukovic,R,188.0,CRO,,6-3 3-6 6-4,3,R32,139.0,5.0,2.0,81,44.0,34,17.0,14.0,0.0,3.0,8.0,2.0,95.0,53.0,39.0,15.0,14.0,4.0,8,195.0,302,331.0,153
2026-2795,Nonthaburi 2,Hard,32,C,20260112.0,21,M0EA,,,Pol Martin Tiffon,R,183.0,ESP,,U120,5.0,,Kaichi Uchida,R,180.0,JPN,,6-3 6-3,3,R16,65.0,6.0,1.0,55,31.0,26,13.0,9.0,0.0,0.0,2.0,4.0,51.0,26.0,19.0,11.0,9.0,5.0,8,373.0,127,249.0,218
2026-2795,Nonthaburi 2,Hard,32,C,20260112.0,20,S0MN,,,Marat Sharipov,R,188.0,RUS,,M0E1,4.0,,Daniel Michalski,R,180.0,POL,,6-4 6-3,3,R16,72.0,6.0,1.0,52,28.0,21,17.0,10.0,1.0,2.0,2.0,0.0,55.0,35.0,21.0,11.0,9.0,1.0,4,303.0,170,260.0,207
2026-2795,Nonthaburi 2,Hard,32,C,20260112.0,19,Z0CQ,3.0,,Yi Zhou,R,193.0,CHN,,LI10,,,Christian Langmo,R,191.0,USA,,6-3 6-4,3,R16,69.0,8.0,0.0,44,29.0,25,15.0,10.0,0.0,0.0,8.0,2.0,56.0,44.0,32.0,4.0,9.0,5.0,7,244.0,224,347.0,141
2026-2795,Nonthaburi 2,Hard,32,C,20260112.0,18,S0GR,2.0,,Timofey Skatov,R,173.0,KAZ,,S0HR,,,Kasidit Samrej,R,191.0,THA,,6-4 6-2,3,R16,74.0,5.0,1.0,44,28.0,22,12.0,9.0,0.0,1.0,6.0,2.0,52.0,39.0,24.0,6.0,9.0,2.0,6,195.0,302,413.0,114
2026-2795,Nonthaburi 2,Hard,32,C,20260112.0,17,N09U,1.0,,Rio Noguchi,R,168.0,JPN,,N897,,,Sumit Nagal,R,178.0,IND,,2-2 RET,3,R16,24.0,1.0,1.0,11,6.0,5,1.0,2.0,1.0,2.0,1.0,1.0,15.0,7.0,5.0,3.0,2.0,0.0,1,246.0,222,279.0,190
2026-2795,Nonthaburi 2,Hard,32,C,20260112.0,16,N897,,,Sumit Nagal,R,178.0,IND,,TB70,,,Wishaya Trongcharoenchaikul,R,,THA,,6-1 6-3,3,R32,,,,,,,,,,,,,,,,,,,,279.0,190,786.0,35
2026-2795,Nonthaburi 2,Hard,32,C,20260112.0,15,Z09Z,,,Beibit Zhukayev,R,198.0,KAZ,,SX90,8.0,,Fajing Sun,R,178.0,CHN,,6-4 6-1,3,R32,81.0,8.0,6.0,63,33.0,24,17.0,9.0,8.0,9.0,1.0,0.0,50.0,21.0,14.0,12.0,8.0,5.0,9,265.0,201,268.0,200
2026-2795,Nonthaburi 2,Hard,32,C,20260112.0,14,J0D2,,,Maximus Jones,R,185.0,THA,,S0WT,6.0,,Joel Schwaerzler,L,188.0,AUT,,1-6 6-3 6-0,3,R32,92.0,6.0,3.0,73,41.0,30,15.0,11.0,5.0,7.0,7.0,3.0,76.0,48.0,32.0,11.0,11.0,6.0,10,378.0,126,241.0,225
2026-2795,Nonthaburi 2,Hard,32,C,20260112.0,13,U120,5.0,,Kaichi Uchida,R,180.0,JPN,,B0JJ,,,Robin Bertrand,R,178.0,FRA,,3-6 7-5 6-1,3,R32,134.0,12.0,5.0,99,60.0,45,17.0,14.0,10.0,12.0,6.0,6.0,89.0,47.0,36.0,17.0,14.0,7.0,11,249.0,218,298.0,176
2026-2795,Nonthaburi 2,Hard,32,C,20260112.0,12,S0MN,,,Marat Sharipov,R,188.0,RUS,,CH27,,,Hyeon Chung,R,188.0,KOR,,6-3 6-2,3,R32,76.0,11.0,3.0,47,31.0,25,8.0,9.0,2.0,4.0,1.0,4.0,66.0,42.0,21.0,11.0,8.0,9.0,14,303.0,170,423.0,109
2026-2795,Nonthaburi 2,Hard,32,C,20260112.0,11,S0HR,,,Kasidit Samrej,R,191.0,THA,,T0BW,,,James Trotter,R,183.0,JPN,,4-6 6-3 6-4,3,R32,142.0,12.0,3.0,91,68.0,52,13.0,15.0,6.0,7.0,12.0,5.0,98.0,59.0,39.0,23.0,14.0,5.0,7,413.0,114,301.0,173
2026-2795,Nonthaburi 2,Hard,32,C,20260112.0,10,M0EA,,,Pol Martin Tiffon,R,183.0,ESP,,H0BF,,,Philip Henning,R,180.0,RSA,,4-6 7-5 2-0 RET,3,R32,114.0,12.0,4.0,84,56.0,39,11.0,12.0,8.0,12.0,5.0,3.0,79.0,50.0,29.0,15.0,12.0,9.0,14,373.0,127,326.0,156
2026-2795,Nonthaburi 2,Hard,32,C,20260112.0,9,LI10,,,Christian Langmo,R,191.0,USA,,C0AJ,,,Jie Cui,R,183.0,CHN,,7-6(5) 6-2,3,R32,107.0,13.0,3.0,55,45.0,41,5.0,10.0,3.0,3.0,1.0,3.0,79.0,49.0,32.0,15.0,10.0,4.0,6,347.0,141,417.0,112
2026-2795,Nonthaburi 2,Hard,32,C,20260112.0,8,G09C,,,Marek Gengel,R,185.0,CZE,,TD55,,,Renta Tokuda,R,178.0,JPN,,6-7(3) 6-0 6-4,3,R32,115.0,12.0,1.0,83,50.0,39,14.0,14.0,2.0,5.0,0.0,2.0,88.0,50.0,25.0,19.0,14.0,3.0,10,351.0,137,324.0,157
2026-2795,Nonthaburi 2,Hard,32,C,20260112.0,7,B0BU,,,Florent Bax,R,185.0,FRA,,I0B0,,,Andre Ilagan,L,173.0,USA,,6-4 7-6(3),3,R32,117.0,10.0,2.0,82,47.0,43,12.0,11.0,8.0,9.0,2.0,4.0,83.0,53.0,32.0,17.0,11.0,10.0,12,288.0,183,352.0,137
2026-2795,Nonthaburi 2,Hard,32,C,20260112.0,6,B0LQ,,,Petr Bar Biryukov,L,196.0,RUS,,MW76,,,Matteo Martineau,R,183.0,FRA,,5-7 6-3 7-6(2),3,R32,148.0,6.0,3.0,92,56.0,45,26.0,17.0,3.0,5.0,7.0,10.0,105.0,61.0,48.0,22.0,16.0,5.0,7,328.0,156,277.0,193
2026-2795,Nonthaburi 2,Hard,32,C,20260112.0,22,B0BU,,,Florent Bax,R,185.0,FRA,,Z09Z,,,Beibit Zhukayev,R,198.0,KAZ,,6-2 6-4,3,R16,91.0,8.0,2.0,60,31.0,23,20.0,9.0,4.0,4.0,12.0,5.0,62.0,40.0,28.0,9.0,9.0,6.0,9,288.0,183,265.0,201
2026-2795,Nonthaburi 2,Hard,32,C,20260112.0,23,G09C,,,Marek Gengel,R,185.0,CZE,,U134,,,Yasutaka Uchiyama,R,183.0,JPN,,6-4 7-5,3,R16,92.0,2.0,2.0,61,36.0,30,16.0,11.0,1.0,1.0,8.0,2.0,78.0,45.0,31.0,18.0,11.0,9.0,11,351.0,137,307.0,167
2026-2795,Nonthaburi 2,Hard,32,C,20260112.0,24,J0D2,,,Maximus Jones,R,185.0,THA,,B0LQ,,,Petr Bar Biryukov,L,196.0,RUS,,6-2 3-0 RET,3,R16,48.0,4.0,1.0,37,21.0,16,11.0,6.0,3.0,3.0,3.0,2.0,33.0,21.0,13.0,3.0,5.0,3.0,6,378.0,126,328.0,156
2026-2795,Nonthaburi 2,Hard,32,C,20260112.0,25,N09U,1.0,,Rio Noguchi,R,168.0,JPN,,G09C,,,Marek Gengel,R,185.0,CZE,,4-6 7-6(3) 7-5,3,QF,174.0,4.0,4.0,109,62.0,42,21.0,17.0,2.0,8.0,7.0,2.0,130.0,86.0,51.0,21.0,17.0,7.0,13,246.0,222,351.0,137
2026-2795,Nonthaburi 2,Hard,32,C,20260112.0,26,S0GR,2.0,,Timofey Skatov,R,173.0,KAZ,,B0BU,,,Florent Bax,R,185.0,FRA,,6-2 6-4,3,QF,80.0,3.0,0.0,41,24.0,22,14.0,9.0,0.0,0.0,2.0,6.0,64.0,40.0,29.0,9.0,9.0,2.0,5,195.0,302,288.0,183
2026-2795,Nonthaburi 2,Hard,32,C,20260112.0,27,J0D2,,,Maximus Jones,R,185.0,THA,,Z0CQ,3.0,,Yi Zhou,R,193.0,CHN,,4-6 7-6(4) 6-4,3,QF,151.0,8.0,6.0,102,69.0,57,15.0,16.0,5.0,6.0,14.0,3.0,101.0,67.0,53.0,18.0,16.0,4.0,5,378.0,126,244.0,224
2026-2795,Nonthaburi 2,Hard,32,C,20260112.0,28,M0EA,,,Pol Martin Tiffon,R,183.0,ESP,,S0MN,,,Marat Sharipov,R,188.0,RUS,,2-6 6-2 7-6(13),3,QF,136.0,10.0,8.0,114,68.0,49,24.0,14.0,9.0,11.0,17.0,2.0,93.0,56.0,46.0,18.0,14.0,1.0,3,373.0,127,303.0,170
2026-2795,Nonthaburi 2,Hard,32,C,20260112.0,29,J0D2,,,Maximus Jones,R,185.0,THA,,N09U,1.0,,Rio Noguchi,R,168.0,JPN,,4-6 6-1 6-2,3,SF,144.0,7.0,1.0,89,52.0,35,19.0,13.0,11.0,15.0,2.0,4.0,88.0,55.0,31.0,12.0,12.0,9.0,16,378.0,126,246.0,222
2026-2795,Nonthaburi 2,Hard,32,C,20260112.0,30,M0EA,,,Pol Martin Tiffon,R,183.0,ESP,,S0GR,2.0,,Timofey Skatov,R,173.0,KAZ,,6-2 6-4,3,SF,83.0,4.0,2.0,48,31.0,26,10.0,9.0,0.0,0.0,4.0,2.0,51.0,28.0,17.0,13.0,9.0,1.0,4,373.0,127,195.0,302
2026-2795,Nonthaburi 2,Hard,32,C,20260112.0,31,M0EA,,,Pol Martin Tiffon,R,183.0,ESP,,J0D2,,,Maximus Jones,R,185.0,THA,,6-4 3-6 6-4,3,F,131.0,4.0,4.0,78,37.0,29,22.0,14.0,2.0,5.0,9.0,0.0,91.0,60.0,40.0,14.0,15.0,4.0,8,373.0,127,378.0,126
2026-1210,Buenos Aires,Clay,32,C,20260112.0,1,RH59,1.0,,Santiago Rodriguez Taverna,R,191.0,ARG,,B0C0,,,Gabi Adrian Boitan,R,185.0,ROU,,5-7 7-5 1-0 RET,3,R32,,,,,,,,,,,,,,,,,,,,227.0,250,325.0,157
2026-1210,Buenos Aires,Clay,32,C,20260112.0,2,M0OH,2.0,,Lautaro Midon,R,180.0,ARG,,LA54,,,Wilson Leite,R,178.0,BRA,,6-2 3-6 6-2,3,R32,159.0,9.0,3.0,80,45.0,28,20.0,12.0,9.0,13.0,1.0,2.0,100.0,56.0,32.0,16.0,13.0,10.0,17,234.0,243,813.0,33
2026-1210,Buenos Aires,Clay,32,C,20260112.0,3,CC66,3.0,,Andrea Collarini,L,183.0,ARG,,A0IK,,,Luciano Emanuel Ambrogi,R,188.0,ARG,,6-4 6-1,3,R32,93.0,0.0,3.0,57,34.0,22,15.0,9.0,3.0,4.0,1.0,6.0,54.0,32.0,17.0,11.0,8.0,3.0,7,240.0,228,435.0,107
2026-1210,Buenos Aires,Clay,32,C,20260112.0,4,DC48,4.0,,Murkel Dellien,R,193.0,BOL,,A0JW,,,Joaquin Aguilar Cardozo,R,168.0,URY,,6-3 2-6 6-4,3,R32,144.0,3.0,2.0,82,45.0,27,21.0,14.0,2.0,6.0,1.0,1.0,92.0,66.0,42.0,12.0,13.0,7.0,11,251.0,218,597.0,62
2026-1210,Buenos Aires,Clay,32,C,20260112.0,5,SG56,,,Daniel Dutra Da Silva,L,,BRA,,KC29,6.0,,Nicolas Kicker,R,178.0,ARG,,6-3 6-4,3,R32,107.0,5.0,1.0,63,41.0,32,12.0,10.0,2.0,2.0,1.0,2.0,63.0,35.0,24.0,13.0,9.0,2.0,4,339.0,146,257.0,210
2026-1210,Buenos Aires,Clay,32,C,20260112.0,6,B0FI,7.0,,Pedro Boscardin Dias,R,180.0,BRA,,A0G7,,,Valerio Aboian,L,183.0,ARG,,7-6(4) 7-6(6),3,R32,156.0,2.0,4.0,81,50.0,36,18.0,12.0,1.0,3.0,6.0,5.0,93.0,54.0,40.0,19.0,12.0,8.0,10,275.0,197,523.0,78
2026-7916,Glasgow,Hard,32,C,20260112.0,23,G0IB,,,Tom Gentzsch,R,191.0,GER,,M0BN,,,Marvin Moeller,R,178.0,GER,,7-5 6-2,3,R16,89.0,3.0,0.0,58,41.0,29,12.0,10.0,1.0,2.0,7.0,4.0,75.0,50.0,29.0,12.0,10.0,9.0,13,283.0,187,459.0,97
2026-7916,Glasgow,Hard,32,C,20260112.0,22,B0OU,,,Hynek Barton,R,183.0,CZE,,Y171,,,Denis Yevseyev,R,188.0,KAZ,,6-2 6-2,3,R16,66.0,8.0,0.0,61,42.0,34,6.0,8.0,6.0,6.0,0.0,1.0,58.0,40.0,23.0,6.0,8.0,5.0,9,300.0,175,379.0,126
2026-7916,Glasgow,Hard,32,C,20260112.0,21,BV21,,,Charles Broom,R,178.0,GBR,,S0AK,8.0,,Henri Squire,R,196.0,GER,,6-4 7-6(6),3,R16,75.0,13.0,0.0,69,46.0,40,12.0,11.0,1.0,1.0,8.0,4.0,66.0,47.0,37.0,9.0,11.0,1.0,2,304.0,169,276.0,195
2026-7916,Glasgow,Hard,32,C,20260112.0,20,BI23,,,Liam Broady,L,183.0,GBR,,KC33,4.0,,Dimitar Kuzmanov,R,183.0,BUL,,7-6(3) 6-7(6) 6-2,3,R16,167.0,8.0,1.0,98,69.0,47,20.0,16.0,4.0,6.0,6.0,2.0,118.0,84.0,51.0,19.0,16.0,9.0,13,296.0,176,263.0,202
2026-7916,Glasgow,Hard,32,C,20260112.0,19,K926,,,Mikhail Kukushkin,R,183.0,KAZ,,BU70,3.0,,Remy Bertola,R,175.0,SUI,,6-1 6-2,3,R16,63.0,1.0,0.0,45,25.0,18,12.0,8.0,0.0,1.0,3.0,3.0,41.0,27.0,12.0,5.0,7.0,2.0,7,293.0,178,255.0,212
2026-7916,Glasgow,Hard,32,C,20260112.0,18,C0BH,2.0,,Clement Chidekh,R,180.0,FRA,,MN20,,,Daniel Masur,R,183.0,GER,,7-6(5) 5-7 7-6(0),3,R16,157.0,9.0,2.0,114,86.0,66,11.0,18.0,3.0,7.0,22.0,5.0,114.0,89.0,62.0,12.0,18.0,5.0,8,215.0,264,510.0,83
2026-7916,Glasgow,Hard,32,C,20260112.0,17,M0ON,1.0,,Johannus Monday,L,198.0,GBR,,G0AO,,,Alastair Gray,R,193.0,GBR,,7-6(3) 7-6(3),3,R16,103.0,7.0,0.0,81,61.0,45,15.0,12.0,5.0,5.0,16.0,2.0,77.0,48.0,42.0,13.0,12.0,1.0,1,218.0,261,312.0,165
2026-7916,Glasgow,Hard,32,C,20260112.0,16,K926,,,Mikhail Kukushkin,R,183.0,KAZ,,S0BT,,,Adria Soriano Barrera,R,191.0,COL,,6-2 7-6(5),3,R32,97.0,2.0,0.0,60,47.0,37,9.0,10.0,2.0,2.0,6.0,1.0,73.0,49.0,33.0,12.0,10.0,5.0,7,293.0,178,355.0,135
2026-7916,Glasgow,Hard,32,C,20260112.0,15,BV21,,,Charles Broom,R,178.0,GBR,,N731,,,Christoph Negritu,R,193.0,GER,,6-7(3) 6-4 7-6(3),3,R32,136.0,16.0,1.0,92,53.0,49,23.0,17.0,0.0,1.0,13.0,1.0,113.0,63.0,48.0,26.0,17.0,0.0,2,304.0,169,359.0,132
2026-7916,Glasgow,Hard,32,C,20260112.0,14,BI23,,,Liam Broady,L,183.0,GBR,,D0CN,,,Miguel Damas,R,208.0,ESP,,6-0 6-0,3,R32,54.0,3.0,0.0,41,31.0,24,5.0,6.0,3.0,3.0,0.0,2.0,38.0,24.0,8.0,3.0,6.0,3.0,9,296.0,176,318.0,159
2026-7916,Glasgow,Hard,32,C,20260112.0,13,GB93,,,Norbert Gombos,R,193.0,SVK,,B0MM,7.0,,Edas Butvilas,R,191.0,LTU,,7-5 3-6 6-3,3,R32,125.0,6.0,1.0,90,59.0,42,17.0,15.0,5.0,8.0,7.0,3.0,91.0,44.0,32.0,22.0,15.0,4.0,8,315.0,164,273.0,199
2026-7916,Glasgow,Hard,32,C,20260112.0,12,KC33,4.0,,Dimitar Kuzmanov,R,183.0,BUL,,J0A4,,,Paul Jubb,R,180.0,GBR,,6-2 6-3,3,R32,66.0,3.0,4.0,50,37.0,30,6.0,8.0,1.0,1.0,1.0,3.0,55.0,33.0,21.0,9.0,9.0,5.0,9,263.0,202,360.0,131
2026-7916,Glasgow,Hard,32,C,20260112.0,11,BU70,3.0,,Remy Bertola,R,175.0,SUI,,K0CJ,,,Sandro Kopp,R,185.0,AUT,,4-6 6-3 7-6(2),3,R32,122.0,7.0,3.0,97,65.0,51,17.0,16.0,4.0,6.0,7.0,0.0,85.0,74.0,53.0,6.0,15.0,2.0,4,255.0,212,302.0,171
2026-7916,Glasgow,Hard,32,C,20260112.0,10,W0AH,,,Harry Wendelken,R,178.0,GBR,,KE64,,,Stefan Kozlov,R,183.0,USA,,6-1 3-6 6-4,3,R32,136.0,6.0,3.0,80,36.0,28,23.0,13.0,4.0,7.0,7.0,5.0,74.0,45.0,31.0,10.0,13.0,3.0,8,316.0,164,280.0,190
2026-7916,Glasgow,Hard,32,C,20260112.0,9,MN20,,,Daniel Masur,R,183.0,GER,,K0HG,,,Milos Karol,R,198.0,SVK,,7-6(9) 7-6(4),3,R32,110.0,10.0,4.0,87,51.0,43,22.0,12.0,2.0,2.0,14.0,4.0,82.0,51.0,45.0,16.0,12.0,0.0,0,510.0,83,447.0,102
2026-7916,Glasgow,Hard,32,C,20260112.0,8,G0AO,,,Alastair Gray,R,193.0,GBR,,H0DC,,,Giles Hussey,L,185.0,GBR,,6-3 6-4,3,R32,76.0,6.0,3.0,61,33.0,25,16.0,10.0,3.0,4.0,2.0,3.0,58.0,36.0,23.0,10.0,9.0,2.0,5,312.0,165,350.0,139
2026-7916,Glasgow,Hard,32,C,20260112.0,7,G0IB,,,Tom Gentzsch,R,191.0,GER,,O0BI,,,Carl Emil Overbeck,R,193.0,DEN,,7-6(2) 6-2,3,R32,72.0,9.0,2.0,65,49.0,37,9.0,10.0,5.0,6.0,2.0,2.0,53.0,36.0,21.0,12.0,10.0,1.0,4,283.0,187,514.0,81
2026-7916,Glasgow,Hard,32,C,20260112.0,6,B0OU,,,Hynek Barton,R,183.0,CZE,,E0AC,,,Mathys Erhard,R,188.0,FRA,,7-6(12) 6-2,3,R32,107.0,8.0,2.0,76,37.0,29,22.0,10.0,3.0,4.0,1.0,2.0,75.0,43.0,28.0,16.0,10.0,2.0,5,300.0,175,329.0,156
2026-7916,Glasgow,Hard,32,C,20260112.0,5,S0AK,8.0,,Henri Squire,R,196.0,GER,,M0NJ,,,Lui Maxted,R,180.0,GBR,,6-1 3-6 6-3,3,R32,98.0,6.0,4.0,73,52.0,40,13.0,13.0,2.0,3.0,8.0,2.0,79.0,55.0,38.0,10.0,12.0,7.0,10,276.0,195,491.0,87
2026-7916,Glasgow,Hard,32,C,20260112.0,4,Y171,,,Denis Yevseyev,R,188.0,KAZ,,P0K4,6.0,,Tiago Pereira,R,0.0,PRT,,6-4 6-2,3,R32,75.0,4.0,0.0,63,47.0,31,8.0,9.0,1.0,3.0,2.0,4.0,61.0,34.0,16.0,13.0,9.0,4.0,9,379.0,126,264.0,202
2026-7916,Glasgow,Hard,32,C,20260112.0,3,M0BN,,,Marvin Moeller,R,178.0,GER,,SN54,5.0,,Frederico Ferreira Silva,L,178.0,POR,,6-3 1-0 RET,3,R32,40.0,6.0,1.0,27,21.0,17,1.0,5.0,0.0,1.0,0.0,2.0,39.0,28.0,14.0,4.0,5.0,1.0,4,459.0,97,262.0,202
2026-7916,Glasgow,Hard,32,C,20260112.0,2,C0BH,2.0,,Clement Chidekh,R,180.0,FRA,,S0TX,,,Henry Searle,L,193.0,GBR,,7-6(7) 6-4,3,R32,114.0,4.0,3.0,73,50.0,38,12.0,11.0,2.0,3.0,5.0,1.0,85.0,48.0,30.0,21.0,11.0,4.0,6,215.0,264,469.0,94
2026-7916,Glasgow,Hard,32,C,20260112.0,1,M0ON,1.0,,Johannus Monday,L,198.0,GBR,,K0FY,,,Martin Krumich,R,188.0,CZE,,6-3 6-7(3) 6-3,3,R32,140.0,5.0,3.0,96,60.0,43,18.0,16.0,5.0,8.0,8.0,3.0,85.0,57.0,41.0,12.0,14.0,3.0,8,218.0,261,343.0,144
2026-1210,Buenos Aires,Clay,32,C,20260112.0,31,AA27,,,Franco Agamenone,R,191.0,ITA,,CC66,3.0,,Andrea Collarini,L,183.0,ARG,,3-6 6-4 6-2,3,F,159.0,4.0,5.0,81,42.0,30,21.0,13.0,4.0,6.0,0.0,3.0,85.0,49.0,31.0,20.0,14.0,1.0,5,335.0,149,240.0,228
2026-1210,Buenos Aires,Clay,32,C,20260112.0,30,AA27,,,Franco Agamenone,R,191.0,ITA,,DC48,4.0,,Murkel Dellien,R,193.0,BOL,,6-4 7-5,3,SF,,,,,,,,,,,,,,,,,,,,335.0,149,251.0,218
2026-1210,Buenos Aires,Clay,32,C,20260112.0,29,CC66,3.0,,Andrea Collarini,L,183.0,ARG,,V836,5.0,,Juan Pablo Varillas,R,185.0,PER,,1-6 6-2 6-4,3,SF,138.0,2.0,4.0,82,47.0,32,17.0,13.0,1.0,5.0,1.0,1.0,80.0,48.0,30.0,17.0,12.0,5.0,9,240.0,228,253.0,213
2026-1210,Buenos Aires,Clay,32,C,20260112.0,28,AA27,,,Franco Agamenone,R,191.0,ITA,,L0GR,,,Juan Manuel La Serna,L,188.0,ARG,,7-6(5) 6-3,3,QF,149.0,1.0,1.0,81,49.0,32,13.0,10.0,10.0,13.0,0.0,5.0,85.0,53.0,34.0,10.0,11.0,6.0,11,335.0,149,433.0,107
2026-1210,Buenos Aires,Clay,32,C,20260112.0,27,DC48,4.0,,Murkel Dellien,R,193.0,BOL,,S0GZ,,,Nikolas Sanchez Izquierdo,R,185.0,ESP,,6-3 5-7 6-3,3,QF,180.0,2.0,4.0,103,71.0,43,10.0,15.0,7.0,14.0,0.0,5.0,93.0,66.0,31.0,12.0,15.0,5.0,14,251.0,218,305.0,169
2026-1210,Buenos Aires,Clay,32,C,20260112.0,26,CC66,3.0,,Andrea Collarini,L,183.0,ARG,,B0FI,7.0,,Pedro Boscardin Dias,R,180.0,BRA,,6-4 6-2,3,QF,82.0,1.0,2.0,47,26.0,23,13.0,9.0,0.0,0.0,1.0,3.0,49.0,27.0,16.0,12.0,9.0,2.0,5,240.0,228,275.0,197
2026-1210,Buenos Aires,Clay,32,C,20260112.0,25,V836,5.0,,Juan Pablo Varillas,R,185.0,PER,,M0OH,2.0,,Lautaro Midon,R,180.0,ARG,,6-3 4-6 6-3,3,QF,163.0,3.0,2.0,103,52.0,30,28.0,14.0,10.0,14.0,1.0,4.0,84.0,50.0,32.0,15.0,14.0,7.0,13,253.0,213,234.0,243
2026-1210,Buenos Aires,Clay,32,C,20260112.0,24,S0GZ,,,Nikolas Sanchez Izquierdo,R,185.0,ESP,,SG56,,,Daniel Dutra Da Silva,L,,BRA,,6-2 3-1 RET,3,R16,76.0,3.0,2.0,32,22.0,18,5.0,6.0,0.0,1.0,1.0,3.0,52.0,23.0,15.0,8.0,6.0,4.0,8,305.0,169,339.0,146
2026-1210,Buenos Aires,Clay,32,C,20260112.0,23,AA27,,,Franco Agamenone,R,191.0,ITA,,P0DF,8.0,,Matheus Pucinelli De Almeida,R,183.0,BRA,,6-4 6-2,3,R16,98.0,1.0,2.0,56,35.0,24,9.0,9.0,1.0,3.0,1.0,4.0,60.0,40.0,24.0,7.0,9.0,4.0,9,335.0,149,297.0,176
2026-1210,Buenos Aires,Clay,32,C,20260112.0,22,B0FI,7.0,,Pedro Boscardin Dias,R,180.0,BRA,,E0DI,,,Juan Estevez,R,170.0,ARG,,4-6 7-6(2) 6-4,3,R16,156.0,3.0,3.0,104,65.0,49,17.0,16.0,5.0,8.0,1.0,3.0,98.0,62.0,44.0,17.0,16.0,0.0,3,275.0,197,474.0,93
2026-1210,Buenos Aires,Clay,32,C,20260112.0,21,V836,5.0,,Juan Pablo Varillas,R,185.0,PER,,SL94,,,Pedro Sakamoto,R,178.0,BRA,,6-4 RET,3,R16,48.0,2.0,0.0,28,13.0,10,11.0,5.0,0.0,0.0,1.0,1.0,29.0,14.0,11.0,7.0,5.0,0.0,1,253.0,213,375.0,127
2026-1210,Buenos Aires,Clay,32,C,20260112.0,20,DC48,4.0,,Murkel Dellien,R,193.0,BOL,,Z0CO,,,Maximo Zeitune,R,196.0,ARG,,6-0 3-6 6-1,3,R16,106.0,1.0,3.0,56,43.0,32,9.0,11.0,1.0,3.0,0.0,2.0,67.0,41.0,21.0,13.0,11.0,9.0,15,251.0,218,835.0,30
2026-1210,Buenos Aires,Clay,32,C,20260112.0,19,CC66,3.0,,Andrea Collarini,L,183.0,ARG,,R0HP,,,Lucio Ratti,R,183.0,ARG,,6-4 6-2,3,R16,87.0,5.0,1.0,51,28.0,23,16.0,9.0,1.0,1.0,3.0,1.0,54.0,36.0,20.0,11.0,9.0,0.0,3,240.0,228,607.0,60
2026-1210,Buenos Aires,Clay,32,C,20260112.0,18,M0OH,2.0,,Lautaro Midon,R,180.0,ARG,,P0CY,,,Stefan Palosi,R,180.0,ROU,,6-3 6-2,3,R16,74.0,11.0,0.0,59,37.0,33,9.0,9.0,1.0,1.0,2.0,2.0,47.0,24.0,17.0,8.0,8.0,4.0,7,234.0,243,507.0,84
2026-1210,Buenos Aires,Clay,32,C,20260112.0,17,L0GR,,,Juan Manuel La Serna,L,188.0,ARG,,RH59,1.0,,Santiago Rodriguez Taverna,R,191.0,ARG,,7-6(3) 6-3,3,R16,122.0,3.0,1.0,70,47.0,32,13.0,11.0,3.0,6.0,2.0,2.0,82.0,53.0,29.0,15.0,10.0,7.0,11,433.0,107,227.0,250
2026-1210,Buenos Aires,Clay,32,C,20260112.0,16,S0GZ,,,Nikolas Sanchez Izquierdo,R,185.0,ESP,,S0T1,,,Joao Eduardo Schiessl,L,180.0,BRA,,3-6 6-2 6-2,3,R32,136.0,4.0,5.0,93,60.0,41,18.0,12.0,10.0,11.0,2.0,0.0,73.0,52.0,30.0,14.0,13.0,3.0,7,305.0,169,488.0,88
2026-1210,Buenos Aires,Clay,32,C,20260112.0,15,SL94,,,Pedro Sakamoto,R,178.0,BRA,,O376,,,Renzo Olivo,R,178.0,ARG,,6-4 1-0 RET,3,R32,41.0,1.0,1.0,25,17.0,17,6.0,5.0,0.0,0.0,1.0,1.0,31.0,22.0,14.0,5.0,6.0,0.0,2,375.0,127,511.0,82
2026-1210,Buenos Aires,Clay,32,C,20260112.0,14,L0GR,,,Juan Manuel La Serna,L,188.0,ARG,,T0DM,,,Juan Bautista Torres,R,178.0,ARG,,6-3 2-6 6-4,3,R32,154.0,3.0,2.0,80,54.0,32,14.0,13.0,5.0,10.0,1.0,5.0,92.0,59.0,37.0,14.0,14.0,4.0,10,433.0,107,358.0,133
2026-1210,Buenos Aires,Clay,32,C,20260112.0,13,P0DF,8.0,,Matheus Pucinelli De Almeida,R,183.0,BRA,,D0AR,,,Mateus Alves,R,193.0,BRA,,7-6(1) 7-5,3,R32,134.0,11.0,5.0,73,44.0,31,19.0,12.0,4.0,7.0,3.0,1.0,78.0,43.0,26.0,17.0,12.0,3.0,7,297.0,176,460.0,97
2026-1210,Buenos Aires,Clay,32,C,20260112.0,12,V836,5.0,,Juan Pablo Varillas,R,185.0,PER,,V821,,,Gonzalo Villanueva,R,175.0,ARG,,6-4 6-3,3,R32,98.0,8.0,5.0,69,40.0,24,15.0,10.0,8.0,11.0,6.0,2.0,54.0,34.0,19.0,9.0,9.0,4.0,9,253.0,213,344.0,144
2026-1210,Buenos Aires,Clay,32,C,20260112.0,11,Z0CO,,,Maximo Zeitune,R,196.0,ARG,,G0C4,,,Alexis Gurmendi,,,ARG,,3-6 6-2 3-2 RET,3,R32,125.0,4.0,2.0,73,49.0,36,8.0,11.0,4.0,7.0,2.0,6.0,81.0,44.0,28.0,15.0,11.0,5.0,9,835.0,30,1384.0,5
2026-1210,Buenos Aires,Clay,32,C,20260112.0,10,R0HP,,,Lucio Ratti,R,183.0,ARG,,P0MJ,,,Dante Pagani,R,185.0,ARG,,6-4 6-2,3,R32,99.0,0.0,5.0,66,42.0,27,11.0,9.0,6.0,8.0,0.0,4.0,56.0,29.0,13.0,15.0,9.0,5.0,10,607.0,60,976.0,18
2026-1210,Buenos Aires,Clay,32,C,20260112.0,9,P0CY,,,Stefan Palosi,R,180.0,ROU,,R0BC,,,Lorenzo Joaquin Rodriguez,R,196.0,ARG,,6-2 7-5,3,R32,125.0,4.0,1.0,68,43.0,31,12.0,10.0,4.0,5.0,4.0,6.0,99.0,61.0,35.0,16.0,10.0,11.0,15,507.0,84,446.0,103
2026-1210,Buenos Aires,Clay,32,C,20260112.0,8,E0DI,,,Juan Estevez,R,170.0,ARG,,J0AW,,,Guido Ivan Justo,R,178.0,ARG,,7-6(2) 6-2,3,R32,122.0,2.0,5.0,83,52.0,37,14.0,10.0,9.0,11.0,4.0,7.0,75.0,35.0,24.0,16.0,10.0,5.0,9,474.0,93,372.0,128
2026-1210,Buenos Aires,Clay,32,C,20260112.0,7,AA27,,,Franco Agamenone,R,191.0,ITA,,K0HN,,,Bruno Kuzuhara,R,175.0,USA,,6-2 6-3,3,R32,78.0,2.0,0.0,47,33.0,26,8.0,8.0,2.0,2.0,0.0,6.0,53.0,30.0,20.0,9.0,9.0,4.0,8,335.0,149,531.0,77
2026-7916,Glasgow,Hard,32,C,20260112.0,31,C0BH,2.0,,Clement Chidekh,R,180.0,FRA,,K926,,,Mikhail Kukushkin,R,183.0,KAZ,,5-7 6-1 4-0 RET,3,F,128.0,5.0,1.0,63,40.0,27,12.0,12.0,1.0,5.0,5.0,1.0,88.0,47.0,28.0,11.0,11.0,8.0,15,215.0,264,293.0,178
2026-7916,Glasgow,Hard,32,C,20260112.0,30,K926,,,Mikhail Kukushkin,R,183.0,KAZ,,B0OU,,,Hynek Barton,R,183.0,CZE,,6-4 7-6(4),3,SF,103.0,2.0,0.0,71,43.0,28,21.0,11.0,1.0,2.0,14.0,1.0,77.0,52.0,37.0,11.0,11.0,2.0,4,293.0,178,300.0,175
2026-7916,Glasgow,Hard,32,C,20260112.0,29,C0BH,2.0,,Clement Chidekh,R,180.0,FRA,,GB93,,,Norbert Gombos,R,193.0,SVK,,6-3 6-7(8) 6-4,3,SF,161.0,9.0,2.0,116,84.0,56,13.0,16.0,9.0,13.0,6.0,0.0,107.0,67.0,41.0,19.0,15.0,10.0,16,215.0,264,315.0,164
2026-7916,Glasgow,Hard,32,C,20260112.0,28,K926,,,Mikhail Kukushkin,R,183.0,KAZ,,G0IB,,,Tom Gentzsch,R,191.0,GER,,6-2 6-4,3,QF,85.0,4.0,0.0,55,30.0,22,17.0,9.0,0.0,0.0,12.0,1.0,65.0,47.0,29.0,7.0,9.0,4.0,7,293.0,178,283.0,187
2026-7916,Glasgow,Hard,32,C,20260112.0,27,GB93,,,Norbert Gombos,R,193.0,SVK,,BI23,,,Liam Broady,L,183.0,GBR,,6-2 3-6 6-1,3,QF,110.0,3.0,2.0,74,49.0,37,11.0,12.0,2.0,4.0,4.0,1.0,70.0,46.0,27.0,10.0,12.0,2.0,7,315.0,164,296.0,176
2026-7916,Glasgow,Hard,32,C,20260112.0,26,C0BH,2.0,,Clement Chidekh,R,180.0,FRA,,BV21,,,Charles Broom,R,178.0,GBR,,6-4 6-3,3,QF,74.0,6.0,1.0,58,44.0,34,9.0,10.0,1.0,1.0,5.0,2.0,55.0,41.0,29.0,6.0,9.0,3.0,5,215.0,264,304.0,169
2026-7916,Glasgow,Hard,32,C,20260112.0,25,B0OU,,,Hynek Barton,R,183.0,CZE,,M0ON,1.0,,Johannus Monday,L,198.0,GBR,,7-6(2) 6-3,3,QF,80.0,17.0,1.0,64,41.0,34,14.0,10.0,2.0,2.0,6.0,2.0,69.0,44.0,30.0,13.0,11.0,0.0,2,300.0,175,218.0,261
2026-7916,Glasgow,Hard,32,C,20260112.0,24,GB93,,,Norbert Gombos,R,193.0,SVK,,W0AH,,,Harry Wendelken,R,178.0,GBR,,6-3 7-6(5),3,R16,108.0,8.0,2.0,72,46.0,34,15.0,11.0,3.0,4.0,3.0,4.0,74.0,38.0,32.0,14.0,10.0,6.0,8,315.0,164,316.0,164
2026-3053,Itajai,Clay,32,C,20260119.0,8,B0C0,,,Gabi Adrian Boitan,R,185.0,ROU,,CC66,,,Andrea Collarini,L,183.0,ARG,,1-6 6-2 6-3,3,R32,116.0,7.0,11.0,76,37.0,29,14.0,12.0,5.0,9.0,1.0,7.0,68.0,39.0,24.0,10.0,12.0,2.0,7,331.0,157,233.0,247
2026-3053,Itajai,Clay,32,C,20260119.0,7,AA27,,,Franco Agamenone,R,191.0,ITA,,V836,,,Juan Pablo Varillas,R,185.0,PER,,7-6(5) 6-2,3,R32,127.0,0.0,3.0,80,44.0,29,20.0,10.0,4.0,6.0,2.0,0.0,68.0,37.0,23.0,15.0,10.0,2.0,6,279.0,198,244.0,227
2026-3053,Itajai,Clay,32,C,20260119.0,6,SX91,8.0,,Thiago Seyboth Wild,R,185.0,BRA,,M0OH,,,Lautaro Midon,R,180.0,ARG,,6-3 6-4,3,R32,102.0,1.0,5.0,67,33.0,25,18.0,10.0,5.0,7.0,2.0,3.0,58.0,27.0,14.0,16.0,9.0,2.0,6,217.0,263,232.0,247
2026-3053,Itajai,Clay,32,C,20260119.0,5,B0GR,7.0,,Gonzalo Bueno,R,173.0,PER,,D0AR,,,Mateus Alves,R,193.0,BRA,,4-6 6-2 6-2,3,R32,151.0,3.0,3.0,83,49.0,37,16.0,13.0,4.0,6.0,4.0,6.0,89.0,54.0,34.0,15.0,13.0,5.0,10,215.0,271,461.0,97
2026-3053,Itajai,Clay,32,C,20260119.0,4,S0GZ,,,Nikolas Sanchez Izquierdo,R,185.0,ESP,,R0A7,6.0,,Joao Lucas Reis Da Silva,R,178.0,BRA,,6-4 6-2,3,R32,89.0,2.0,5.0,53,31.0,25,10.0,9.0,1.0,2.0,1.0,2.0,60.0,34.0,20.0,11.0,9.0,3.0,7,306.0,176,207.0,284
2026-3053,Itajai,Clay,32,C,20260119.0,3,G0DH,4.0,,Alvaro Guillen Meza,R,175.0,ECU,,KC29,,,Nicolas Kicker,R,178.0,ARG,,6-3 6-2,3,R32,97.0,3.0,4.0,56,33.0,25,9.0,9.0,3.0,5.0,0.0,1.0,60.0,40.0,23.0,5.0,8.0,5.0,10,195.0,305,258.0,210
2026-3053,Itajai,Clay,32,C,20260119.0,2,B0GY,3.0,,Alex Barrena,R,175.0,ARG,,V821,,,Gonzalo Villanueva,R,175.0,ARG,,6-4 6-2,3,R32,95.0,1.0,5.0,76,36.0,19,20.0,9.0,5.0,9.0,0.0,5.0,49.0,25.0,10.0,7.0,9.0,4.0,11,190.0,312,349.0,144
2026-3053,Itajai,Clay,32,C,20260119.0,17,B0GY,3.0,,Alex Barrena,R,175.0,ARG,,B0C0,,,Gabi Adrian Boitan,R,185.0,ROU,,6-4 7-5,3,R16,128.0,4.0,4.0,86,44.0,27,17.0,11.0,9.0,14.0,1.0,9.0,72.0,42.0,26.0,9.0,11.0,7.0,14,190.0,312,331.0,157
2026-3053,Itajai,Clay,32,C,20260119.0,16,O660,,,Genaro Alberto Olivieri,R,175.0,ARG,,B0FI,,,Pedro Boscardin Dias,R,180.0,BRA,,7-6(2) 6-2,3,R32,145.0,1.0,2.0,74,56.0,36,10.0,10.0,8.0,11.0,0.0,5.0,104.0,52.0,30.0,21.0,10.0,10.0,15,231.0,247,268.0,201
2026-3053,Itajai,Clay,32,C,20260119.0,15,RD48,,,Igor Marcondes,L,185.0,BRA,,MW75,,,Felipe Meligeni Alves,R,185.0,BRA,,6-1 6-2,3,R32,73.0,4.0,3.0,52,33.0,26,10.0,8.0,1.0,1.0,1.0,1.0,47.0,29.0,14.0,8.0,7.0,3.0,7,402.0,118,225.0,251
2026-3053,Itajai,Clay,32,C,20260119.0,14,MJ08,5.0,,Thiago Monteiro,L,183.0,BRA,,S0T1,,,Joao Eduardo Schiessl,L,180.0,BRA,,6-2 6-2,3,R32,71.0,4.0,2.0,51,28.0,24,14.0,8.0,6.0,6.0,1.0,5.0,48.0,28.0,17.0,7.0,8.0,3.0,7,196.0,304,492.0,88
2026-3053,Itajai,Clay,32,C,20260119.0,13,DA31,1.0,,Hugo Dellien,R,180.0,BOL,,P0DF,,,Matheus Pucinelli De Almeida,R,183.0,BRA,,6-4 4-6 7-6(7),3,R32,186.0,0.0,0.0,108,82.0,47,16.0,16.0,2.0,7.0,0.0,7.0,117.0,62.0,38.0,26.0,16.0,8.0,13,137.0,438,297.0,180
2026-3053,Itajai,Clay,32,C,20260119.0,12,R09V,,,Eduardo Ribeiro,R,178.0,BRA,,E0DI,,,Juan Estevez,R,170.0,ARG,,7-5 6-2,3,R32,74.0,4.0,1.0,55,35.0,26,10.0,10.0,1.0,3.0,1.0,3.0,60.0,31.0,17.0,16.0,10.0,8.0,13,462.0,96,455.0,99
2026-3053,Itajai,Clay,32,C,20260119.0,11,P0CY,,,Stefan Palosi,R,180.0,ROU,,DC48,,,Murkel Dellien,R,193.0,BOL,,6-2 2-6 6-4,3,R32,161.0,1.0,1.0,115,81.0,43,18.0,13.0,16.0,21.0,2.0,7.0,80.0,51.0,29.0,13.0,13.0,6.0,12,484.0,90,243.0,228
2026-3053,Itajai,Clay,32,C,20260119.0,10,L0GR,,,Juan Manuel La Serna,L,188.0,ARG,,SG56,,,Daniel Dutra Da Silva,L,,BRA,,6-0 7-5,3,R32,87.0,0.0,4.0,62,49.0,28,4.0,9.0,4.0,8.0,1.0,2.0,54.0,27.0,9.0,10.0,9.0,4.0,12,412.0,115,344.0,147
2026-3053,Itajai,Clay,32,C,20260119.0,9,J0AW,,,Guido Ivan Justo,R,178.0,ARG,,T0DM,,,Juan Bautista Torres,R,178.0,ARG,,7-6(4) 6-2,3,R32,127.0,0.0,1.0,68,37.0,22,19.0,10.0,3.0,6.0,0.0,6.0,69.0,42.0,22.0,11.0,10.0,1.0,6,378.0,128,364.0,133
2026-3055,Soma Bay,Hard,32,C,20260119.0,9,GG65,,,Michael Geerts,R,178.0,BEL,,MW76,,,Matteo Martineau,R,183.0,FRA,,7-6(3) 6-1,3,R32,101.0,5.0,2.0,59,25.0,22,19.0,10.0,1.0,3.0,5.0,5.0,66.0,36.0,23.0,12.0,9.0,6.0,10,293.0,184,282.0,193
2026-3055,Soma Bay,Hard,32,C,20260119.0,8,B0LV,,,Michael Bassem Sobhy,R,,EGY,,K0CJ,,,Sandro Kopp,R,185.0,AUT,,6-4 3-6 6-3,3,R32,144.0,1.0,2.0,102,62.0,41,24.0,14.0,6.0,7.0,12.0,3.0,93.0,65.0,46.0,16.0,14.0,5.0,7,730.0,43,310.0,171
2026-3055,Soma Bay,Hard,32,C,20260119.0,7,A0CJ,,,Duje Ajdukovic,R,188.0,CRO,,G0J9,,,Svyatoslav Gulin,R,178.0,RUS,,7-5 1-6 7-6(2),3,R32,140.0,1.0,3.0,101,63.0,38,16.0,15.0,4.0,11.0,3.0,3.0,100.0,62.0,37.0,18.0,16.0,9.0,15,335.0,153,457.0,98
2026-3055,Soma Bay,Hard,32,C,20260119.0,6,P0J1,8.0,,Rodrigo Pacheco Mendez,L,191.0,MEX,,M0I0,,,Maxwell Mckennon,L,193.0,USA,,6-1 6-4,3,R32,86.0,4.0,4.0,55,27.0,22,17.0,9.0,3.0,3.0,4.0,4.0,58.0,37.0,24.0,7.0,8.0,4.0,7,234.0,247,550.0,73
2026-3055,Soma Bay,Hard,32,C,20260119.0,5,N0CS,7.0,,Lukas Neumayer,R,183.0,AUT,,KC33,,,Dimitar Kuzmanov,R,183.0,BUL,,6-4 6-0,3,R32,69.0,1.0,2.0,47,31.0,23,12.0,8.0,1.0,1.0,0.0,4.0,43.0,30.0,17.0,5.0,8.0,0.0,4,226.0,251,266.0,202
2026-3055,Soma Bay,Hard,32,C,20260119.0,4,CG33,,,Kimmer Coppejans,R,178.0,BEL,,PG20,6.0,,Dmitry Popko,R,191.0,KAZ,,1-6 6-3 6-2,3,R32,146.0,3.0,0.0,87,56.0,34,18.0,12.0,5.0,8.0,2.0,1.0,87.0,59.0,34.0,15.0,12.0,9.0,13,252.0,218,222.0,255
2026-3055,Soma Bay,Hard,32,C,20260119.0,3,HG86,5.0,,Lloyd Harris,R,193.0,RSA,,P0EA,,,Saba Purtseladze,R,191.0,GEO,,6-2 6-2,3,R32,74.0,6.0,0.0,49,32.0,24,11.0,8.0,4.0,4.0,1.0,3.0,53.0,31.0,18.0,10.0,8.0,3.0,7,221.0,256,292.0,185
2026-3055,Soma Bay,Hard,32,C,20260119.0,2,BU54,,,Geoffrey Blancaneaux,R,180.0,FRA,,GA79,4.0,,Lorenzo Giustino,R,180.0,ITA,,6-2 6-1,3,R32,81.0,0.0,3.0,58,39.0,27,11.0,8.0,6.0,7.0,0.0,4.0,43.0,27.0,15.0,4.0,7.0,3.0,8,256.0,212,211.0,279
2026-3055,Soma Bay,Hard,32,C,20260119.0,1,B0MM,,,Edas Butvilas,R,191.0,LTU,,D0H9,1.0,,Guy Den Ouden,R,183.0,NED,,7-5 3-6 6-3,3,R32,137.0,7.0,1.0,84,51.0,39,14.0,15.0,0.0,3.0,3.0,2.0,93.0,62.0,42.0,15.0,15.0,3.0,7,277.0,199,160.0,372
2026-3053,Itajai,Clay,32,C,20260119.0,31,V0DP,2.0,,Adolfo Daniel Vallejo,R,183.0,PAR,,SX91,8.0,,Thiago Seyboth Wild,R,185.0,BRA,,7-5 4-6 6-2,3,F,193.0,9.0,6.0,94,53.0,39,19.0,15.0,5.0,9.0,2.0,4.0,117.0,70.0,41.0,20.0,15.0,13.0,19,146.0,428,217.0,263
2026-3053,Itajai,Clay,32,C,20260119.0,30,SX91,8.0,,Thiago Seyboth Wild,R,185.0,BRA,,B0GY,3.0,,Alex Barrena,R,175.0,ARG,,6-1 6-0,3,SF,62.0,5.0,1.0,38,17.0,15,14.0,7.0,1.0,1.0,2.0,3.0,41.0,19.0,10.0,6.0,6.0,1.0,6,217.0,263,190.0,312
2026-3053,Itajai,Clay,32,C,20260119.0,29,V0DP,2.0,,Adolfo Daniel Vallejo,R,183.0,PAR,,S0GZ,,,Nikolas Sanchez Izquierdo,R,185.0,ESP,,6-4 6-1,3,SF,89.0,2.0,1.0,57,37.0,25,9.0,9.0,2.0,5.0,0.0,3.0,44.0,25.0,12.0,5.0,8.0,2.0,8,146.0,428,306.0,176
2026-3053,Itajai,Clay,32,C,20260119.0,28,S0GZ,,,Nikolas Sanchez Izquierdo,R,185.0,ESP,,P0CY,,,Stefan Palosi,R,180.0,ROU,,6-2 6-3,3,QF,84.0,0.0,1.0,50,28.0,19,14.0,9.0,1.0,3.0,1.0,0.0,46.0,28.0,13.0,7.0,8.0,2.0,7,306.0,176,484.0,90
2026-3053,Itajai,Clay,32,C,20260119.0,27,SX91,8.0,,Thiago Seyboth Wild,R,185.0,BRA,,RD48,,,Igor Marcondes,L,185.0,BRA,,6-2 6-4,3,QF,78.0,4.0,4.0,50,27.0,22,12.0,9.0,1.0,2.0,2.0,2.0,48.0,25.0,14.0,13.0,9.0,3.0,7,217.0,263,402.0,118
2026-3053,Itajai,Clay,32,C,20260119.0,26,B0GY,3.0,,Alex Barrena,R,175.0,ARG,,B0GR,7.0,,Gonzalo Bueno,R,173.0,PER,,6-4 6-3,3,QF,86.0,2.0,4.0,54,27.0,20,15.0,10.0,2.0,4.0,0.0,3.0,59.0,30.0,20.0,12.0,9.0,10.0,14,190.0,312,215.0,271
2026-3053,Itajai,Clay,32,C,20260119.0,25,V0DP,2.0,,Adolfo Daniel Vallejo,R,183.0,PAR,,MJ08,5.0,,Thiago Monteiro,L,183.0,BRA,,6-2 4-6 6-3,3,QF,169.0,5.0,5.0,89,47.0,37,15.0,14.0,6.0,10.0,4.0,2.0,98.0,59.0,32.0,17.0,13.0,13.0,19,146.0,428,196.0,304
2026-3055,Soma Bay,Hard,32,C,20260119.0,25,P0HT,3.0,,Jack Pinnington Jones,R,180.0,GBR,,Z09F,,,Patrick Zahraj,R,191.0,GER,,6-1 6-2,3,QF,65.0,5.0,0.0,43,28.0,23,11.0,8.0,2.0,2.0,0.0,5.0,40.0,19.0,11.0,8.0,7.0,1.0,5,197.0,300,280.0,198
2026-3055,Soma Bay,Hard,32,C,20260119.0,24,Z09F,,,Patrick Zahraj,R,191.0,GER,,CG33,,,Kimmer Coppejans,R,178.0,BEL,,7-6(4) 6-4,3,R16,135.0,3.0,6.0,81,44.0,28,17.0,11.0,8.0,12.0,5.0,2.0,68.0,44.0,25.0,10.0,11.0,5.0,10,280.0,198,252.0,218
2026-3055,Soma Bay,Hard,32,C,20260119.0,23,GH92,,,Borna Gojo,R,196.0,CRO,,S0WT,,,Joel Schwaerzler,L,188.0,AUT,,6-4 6-1,3,R16,80.0,10.0,0.0,63,40.0,30,11.0,9.0,1.0,3.0,4.0,2.0,50.0,33.0,19.0,4.0,8.0,1.0,6,289.0,186,245.0,225
2026-3055,Soma Bay,Hard,32,C,20260119.0,22,N0CS,7.0,,Lukas Neumayer,R,183.0,AUT,,B0LV,,,Michael Bassem Sobhy,R,,EGY,,6-1 7-6(3),3,R16,91.0,6.0,2.0,60,41.0,32,14.0,10.0,1.0,1.0,4.0,4.0,72.0,44.0,30.0,14.0,9.0,5.0,7,226.0,251,730.0,43
2026-3055,Soma Bay,Hard,32,C,20260119.0,21,P0HT,3.0,,Jack Pinnington Jones,R,180.0,GBR,,DC76,,,Viktor Durasovic,R,185.0,NOR,,6-1 6-4,3,R16,71.0,3.0,1.0,44,25.0,22,12.0,9.0,0.0,1.0,6.0,2.0,46.0,28.0,19.0,5.0,8.0,4.0,8,197.0,300,329.0,157
2026-3055,Soma Bay,Hard,32,C,20260119.0,20,M0SE,,,Maxim Mrva,R,178.0,CZE,,BU54,,,Geoffrey Blancaneaux,R,180.0,FRA,,6-2 6-4,3,R16,97.0,2.0,1.0,65,47.0,33,5.0,9.0,3.0,6.0,0.0,3.0,64.0,36.0,19.0,9.0,9.0,2.0,8,348.0,144,256.0,212
2026-3055,Soma Bay,Hard,32,C,20260119.0,19,B0MM,,,Edas Butvilas,R,191.0,LTU,,A0CJ,,,Duje Ajdukovic,R,188.0,CRO,,6-1 7-6(6),3,R16,112.0,5.0,1.0,81,46.0,33,19.0,10.0,2.0,2.0,4.0,3.0,73.0,44.0,30.0,11.0,9.0,2.0,4,277.0,199,335.0,153
2026-3055,Soma Bay,Hard,32,C,20260119.0,18,P0J1,8.0,,Rodrigo Pacheco Mendez,L,191.0,MEX,,KI48,,,Ergi Kirkin,R,180.0,TUR,,7-5 6-4,3,R16,116.0,2.0,1.0,67,35.0,28,19.0,11.0,2.0,3.0,3.0,1.0,70.0,38.0,28.0,14.0,11.0,7.0,10,234.0,247,556.0,71
2026-3055,Soma Bay,Hard,32,C,20260119.0,17,HG86,5.0,,Lloyd Harris,R,193.0,RSA,,GG65,,,Michael Geerts,R,178.0,BEL,,6-1 6-7(5) 6-1,3,R16,127.0,10.0,0.0,79,64.0,53,9.0,14.0,3.0,3.0,2.0,1.0,86.0,50.0,33.0,18.0,12.0,7.0,11,221.0,256,293.0,184
2026-3055,Soma Bay,Hard,32,C,20260119.0,16,Z09F,,,Patrick Zahraj,R,191.0,GER,,Z0BL,,,Fares Zakaria,R,183.0,EGY,,6-2 6-1,3,R32,,,,,,,,,,,,,,,,,,,,280.0,198,542.0,75
2026-3055,Soma Bay,Hard,32,C,20260119.0,15,DC76,,,Viktor Durasovic,R,185.0,NOR,,PD31,,,Benoit Paire,R,196.0,FRA,,4-6 6-3 6-1,3,R32,103.0,4.0,3.0,85,56.0,35,11.0,13.0,3.0,8.0,8.0,4.0,82.0,43.0,26.0,13.0,13.0,7.0,15,329.0,157,917.0,23
2026-3055,Soma Bay,Hard,32,C,20260119.0,14,P0HT,3.0,,Jack Pinnington Jones,R,180.0,GBR,,G0IB,,,Tom Gentzsch,R,191.0,GER,,6-1 7-6(5),3,R32,99.0,2.0,5.0,66,49.0,41,4.0,10.0,2.0,3.0,2.0,1.0,56.0,36.0,25.0,8.0,9.0,1.0,4,197.0,300,283.0,193
2026-3055,Soma Bay,Hard,32,C,20260119.0,13,GH92,,,Borna Gojo,R,196.0,CRO,,CI14,2.0,,Jay Clarke,R,183.0,GBR,,6-1 6-4,3,R32,92.0,4.0,1.0,61,43.0,32,9.0,9.0,3.0,4.0,0.0,3.0,56.0,31.0,18.0,9.0,8.0,4.0,8,289.0,186,178.0,330
2026-3055,Soma Bay,Hard,32,C,20260119.0,12,S0WT,,,Joel Schwaerzler,L,188.0,AUT,,N679,,,Stefano Napolitano,R,196.0,ITA,,3-6 7-6(0) RET,3,R32,79.0,8.0,1.0,64,41.0,26,13.0,11.0,1.0,4.0,0.0,1.0,62.0,41.0,32.0,8.0,10.0,1.0,2,245.0,225,450.0,101
2026-3055,Soma Bay,Hard,32,C,20260119.0,11,M0SE,,,Maxim Mrva,R,178.0,CZE,,A829,,,Radu Albot,R,175.0,MDA,,6-3 6-1,3,R32,71.0,1.0,2.0,61,42.0,26,12.0,8.0,8.0,9.0,2.0,2.0,54.0,37.0,17.0,10.0,8.0,4.0,9,348.0,144,432.0,108
2026-3055,Soma Bay,Hard,32,C,20260119.0,10,KI48,,,Ergi Kirkin,R,180.0,TUR,,B0T6,,,Thijs Boogaard,R,183.0,,,2-6 6-3 6-3,3,R32,142.0,1.0,1.0,88,59.0,36,17.0,13.0,7.0,10.0,4.0,3.0,82.0,50.0,36.0,11.0,13.0,4.0,8,556.0,71,1184.0,9
2026-3057,Phan Thiet 1,Hard,32,C,20260119.0,10,S0O6,,,Ilia Simakin,R,193.0,RUS,,M0EA,,,Pol Martin Tiffon,R,183.0,ESP,,2-6 6-3 7-5,3,R32,113.0,11.0,5.0,89,48.0,37,22.0,15.0,4.0,6.0,7.0,7.0,89.0,40.0,30.0,26.0,14.0,3.0,5,275.0,199,264.0,202
2026-3057,Phan Thiet 1,Hard,32,C,20260119.0,9,R0JW,,,Michele Ribecai,R,173.0,ITA,,S0KT,,,Stefanos Sakellaridis,R,198.0,GRE,,7-6(9) 6-3,3,R32,112.0,1.0,1.0,82,51.0,33,21.0,11.0,4.0,6.0,12.0,3.0,66.0,42.0,33.0,8.0,10.0,2.0,5,425.0,111,287.0,187
2026-3057,Phan Thiet 1,Hard,32,C,20260119.0,8,KF17,,,Soonwoo Kwon,R,180.0,KOR,,Z0CQ,,,Yi Zhou,R,193.0,CHN,,6-2 6-2,3,R32,69.0,9.0,5.0,42,27.0,22,8.0,8.0,1.0,2.0,2.0,2.0,59.0,34.0,19.0,10.0,8.0,6.0,11,486.0,89,238.0,236
2026-3057,Phan Thiet 1,Hard,32,C,20260119.0,7,B0LQ,,,Petr Bar Biryukov,L,196.0,RUS,,SX90,,,Fajing Sun,R,178.0,CHN,,6-4 6-3,3,R32,81.0,9.0,1.0,52,27.0,26,16.0,10.0,3.0,3.0,1.0,2.0,65.0,38.0,27.0,11.0,9.0,4.0,6,323.0,160,271.0,200
2026-3057,Phan Thiet 1,Hard,32,C,20260119.0,6,B0NO,,,Darwin Blanch,L,185.0,USA,,H09F,8.0,,Yu Hsiou Hsu,R,178.0,TPE,,6-2 3-6 6-2,3,R32,105.0,2.0,3.0,67,31.0,25,19.0,12.0,4.0,6.0,3.0,4.0,85.0,57.0,35.0,13.0,13.0,6.0,11,305.0,176,220.0,257
2026-3057,Phan Thiet 1,Hard,32,C,20260119.0,5,CH27,,,Hyeon Chung,R,188.0,KOR,,PH78,7.0,,Ryan Peniston,L,180.0,GBR,,6-4 6-4,3,R32,118.0,2.0,6.0,71,44.0,30,8.0,10.0,3.0,7.0,3.0,7.0,73.0,50.0,29.0,6.0,10.0,4.0,10,418.0,113,219.0,260
2026-3057,Phan Thiet 1,Hard,32,C,20260119.0,4,G09C,,,Marek Gengel,R,185.0,CZE,,P0AY,6.0,,Luka Pavlovic,R,196.0,FRA,,6-2 6-2,3,R32,62.0,3.0,1.0,39,28.0,24,8.0,8.0,0.0,0.0,9.0,3.0,71.0,35.0,25.0,10.0,8.0,14.0,18,336.0,153,218.0,262
2026-3057,Phan Thiet 1,Hard,32,C,20260119.0,3,R0ED,,,Max Hans Rehberg,R,183.0,GER,,B0QC,5.0,,Gilles Arnaud Bailly,R,180.0,BEL,,3-6 6-1 6-4,3,R32,161.0,7.0,4.0,90,61.0,41,17.0,13.0,7.0,9.0,3.0,2.0,82.0,52.0,32.0,14.0,13.0,3.0,7,549.0,73,208.0,283
2026-3057,Phan Thiet 1,Hard,32,C,20260119.0,2,C0NB,,,Federico Cina,R,185.0,ITA,,C0AK,4.0,,Oliver Crawford,R,180.0,GBR,,6-4 6-3,3,R32,78.0,4.0,0.0,42,21.0,18,18.0,9.0,0.0,0.0,1.0,5.0,66.0,33.0,22.0,17.0,10.0,5.0,8,237.0,240,204.0,292
2026-3057,Phan Thiet 1,Hard,32,C,20260119.0,1,J553,,,Omar Jasika,L,183.0,AUS,,WB08,1.0,,Yosuke Watanuki,R,180.0,JPN,,2-6 6-3 7-5,3,R32,119.0,4.0,3.0,84,51.0,31,20.0,15.0,2.0,7.0,10.0,5.0,86.0,41.0,30.0,20.0,14.0,6.0,11,334.0,155,162.0,364
2026-3055,Soma Bay,Hard,32,C,20260119.0,31,HG86,5.0,,Lloyd Harris,R,193.0,RSA,,P0HT,3.0,,Jack Pinnington Jones,R,180.0,GBR,,6-1 5-2 RET,3,F,75.0,6.0,0.0,36,26.0,22,6.0,7.0,0.0,0.0,1.0,1.0,62.0,39.0,20.0,11.0,7.0,7.0,11,221.0,256,197.0,300
2026-3055,Soma Bay,Hard,32,C,20260119.0,30,HG86,5.0,,Lloyd Harris,R,193.0,RSA,,B0MM,,,Edas Butvilas,R,191.0,LTU,,6-7(2) 7-5 6-3,3,SF,167.0,13.0,0.0,111,80.0,52,20.0,17.0,6.0,8.0,8.0,3.0,112.0,78.0,54.0,18.0,16.0,7.0,11,221.0,256,277.0,199
2026-3055,Soma Bay,Hard,32,C,20260119.0,29,P0HT,3.0,,Jack Pinnington Jones,R,180.0,GBR,,GH92,,,Borna Gojo,R,196.0,CRO,,7-6(5) 6-1,3,SF,92.0,3.0,1.0,69,54.0,41,5.0,10.0,4.0,5.0,5.0,2.0,56.0,36.0,26.0,6.0,9.0,0.0,3,197.0,300,289.0,186
2026-3055,Soma Bay,Hard,32,C,20260119.0,28,B0MM,,,Edas Butvilas,R,191.0,LTU,,P0J1,8.0,,Rodrigo Pacheco Mendez,L,191.0,MEX,,6-1 6-4,3,QF,85.0,6.0,1.0,52,34.0,27,13.0,9.0,2.0,2.0,0.0,2.0,66.0,47.0,26.0,8.0,8.0,9.0,12,277.0,199,234.0,247
2026-3055,Soma Bay,Hard,32,C,20260119.0,27,GH92,,,Borna Gojo,R,196.0,CRO,,N0CS,7.0,,Lukas Neumayer,R,183.0,AUT,,5-7 7-5 6-3,3,QF,150.0,23.0,4.0,93,65.0,54,14.0,17.0,2.0,4.0,2.0,0.0,104.0,64.0,44.0,20.0,16.0,5.0,8,289.0,186,226.0,251
2026-3055,Soma Bay,Hard,32,C,20260119.0,26,HG86,5.0,,Lloyd Harris,R,193.0,RSA,,M0SE,,,Maxim Mrva,R,178.0,CZE,,6-3 5-7 6-2,3,QF,125.0,5.0,1.0,87,65.0,44,12.0,15.0,5.0,9.0,2.0,4.0,87.0,47.0,32.0,15.0,14.0,2.0,8,221.0,256,348.0,144
2026-3057,Phan Thiet 1,Hard,32,C,20260119.0,26,M0GY,,,Lilian Marmousez,R,180.0,FRA,,B0LQ,,,Petr Bar Biryukov,L,196.0,RUS,,6-3 6-1,3,QF,57.0,4.0,1.0,40,18.0,16,16.0,8.0,0.0,0.0,6.0,5.0,50.0,27.0,18.0,7.0,8.0,2.0,6,314.0,167,323.0,160
2026-3057,Phan Thiet 1,Hard,32,C,20260119.0,25,KF17,,,Soonwoo Kwon,R,180.0,KOR,,R0ED,,,Max Hans Rehberg,R,183.0,GER,,6-2 7-6(2),3,QF,90.0,3.0,4.0,63,36.0,31,13.0,10.0,1.0,2.0,1.0,2.0,63.0,39.0,21.0,15.0,10.0,6.0,9,486.0,89,549.0,73
2026-3057,Phan Thiet 1,Hard,32,C,20260119.0,24,M0E1,,,Daniel Michalski,R,180.0,POL,,C0NB,,,Federico Cina,R,185.0,ITA,,6-2 6-4,3,R16,80.0,1.0,1.0,51,25.0,17,15.0,9.0,1.0,3.0,2.0,2.0,54.0,34.0,18.0,9.0,9.0,3.0,8,257.0,211,237.0,240
2026-3057,Phan Thiet 1,Hard,32,C,20260119.0,23,B0NO,,,Darwin Blanch,L,185.0,USA,,R0JW,,,Michele Ribecai,R,173.0,ITA,,6-4 6-7(9) 6-1,3,R16,129.0,14.0,5.0,82,49.0,44,20.0,15.0,0.0,1.0,1.0,5.0,116.0,68.0,44.0,23.0,14.0,9.0,13,305.0,176,425.0,111
2026-3057,Phan Thiet 1,Hard,32,C,20260119.0,22,B0LQ,,,Petr Bar Biryukov,L,196.0,RUS,,G09C,,,Marek Gengel,R,185.0,CZE,,6-4 3-6 7-5,3,R16,122.0,6.0,8.0,98,47.0,33,23.0,16.0,3.0,8.0,8.0,5.0,87.0,55.0,42.0,11.0,15.0,5.0,10,323.0,160,336.0,153
2026-3057,Phan Thiet 1,Hard,32,C,20260119.0,21,M0GY,,,Lilian Marmousez,R,180.0,FRA,,S0GR,3.0,,Timofey Skatov,R,173.0,KAZ,,6-4 6-4,3,R16,97.0,6.0,1.0,62,35.0,26,14.0,10.0,2.0,4.0,1.0,4.0,55.0,33.0,23.0,8.0,10.0,1.0,5,314.0,167,183.0,324
2026-3057,Phan Thiet 1,Hard,32,C,20260119.0,20,S0O6,,,Ilia Simakin,R,193.0,RUS,,J553,,,Omar Jasika,L,183.0,AUS,,6-3 6-0,3,R16,63.0,2.0,2.0,53,27.0,18,15.0,8.0,3.0,4.0,1.0,4.0,52.0,37.0,21.0,2.0,7.0,3.0,8,275.0,199,334.0,155
2026-3057,Phan Thiet 1,Hard,32,C,20260119.0,19,R0ED,,,Max Hans Rehberg,R,183.0,GER,,W0A4,,,Arthur Weber,L,185.0,FRA,,6-3 6-1,3,R16,71.0,2.0,4.0,52,33.0,25,9.0,8.0,4.0,5.0,1.0,4.0,50.0,32.0,16.0,8.0,8.0,2.0,7,549.0,73,439.0,106
2026-3057,Phan Thiet 1,Hard,32,C,20260119.0,18,KF17,,,Soonwoo Kwon,R,180.0,KOR,,B0W9,,,Nikolai Barsukov,R,188.0,GER,,6-1 6-1,3,R16,54.0,5.0,1.0,33,22.0,20,8.0,7.0,0.0,0.0,6.0,10.0,53.0,25.0,17.0,7.0,7.0,4.0,9,486.0,89,1137.0,11
2026-3057,Phan Thiet 1,Hard,32,C,20260119.0,17,B0JJ,,,Robin Bertrand,R,178.0,FRA,,CH27,,,Hyeon Chung,R,188.0,KOR,,6-7(4) 7-6(3) 6-2,3,R16,182.0,4.0,8.0,130,65.0,32,36.0,16.0,15.0,22.0,2.0,14.0,94.0,42.0,29.0,14.0,16.0,3.0,12,307.0,176,418.0,113
2026-3057,Phan Thiet 1,Hard,32,C,20260119.0,16,M0E1,,,Daniel Michalski,R,180.0,POL,,U120,,,Kaichi Uchida,R,180.0,JPN,,3-6 6-3 6-3,3,R32,132.0,9.0,2.0,73,40.0,32,18.0,14.0,1.0,3.0,4.0,6.0,86.0,43.0,27.0,23.0,13.0,6.0,9,257.0,211,248.0,224
2026-3057,Phan Thiet 1,Hard,32,C,20260119.0,15,M0GY,,,Lilian Marmousez,R,180.0,FRA,,T0BW,,,James Trotter,R,183.0,JPN,,7-6(5) 6-7(3) 6-4,3,R32,176.0,5.0,4.0,113,61.0,46,29.0,17.0,6.0,8.0,21.0,4.0,109.0,70.0,51.0,22.0,17.0,5.0,8,314.0,167,309.0,173
2026-3057,Phan Thiet 1,Hard,32,C,20260119.0,14,B0JJ,,,Robin Bertrand,R,178.0,FRA,,D0L3,,,Matej Dodig,R,188.0,CRO,,7-5 5-2 RET,3,R32,83.0,1.0,1.0,48,26.0,21,16.0,9.0,1.0,1.0,3.0,3.0,64.0,36.0,25.0,12.0,10.0,2.0,5,307.0,176,235.0,244
2026-3057,Phan Thiet 1,Hard,32,C,20260119.0,13,S0GR,3.0,,Timofey Skatov,R,173.0,KAZ,,S0MN,,,Marat Sharipov,R,188.0,RUS,,6-7(7) 7-6(5) 4-4 RET,3,R32,190.0,6.0,5.0,118,72.0,47,20.0,16.0,1.0,5.0,13.0,8.0,111.0,59.0,46.0,22.0,16.0,2.0,6,183.0,324,298.0,179
2026-3057,Phan Thiet 1,Hard,32,C,20260119.0,12,B0W9,,,Nikolai Barsukov,R,188.0,GER,,M0N1,2.0,,Luka Mikrut,R,188.0,CRO,,3-6 6-2 7-6(4),3,R32,127.0,7.0,5.0,89,58.0,47,10.0,14.0,3.0,6.0,6.0,5.0,99.0,59.0,40.0,20.0,15.0,8.0,12,1137.0,11,163.0,361
2026-3057,Phan Thiet 1,Hard,32,C,20260119.0,11,W0A4,,,Arthur Weber,L,185.0,FRA,,V0DR,,,Ha Minh Duc Vu,R,,VNM,,6-0 6-0,3,R32,55.0,0.0,0.0,41,31.0,19,8.0,6.0,2.0,2.0,0.0,3.0,36.0,20.0,7.0,3.0,6.0,4.0,10,439.0,106,1758.0,2
2026-2831,Oeiras 1,Hard,32,C,20260119.0,23,K926,,,Mikhail Kukushkin,R,183.0,KAZ,,L0GH,,,Mark Lajal,R,191.0,EST,,6-7(4) 6-2 7-5,3,R16,194.0,3.0,0.0,98,64.0,45,20.0,16.0,5.0,8.0,9.0,8.0,130.0,79.0,54.0,17.0,16.0,9.0,15,262.0,203,153.0,407
2026-2831,Oeiras 1,Hard,32,C,20260119.0,22,R0E0,,,Chris Rodesch,R,198.0,LUX,,R09X,7.0,,Jurij Rodionov,L,191.0,AUT,,6-4 6-3,3,R16,75.0,2.0,2.0,61,41.0,31,12.0,10.0,2.0,3.0,5.0,3.0,51.0,36.0,24.0,6.0,9.0,0.0,3,209.0,281,167.0,348
2026-2831,Oeiras 1,Hard,32,C,20260119.0,21,G0FW,3.0,,Vilius Gaubas,R,178.0,LTU,,B0OV,,,Petr Brunclik,L,188.0,CZE,,6-1 1-6 6-3,3,R16,131.0,0.0,4.0,84,63.0,37,11.0,12.0,7.0,11.0,2.0,3.0,80.0,52.0,29.0,11.0,11.0,6.0,11,129.0,469,313.0,168
2026-2831,Oeiras 1,Hard,32,C,20260119.0,20,R0FS,,,Leandro Riedi,R,191.0,SUI,,AG08,,,Andres Andrade,R,180.0,ECU,,6-4 7-6(5),3,R16,129.0,6.0,4.0,83,33.0,23,28.0,11.0,4.0,7.0,2.0,4.0,99.0,61.0,39.0,17.0,11.0,8.0,12,180.0,326,274.0,200
2026-2831,Oeiras 1,Hard,32,C,20260119.0,19,P09O,,,Zsombor Piros,R,180.0,HUN,,Y171,,,Denis Yevseyev,R,188.0,KAZ,,6-1 6-2,3,R16,57.0,2.0,2.0,54,39.0,27,9.0,8.0,11.0,12.0,0.0,1.0,54.0,31.0,14.0,10.0,7.0,9.0,14,170.0,341,367.0,131
2026-2831,Oeiras 1,Hard,32,C,20260119.0,18,G0BY,,,Daniil Glinka,L,188.0,EST,,M0AW,8.0,,Nicolas Mejia,R,183.0,COL,,6-3 6-3,3,R16,88.0,4.0,2.0,53,31.0,21,13.0,9.0,0.0,1.0,5.0,1.0,58.0,41.0,24.0,7.0,9.0,5.0,9,200.0,297,169.0,345
2026-2831,Oeiras 1,Hard,32,C,20260119.0,17,P0CT,4.0,,Francesco Passaro,R,180.0,ITA,,KE64,,,Stefan Kozlov,R,183.0,USA,,6-3 1-6 6-1,3,R16,128.0,5.0,1.0,88,39.0,27,25.0,12.0,7.0,10.0,1.0,6.0,73.0,40.0,26.0,13.0,11.0,4.0,8,140.0,436,285.0,190
2026-3057,Phan Thiet 1,Hard,32,C,20260119.0,31,KF17,,,Soonwoo Kwon,R,180.0,KOR,,S0O6,,,Ilia Simakin,R,193.0,RUS,,6-2 7-6(5),3,F,92.0,9.0,4.0,68,39.0,27,15.0,10.0,0.0,2.0,9.0,2.0,82.0,62.0,38.0,6.0,10.0,7.0,11,486.0,89,275.0,199
2026-3057,Phan Thiet 1,Hard,32,C,20260119.0,30,S0O6,,,Ilia Simakin,R,193.0,RUS,,M0E1,,,Daniel Michalski,R,180.0,POL,,6-7(6) 6-1 6-3,3,SF,160.0,8.0,3.0,97,61.0,45,16.0,14.0,6.0,8.0,3.0,1.0,106.0,62.0,37.0,19.0,14.0,6.0,12,275.0,199,257.0,211
2026-3057,Phan Thiet 1,Hard,32,C,20260119.0,29,KF17,,,Soonwoo Kwon,R,180.0,KOR,,M0GY,,,Lilian Marmousez,R,180.0,FRA,,6-0 2-1 RET,3,SF,47.0,5.0,0.0,31,18.0,16,6.0,5.0,2.0,2.0,2.0,5.0,30.0,13.0,6.0,7.0,4.0,1.0,4,486.0,89,314.0,167
2026-3057,Phan Thiet 1,Hard,32,C,20260119.0,28,S0O6,,,Ilia Simakin,R,193.0,RUS,,B0JJ,,,Robin Bertrand,R,178.0,FRA,,7-6(3) 5-7 6-4,3,QF,151.0,10.0,2.0,104,61.0,42,19.0,17.0,3.0,9.0,2.0,5.0,106.0,72.0,46.0,13.0,17.0,8.0,14,275.0,199,307.0,176
2026-3057,Phan Thiet 1,Hard,32,C,20260119.0,27,M0E1,,,Daniel Michalski,R,180.0,POL,,B0NO,,,Darwin Blanch,L,185.0,USA,,5-7 7-6(3) 6-3,3,QF,148.0,4.0,3.0,108,73.0,49,19.0,17.0,3.0,7.0,6.0,4.0,94.0,55.0,41.0,18.0,16.0,3.0,7,257.0,211,305.0,176
2026-3053,Itajai,Clay,32,C,20260119.0,1,V0DP,2.0,,Adolfo Daniel Vallejo,R,183.0,PAR,,CF01,,,Marco Cecchinato,R,185.0,ITA,,6-1 6-0,3,R32,59.0,1.0,4.0,44,25.0,20,9.0,6.0,4.0,4.0,0.0,5.0,47.0,26.0,11.0,7.0,7.0,1.0,7,146.0,428,230.0,247
2026-2831,Oeiras 1,Hard,32,C,20260119.0,31,R0E0,,,Chris Rodesch,R,198.0,LUX,,P09O,,,Zsombor Piros,R,180.0,HUN,,6-4 4-6 6-2,3,F,129.0,7.0,3.0,85,62.0,45,11.0,14.0,6.0,9.0,0.0,3.0,92.0,53.0,33.0,20.0,14.0,6.0,11,209.0,281,170.0,341
2026-2831,Oeiras 1,Hard,32,C,20260119.0,30,P09O,,,Zsombor Piros,R,180.0,HUN,,G0BY,,,Daniil Glinka,L,188.0,EST,,7-5 4-6 6-1,3,SF,138.0,4.0,4.0,87,51.0,38,17.0,15.0,1.0,4.0,7.0,5.0,102.0,53.0,40.0,18.0,14.0,6.0,11,170.0,341,200.0,297
2026-2831,Oeiras 1,Hard,32,C,20260119.0,29,R0E0,,,Chris Rodesch,R,198.0,LUX,,G0FW,3.0,,Vilius Gaubas,R,178.0,LTU,,7-6(5) 7-6(7),3,SF,136.0,3.0,0.0,75,55.0,44,14.0,12.0,1.0,2.0,2.0,7.0,111.0,68.0,47.0,23.0,12.0,13.0,14,209.0,281,129.0,469
2026-2831,Oeiras 1,Hard,32,C,20260119.0,28,R0E0,,,Chris Rodesch,R,198.0,LUX,,RH62,,,Mats Rosenkranz,L,193.0,GER,,6-3 7-6(3),3,QF,82.0,9.0,4.0,71,50.0,36,12.0,11.0,0.0,2.0,4.0,1.0,58.0,44.0,30.0,8.0,10.0,1.0,4,209.0,281,327.0,158
2026-2831,Oeiras 1,Hard,32,C,20260119.0,27,P09O,,,Zsombor Piros,R,180.0,HUN,,R0FS,,,Leandro Riedi,R,191.0,SUI,,6-3 3-1 RET,3,QF,59.0,1.0,1.0,42,26.0,21,6.0,6.0,3.0,4.0,2.0,4.0,49.0,27.0,15.0,9.0,7.0,7.0,11,170.0,341,180.0,326
2026-2831,Oeiras 1,Hard,32,C,20260119.0,26,G0BY,,,Daniil Glinka,L,188.0,EST,,P0CT,4.0,,Francesco Passaro,R,180.0,ITA,,7-5 6-4,3,QF,81.0,5.0,3.0,65,44.0,36,12.0,11.0,2.0,2.0,4.0,4.0,57.0,31.0,25.0,15.0,11.0,1.0,3,200.0,297,140.0,436
2026-2831,Oeiras 1,Hard,32,C,20260119.0,25,G0FW,3.0,,Vilius Gaubas,R,178.0,LTU,,K926,,,Mikhail Kukushkin,R,183.0,KAZ,,6-4 6-3,3,QF,101.0,1.0,2.0,67,41.0,24,15.0,10.0,3.0,5.0,3.0,0.0,61.0,41.0,24.0,9.0,9.0,5.0,9,129.0,469,262.0,203
2026-2831,Oeiras 1,Hard,32,C,20260119.0,24,RH62,,,Mats Rosenkranz,L,193.0,GER,,T0CN,,,Tiago Torres,L,175.0,PRT,,1-6 6-4 6-4,3,R16,125.0,4.0,5.0,106,64.0,41,18.0,14.0,9.0,14.0,5.0,7.0,80.0,40.0,28.0,19.0,13.0,2.0,6,327.0,158,764.0,37
2026-3053,Itajai,Clay,32,C,20260119.0,24,SX91,8.0,,Thiago Seyboth Wild,R,185.0,BRA,,O660,,,Genaro Alberto Olivieri,R,175.0,ARG,,7-5 6-2,3,R16,103.0,1.0,4.0,54,36.0,27,12.0,10.0,2.0,3.0,0.0,1.0,64.0,41.0,21.0,12.0,10.0,5.0,9,217.0,263,231.0,247
2026-3053,Itajai,Clay,32,C,20260119.0,23,MJ08,5.0,,Thiago Monteiro,L,183.0,BRA,,AA27,,,Franco Agamenone,R,191.0,ITA,,6-2 6-4,3,R16,87.0,2.0,1.0,47,28.0,23,10.0,9.0,0.0,1.0,1.0,2.0,52.0,26.0,18.0,11.0,9.0,1.0,5,196.0,304,279.0,198
2026-3053,Itajai,Clay,32,C,20260119.0,22,V0DP,2.0,,Adolfo Daniel Vallejo,R,183.0,PAR,,R09V,,,Eduardo Ribeiro,R,178.0,BRA,,6-3 6-2,3,R16,73.0,2.0,2.0,53,32.0,24,13.0,9.0,3.0,4.0,3.0,0.0,53.0,36.0,20.0,7.0,8.0,3.0,7,146.0,428,462.0,96
2026-3053,Itajai,Clay,32,C,20260119.0,21,RD48,,,Igor Marcondes,L,185.0,BRA,,DA31,1.0,,Hugo Dellien,R,180.0,BOL,,6-4 6-2,3,R16,87.0,5.0,2.0,60,39.0,26,10.0,9.0,1.0,3.0,2.0,1.0,63.0,40.0,21.0,10.0,9.0,7.0,12,402.0,118,137.0,438
2026-3053,Itajai,Clay,32,C,20260119.0,20,S0GZ,,,Nikolas Sanchez Izquierdo,R,185.0,ESP,,L0GR,,,Juan Manuel La Serna,L,188.0,ARG,,6-4 6-1,3,R16,74.0,0.0,2.0,54,29.0,18,16.0,9.0,1.0,2.0,0.0,2.0,40.0,33.0,16.0,3.0,8.0,1.0,5,306.0,176,412.0,115
2026-3053,Itajai,Clay,32,C,20260119.0,19,B0GR,7.0,,Gonzalo Bueno,R,173.0,PER,,J0AW,,,Guido Ivan Justo,R,178.0,ARG,,6-3 0-6 6-2,3,R16,119.0,0.0,6.0,66,40.0,19,10.0,11.0,5.0,11.0,0.0,3.0,75.0,42.0,23.0,14.0,12.0,7.0,14,215.0,271,378.0,128
2026-3053,Itajai,Clay,32,C,20260119.0,18,P0CY,,,Stefan Palosi,R,180.0,ROU,,G0DH,4.0,,Alvaro Guillen Meza,R,175.0,ECU,,6-2 7-6(3),3,R16,131.0,0.0,1.0,76,43.0,30,17.0,10.0,3.0,5.0,4.0,8.0,82.0,45.0,28.0,16.0,10.0,7.0,11,484.0,90,195.0,305
2026-2831,Oeiras 1,Hard,32,C,20260119.0,16,RH62,,,Mats Rosenkranz,L,193.0,GER,,P0IY,,,Juan Carlos Prado Angelo,R,185.0,BOL,,6-2 6-4,3,R32,72.0,6.0,1.0,50,31.0,26,13.0,9.0,1.0,1.0,2.0,3.0,62.0,34.0,23.0,13.0,9.0,2.0,5,327.0,158,210.0,279
2026-2831,Oeiras 1,Hard,32,C,20260119.0,15,G0FW,3.0,,Vilius Gaubas,R,178.0,LTU,,M0HT,,,Alejandro Moro Canas,R,183.0,ESP,,6-7(1) 7-6(4) 6-1,3,R32,178.0,6.0,4.0,120,69.0,46,25.0,16.0,7.0,10.0,0.0,3.0,102.0,60.0,40.0,19.0,15.0,4.0,9,129.0,469,246.0,225
2026-2831,Oeiras 1,Hard,32,C,20260119.0,14,T0CN,,,Tiago Torres,L,175.0,PRT,,HD68,1.0,,Billy Harris,R,193.0,GBR,,6-4 4-6 6-3,3,R32,130.0,1.0,7.0,106,47.0,36,27.0,14.0,12.0,15.0,3.0,4.0,92.0,56.0,40.0,16.0,15.0,5.0,10,764.0,37,121.0,499
2026-2831,Oeiras 1,Hard,32,C,20260119.0,13,Y171,,,Denis Yevseyev,R,188.0,KAZ,,K0EP,,,Jerome Kym,R,198.0,SUI,,6-4 6-7(5) 6-2,3,R32,133.0,17.0,4.0,107,57.0,50,22.0,15.0,3.0,4.0,5.0,5.0,104.0,63.0,47.0,17.0,15.0,7.0,11,367.0,131,187.0,315
2026-2831,Oeiras 1,Hard,32,C,20260119.0,12,R0E0,,,Chris Rodesch,R,198.0,LUX,,H09N,,,August Holmgren,R,188.0,DEN,,6-3 6-2,3,R32,67.0,1.0,1.0,49,29.0,23,15.0,9.0,0.0,0.0,0.0,1.0,44.0,26.0,20.0,5.0,8.0,3.0,6,209.0,281,193.0,305
2026-2831,Oeiras 1,Hard,32,C,20260119.0,11,P09O,,,Zsombor Piros,R,180.0,HUN,,Z0AK,,,Tyler Zink,R,185.0,USA,,7-6(4) 6-3,3,R32,92.0,7.0,4.0,76,48.0,36,14.0,11.0,7.0,9.0,3.0,0.0,72.0,41.0,26.0,16.0,10.0,8.0,11,170.0,341,301.0,178
2026-2831,Oeiras 1,Hard,32,C,20260119.0,10,K926,,,Mikhail Kukushkin,R,183.0,KAZ,,E698,,,Gastao Elias,R,180.0,POR,,6-2 6-3,3,R32,81.0,0.0,0.0,53,30.0,23,16.0,9.0,3.0,3.0,2.0,5.0,50.0,26.0,18.0,10.0,8.0,0.0,3,262.0,203,370.0,130
2026-2831,Oeiras 1,Hard,32,C,20260119.0,9,KE64,,,Stefan Kozlov,R,183.0,USA,,GK06,,,Alexis Galarneau,R,180.0,CAN,,7-6(2) 2-6 6-1,3,R32,146.0,6.0,9.0,86,40.0,34,23.0,14.0,3.0,6.0,2.0,8.0,100.0,51.0,33.0,25.0,13.0,9.0,12,285.0,190,214.0,272
2026-2831,Oeiras 1,Hard,32,C,20260119.0,8,G0BY,,,Daniil Glinka,L,188.0,EST,,O0A2,,,Gauthier Onclin,R,180.0,BEL,,5-7 7-6(6) 6-4,3,R32,190.0,7.0,6.0,124,65.0,42,25.0,17.0,9.0,16.0,3.0,5.0,112.0,61.0,39.0,23.0,17.0,6.0,13,200.0,297,269.0,200
2026-2831,Oeiras 1,Hard,32,C,20260119.0,7,B0OV,,,Petr Brunclik,L,188.0,CZE,,S0AK,,,Henri Squire,R,196.0,GER,,6-0 6-2,3,R32,68.0,3.0,4.0,53,29.0,19,14.0,7.0,2.0,3.0,3.0,6.0,56.0,31.0,14.0,8.0,7.0,5.0,11,313.0,168,276.0,199
2026-2831,Oeiras 1,Hard,32,C,20260119.0,6,AG08,,,Andres Andrade,R,180.0,ECU,,P0K4,,,Tiago Pereira,R,0.0,PRT,,6-4 6-4,3,R32,91.0,0.0,5.0,72,39.0,23,14.0,10.0,9.0,13.0,0.0,2.0,61.0,31.0,23.0,6.0,10.0,2.0,8,274.0,200,267.0,202
2026-2831,Oeiras 1,Hard,32,C,20260119.0,5,M0AW,8.0,,Nicolas Mejia,R,183.0,COL,,KH56,,,Zdenek Kolar,R,183.0,CZE,,2-6 6-4 7-6(4),3,R32,175.0,6.0,8.0,109,55.0,42,23.0,15.0,9.0,13.0,6.0,5.0,96.0,60.0,40.0,20.0,15.0,3.0,6,169.0,345,176.0,337
2026-2831,Oeiras 1,Hard,32,C,20260119.0,4,R09X,7.0,,Jurij Rodionov,L,191.0,AUT,,K0HC,,,Maks Kasnikowski,R,180.0,POL,,6-2 7-6(6),3,R32,96.0,8.0,2.0,69,39.0,30,15.0,10.0,2.0,4.0,2.0,2.0,67.0,39.0,26.0,10.0,10.0,4.0,8,167.0,348,420.0,112
2026-2831,Oeiras 1,Hard,32,C,20260119.0,3,L0GH,,,Mark Lajal,R,191.0,EST,,M0N7,6.0,,Daniel Merida,R,188.0,ESP,,6-2 6-2,3,R32,54.0,5.0,0.0,40,24.0,23,9.0,8.0,0.0,0.0,2.0,6.0,42.0,21.0,13.0,7.0,8.0,0.0,4,153.0,407,164.0,353
2026-2831,Oeiras 1,Hard,32,C,20260119.0,2,R0FS,,,Leandro Riedi,R,191.0,SUI,,R0GO,5.0,,Henrique Rocha,R,180.0,POR,,6-4 6-2,3,R32,77.0,7.0,2.0,61,30.0,21,20.0,9.0,2.0,2.0,1.0,2.0,55.0,29.0,19.0,13.0,9.0,1.0,4,180.0,326,158.0,394
2026-2831,Oeiras 1,Hard,32,C,20260119.0,1,P0CT,4.0,,Francesco Passaro,R,180.0,ITA,,HB48,,,Calvin Hemery,R,191.0,FRA,,7-6(6) 6-2,3,R32,91.0,11.0,0.0,68,45.0,38,10.0,10.0,1.0,1.0,7.0,3.0,63.0,41.0,32.0,8.0,10.0,2.0,4,140.0,436,260.0,208
2026-9635,Manama,Hard,32,C,20260126.0,6,B0U4,,,Nicolai Budkov Kjaer,R,191.0,NOR,,KC33,,,Dimitar Kuzmanov,R,183.0,BUL,,5-7 6-1 7-5,3,R32,139.0,7.0,6.0,95,59.0,42,21.0,16.0,5.0,8.0,5.0,2.0,94.0,59.0,37.0,18.0,15.0,7.0,12,135.0,446,266.0,202
2026-9635,Manama,Hard,32,C,20260126.0,7,B0MM,,,Edas Butvilas,R,191.0,LTU,,M0SE,,,Maxim Mrva,R,178.0,CZE,,6-2 6-2,3,R32,68.0,3.0,1.0,53,29.0,21,13.0,8.0,1.0,2.0,0.0,2.0,44.0,23.0,13.0,9.0,8.0,0.0,5,277.0,199,348.0,144
2026-9635,Manama,Hard,32,C,20260126.0,8,GF95,,,Hugo Grenier,R,196.0,FRA,,Z09Z,,,Beibit Zhukayev,R,198.0,KAZ,,6-7(5) 6-2 6-1,3,R32,119.0,14.0,0.0,83,57.0,43,15.0,14.0,1.0,3.0,5.0,3.0,80.0,45.0,28.0,16.0,13.0,3.0,9,179.0,327,261.0,207
2026-9635,Manama,Hard,32,C,20260126.0,9,P0HP,,,Lukas Pokorny,R,191.0,SVK,,D0H9,,,Guy Den Ouden,R,183.0,NED,,6-4 7-5,3,R32,77.0,10.0,1.0,73,46.0,34,18.0,11.0,3.0,3.0,2.0,2.0,59.0,40.0,32.0,9.0,11.0,0.0,2,522.0,79,160.0,372
2026-9635,Manama,Hard,32,C,20260126.0,10,S0WT,,,Joel Schwaerzler,L,188.0,AUT,,U176,,,Vadym Ursu,R,183.0,UKR,,7-6(5) 6-4,3,R32,92.0,3.0,4.0,67,37.0,31,14.0,11.0,2.0,4.0,2.0,4.0,64.0,49.0,30.0,7.0,11.0,2.0,5,245.0,225,430.0,109
2026-9635,Manama,Hard,32,C,20260126.0,11,F0BY,3.0,,Jacob Fearnley,R,183.0,GBR,,N0CS,,,Lukas Neumayer,R,183.0,AUT,,6-3 7-6(4),3,R32,,,,,,,,,,,,,,,,,,,,77.0,752,226.0,251
2026-9635,Manama,Hard,32,C,20260126.0,12,GA79,,,Lorenzo Giustino,R,180.0,ITA,,M0JZ,4.0,,Filip Misolic,R,180.0,AUT,,7-6(5) 7-6(4),3,R32,135.0,6.0,4.0,91,63.0,42,12.0,12.0,6.0,9.0,3.0,3.0,83.0,59.0,37.0,13.0,12.0,6.0,9,211.0,279,84.0,725
2026-2833,Oeiras 2,Hard,32,C,20260126.0,12,G0AO,,,Mats Rosenkranz,L,193.0,GER,,AG08,,,Andres Andrade,R,180.0,ECU,,6-1 6-2,3,R32,64.0,8.0,2.0,48,27.0,21,9.0,7.0,2.0,3.0,1.0,5.0,43.0,23.0,8.0,8.0,8.0,2.0,8,311.0,169,274.0,200
2026-2833,Oeiras 2,Hard,32,C,20260126.0,13,BV21,,,Tiago Torres,L,175.0,PRT,,W0AH,,,Petr Brunclik,L,188.0,CZE,,7-5 0-6 7-6(1),3,R32,,,,,,,,,,,,,,,,,,,,304.0,177,315.0,167
2026-2833,Oeiras 2,Hard,32,C,20260126.0,14,M0HT,,,Alejandro Moro Canas,R,183.0,ESP,,R0GO,5.0,,Henrique Rocha,R,180.0,POR,,3-6 6-4 6-4,3,R32,133.0,1.0,5.0,82,50.0,38,18.0,15.0,3.0,5.0,4.0,1.0,87.0,56.0,39.0,18.0,14.0,4.0,6,246.0,225,158.0,394
2026-2833,Oeiras 2,Hard,32,C,20260126.0,15,GE28,,,Ivan Gakhov,L,191.0,RUS,,R09X,6.0,,Jurij Rodionov,L,191.0,AUT,,7-5 6-3,3,R32,92.0,9.0,2.0,70,41.0,31,13.0,10.0,6.0,8.0,4.0,2.0,69.0,39.0,27.0,10.0,11.0,7.0,12,263.0,203,167.0,348
2026-2833,Oeiras 2,Hard,32,C,20260126.0,16,L0CX,,,Pablo Llamas Ruiz,R,188.0,ESP,,Z09F,,,Patrick Zahraj,R,191.0,GER,,6-3 6-2,3,R32,81.0,2.0,1.0,63,44.0,31,9.0,9.0,1.0,2.0,0.0,0.0,49.0,22.0,15.0,12.0,8.0,3.0,7,213.0,274,280.0,198
2026-2833,Oeiras 2,Hard,32,C,20260126.0,17,F0F2,4.0,,Jaime Faria,R,188.0,POR,,H0DC,,,Diego Dedura,,,,,6-3 7-5,3,R16,89.0,7.0,7.0,69,38.0,29,13.0,10.0,7.0,10.0,1.0,1.0,81.0,59.0,35.0,5.0,11.0,8.0,14,151.0,413,354.0,139
2026-2833,Oeiras 2,Hard,32,C,20260126.0,18,GK06,,,Alexis Galarneau,R,180.0,CAN,,H09N,,,August Holmgren,R,188.0,DEN,,6-4 4-6 7-5,3,R16,144.0,0.0,4.0,95,50.0,36,25.0,16.0,4.0,7.0,7.0,1.0,99.0,67.0,42.0,22.0,16.0,9.0,13,214.0,272,193.0,305
2026-2833,Oeiras 2,Hard,32,C,20260126.0,19,S0TM,,,Inaki Montes De La Torre,R,178.0,ESP,,BI23,,,Mathys Erhard,R,188.0,FRA,,6-3 6-3,3,R16,105.0,4.0,11.0,75,49.0,33,11.0,9.0,6.0,8.0,1.0,5.0,56.0,31.0,18.0,9.0,9.0,3.0,8,251.0,218,294.0,183
2026-2833,Oeiras 2,Hard,32,C,20260126.0,20,R0E0,,,Chris Rodesch,R,198.0,LUX,,G0AO,,,Tiago Torres,L,175.0,PRT,,W/O,3,R16,,,,,,,,,,,,,,,,,,,,209.0,281,311.0,169
2026-9635,Manama,Hard,32,C,20260126.0,22,BV16,,,Ugo Blanchet,R,175.0,FRA,,GF95,,,Hugo Grenier,R,196.0,FRA,,7-6(5) 6-4,3,R16,111.0,7.0,4.0,75,37.0,28,20.0,11.0,10.0,13.0,7.0,3.0,78.0,48.0,31.0,14.0,11.0,8.0,12,142.0,435,179.0,327
2026-9635,Manama,Hard,32,C,20260126.0,23,TA12,,,Stefano Travaglia,R,185.0,ITA,,W0BH,,,Coleman Wong,R,191.0,HKG,,6-7(4) 6-3 6-4,3,R16,133.0,5.0,4.0,114,69.0,52,23.0,16.0,3.0,4.0,9.0,1.0,96.0,65.0,46.0,16.0,15.0,2.0,5,191.0,308,132.0,456
2026-9635,Manama,Hard,32,C,20260126.0,24,V0AM,,,Otto Virtanen,R,193.0,FIN,,GA79,,,Lorenzo Giustino,R,180.0,ITA,,7-6(4) 6-3,3,R16,99.0,5.0,2.0,67,47.0,39,10.0,11.0,3.0,3.0,2.0,3.0,78.0,43.0,27.0,20.0,10.0,7.0,8,126.0,488,211.0,279
2026-9635,Manama,Hard,32,C,20260126.0,25,B0GG,,,Mattia Bellucci,L,175.0,ITA,,T0A1,6.0,,Thiago Agustin Tirante,R,185.0,ARG,,6-4 6-4,3,QF,93.0,6.0,0.0,51,33.0,28,14.0,10.0,0.0,0.0,8.0,2.0,69.0,43.0,30.0,11.0,10.0,4.0,6,76.0,758,103.0,605
2026-9635,Manama,Hard,32,C,20260126.0,26,J0AZ,,,Kyrian Jacquet,R,175.0,FRA,,F0BY,3.0,,Jacob Fearnley,R,183.0,GBR,,7-6(4) 1-6 6-3,3,QF,129.0,4.0,3.0,93,51.0,36,20.0,14.0,5.0,9.0,6.0,6.0,91.0,54.0,37.0,18.0,14.0,3.0,6,128.0,477,77.0,752
2026-9635,Manama,Hard,32,C,20260126.0,27,N0BG,7.0,,Luca Nardi,R,185.0,ITA,,BV16,,,Ugo Blanchet,R,175.0,FRA,,6-4 6-4,3,QF,78.0,2.0,1.0,54,34.0,21,15.0,10.0,1.0,3.0,1.0,2.0,61.0,29.0,21.0,14.0,10.0,3.0,7,108.0,561,142.0,435
2026-9635,Manama,Hard,32,C,20260126.0,28,V0AM,,,Otto Virtanen,R,193.0,FIN,,TA12,,,Stefano Travaglia,R,185.0,ITA,,6-4 7-5,3,QF,80.0,7.0,1.0,56,35.0,25,11.0,11.0,0.0,3.0,1.0,1.0,64.0,45.0,25.0,9.0,11.0,2.0,7,126.0,488,191.0,308
2026-2833,Oeiras 2,Hard,32,C,20260126.0,28,R0E0,,,Chris Rodesch,R,198.0,LUX,,K0DB,,,Inaki Montes De La Torre,R,178.0,ESP,,6-4 6-4,3,QF,87.0,9.0,2.0,57,43.0,35,8.0,10.0,2.0,2.0,1.0,7.0,61.0,32.0,24.0,13.0,10.0,4.0,6,209.0,281,501.0,86
2026-2833,Oeiras 2,Hard,32,C,20260126.0,29,G0BY,,,Daniil Glinka,L,188.0,EST,,SN54,,,Frederico Ferreira Silva,L,178.0,POR,,4-6 7-5 6-4,3,SF,144.0,8.0,4.0,91,51.0,39,17.0,16.0,7.0,12.0,2.0,5.0,102.0,62.0,38.0,19.0,16.0,3.0,9,200.0,297,265.0,202
2026-2833,Oeiras 2,Hard,32,C,20260126.0,30,R0E0,,,Chris Rodesch,R,198.0,LUX,,GK06,,,Alexis Galarneau,R,180.0,CAN,,6-4 6-4,3,SF,108.0,2.0,5.0,70,44.0,32,8.0,10.0,5.0,8.0,2.0,6.0,83.0,43.0,23.0,19.0,10.0,11.0,16,209.0,281,214.0,272
2026-2833,Oeiras 2,Hard,32,C,20260126.0,31,R0E0,,,Chris Rodesch,R,198.0,LUX,,G0BY,,,Daniil Glinka,L,188.0,EST,,6-3 7-5,3,F,107.0,3.0,2.0,68,41.0,32,15.0,11.0,5.0,6.0,4.0,4.0,81.0,43.0,28.0,18.0,10.0,8.0,11,209.0,281,200.0,297
2026-9635,Manama,Hard,32,C,20260126.0,1,BV16,,,Ugo Blanchet,R,175.0,FRA,,P09Z,,,Alexei Popyrin,R,196.0,AUS,,6-3 7-6(6),3,R32,100.0,7.0,0.0,74,36.0,28,26.0,11.0,4.0,4.0,10.0,3.0,59.0,28.0,23.0,19.0,10.0,0.0,1,142.0,435,50.0,1000
2026-9635,Manama,Hard,32,C,20260126.0,2,B0GG,,,Mattia Bellucci,L,175.0,ITA,,E0AA,,,Yanki Erel,L,178.0,TUR,,6-4 6-4,3,R32,85.0,8.0,3.0,62,33.0,26,16.0,10.0,2.0,2.0,2.0,2.0,55.0,39.0,30.0,5.0,10.0,0.0,2,76.0,758,451.0,101
2026-9635,Manama,Hard,32,C,20260126.0,3,H997,5.0,,Yannick Hanfmann,R,193.0,GER,,D0JI,,,Manas Dhamne,R,183.0,IND,,6-3 6-2,3,R32,78.0,11.0,2.0,49,29.0,19,13.0,8.0,1.0,2.0,1.0,4.0,62.0,36.0,18.0,12.0,9.0,4.0,9,102.0,611,502.0,86
2026-9635,Manama,Hard,32,C,20260126.0,4,N0BG,7.0,,Luca Nardi,R,185.0,ITA,,P0J1,,,Rodrigo Pacheco Mendez,L,191.0,MEX,,7-6(5) 7-6(1),3,R32,124.0,5.0,1.0,91,64.0,45,13.0,12.0,7.0,9.0,2.0,3.0,103.0,80.0,51.0,9.0,12.0,15.0,17,108.0,561,234.0,247
2026-9635,Manama,Hard,32,C,20260126.0,5,TA12,,,Stefano Travaglia,R,185.0,ITA,,M0HU,8.0,,Shintaro Mochizuki,R,175.0,JPN,,6-3 7-6(1),3,R32,107.0,3.0,0.0,68,45.0,36,13.0,10.0,4.0,4.0,0.0,7.0,84.0,43.0,29.0,20.0,11.0,3.0,5,191.0,308,112.0,547
2026-6239,Quimper,Hard,32,C,20260126.0,7,E0DD,,,Justin Engel,R,185.0,GER,,K0HC,,,Maks Kasnikowski,R,180.0,POL,,6-3 6-2,3,R32,58.0,6.0,1.0,52,32.0,27,8.0,9.0,1.0,2.0,5.0,1.0,42.0,24.0,14.0,4.0,8.0,1.0,5,184.0,323,420.0,112
2026-6239,Quimper,Hard,32,C,20260126.0,8,F0HO,,,Thomas Faurel,R,178.0,FRA,,MW76,,,Matteo Martineau,R,183.0,FRA,,6-4 6-3,3,R32,85.0,4.0,2.0,72,43.0,30,18.0,9.0,6.0,6.0,5.0,2.0,56.0,30.0,22.0,12.0,10.0,1.0,4,517.0,81,282.0,193
2026-6239,Quimper,Hard,32,C,20260126.0,9,G0GW,,,Sascha Gueymard Wayenburg,R,191.0,FRA,,LC12,,,Laurent Lokoli,R,188.0,FRA,,6-1 6-2,3,R32,56.0,9.0,0.0,39,23.0,19,13.0,8.0,0.0,0.0,1.0,2.0,39.0,25.0,16.0,5.0,7.0,0.0,4,199.0,298,479.0,91
2026-6239,Quimper,Hard,32,C,20260126.0,10,HD68,,,Billy Harris,R,193.0,GBR,,M0C2,,,Dan Martin,R,175.0,CAN,,6-4 6-4,3,R32,87.0,11.0,1.0,60,40.0,35,10.0,10.0,2.0,2.0,7.0,4.0,73.0,49.0,33.0,10.0,10.0,6.0,8,121.0,499,405.0,117
2026-6239,Quimper,Hard,32,C,20260126.0,11,K09F,,,Pavel Kotov,R,191.0,RUS,,L0GH,,,Mark Lajal,R,191.0,EST,,3-6 6-4 6-4,3,R32,117.0,6.0,3.0,79,57.0,45,12.0,14.0,2.0,3.0,4.0,2.0,92.0,56.0,43.0,18.0,15.0,2.0,4,485.0,89,153.0,407
2026-6239,Quimper,Hard,32,C,20260126.0,12,K0AZ,1.0,,Aleksandar Kovacevic,R,183.0,USA,,T09X,,,Clement Tabur,R,173.0,FRA,,7-6(4) 6-4,3,R32,91.0,14.0,2.0,62,38.0,35,13.0,11.0,1.0,1.0,13.0,2.0,69.0,42.0,32.0,16.0,11.0,3.0,4,56.0,964,202.0,294
2026-6239,Quimper,Hard,32,C,20260126.0,13,V0DZ,,,Luca Van Assche,R,178.0,FRA,,S0H2,5.0,,Alexander Shevchenko,R,188.0,KAZ,,6-4 6-4,3,R32,,,,,,,,,,,,,,,,,,,,165.0,352,97.0,650
2026-9635,Manama,Hard,32,C,20260126.0,13,T0A1,6.0,,Thiago Agustin Tirante,R,185.0,ARG,,BU54,,,Geoffrey Blancaneaux,R,180.0,FRA,,6-3 6-3,3,R32,99.0,8.0,2.0,54,34.0,28,11.0,9.0,1.0,1.0,4.0,2.0,68.0,42.0,26.0,11.0,9.0,5.0,8,103.0,605,256.0,212
2026-9635,Manama,Hard,32,C,20260126.0,14,J0AZ,,,Kyrian Jacquet,R,175.0,FRA,,O483,,,Christopher O'Connell,R,183.0,AUS,,6-3 6-1,3,R32,58.0,8.0,1.0,40,21.0,20,12.0,8.0,0.0,0.0,3.0,2.0,48.0,33.0,21.0,3.0,8.0,3.0,7,128.0,477,118.0,521
2026-9635,Manama,Hard,32,C,20260126.0,15,V0AM,,,Otto Virtanen,R,193.0,FIN,,Z371,,,Zhizhen Zhang,R,193.0,CHN,,4-6 7-6(12) 7-6(5),3,R32,181.0,7.0,6.0,130,75.0,50,30.0,17.0,4.0,8.0,6.0,0.0,127.0,85.0,60.0,23.0,17.0,6.0,9,126.0,488,368.0,130
2026-9635,Manama,Hard,32,C,20260126.0,16,W0BH,,,Coleman Wong,R,191.0,HKG,,PH78,,,Ryan Peniston,L,180.0,GBR,,6-3 6-2,3,R32,75.0,6.0,0.0,52,33.0,23,14.0,9.0,2.0,3.0,0.0,5.0,58.0,37.0,20.0,9.0,8.0,8.0,12,132.0,456,219.0,260
2026-9635,Manama,Hard,32,C,20260126.0,17,B0GG,,,Mattia Bellucci,L,175.0,ITA,,B0MM,,,Edas Butvilas,R,191.0,LTU,,6-4 7-5,3,R16,107.0,4.0,2.0,65,38.0,30,18.0,11.0,3.0,3.0,4.0,1.0,71.0,45.0,29.0,16.0,11.0,7.0,9,76.0,758,277.0,199
2026-9635,Manama,Hard,32,C,20260126.0,18,F0BY,3.0,,Jacob Fearnley,R,183.0,GBR,,P0HP,,,Lukas Pokorny,R,191.0,SVK,,3-6 6-4 6-1,3,R16,113.0,3.0,2.0,81,49.0,32,20.0,13.0,10.0,13.0,11.0,1.0,93.0,57.0,38.0,12.0,13.0,9.0,14,77.0,752,522.0,79
2026-9635,Manama,Hard,32,C,20260126.0,19,J0AZ,,,Kyrian Jacquet,R,175.0,FRA,,H997,5.0,,Yannick Hanfmann,R,193.0,GER,,6-3 7-6(3),3,R16,87.0,8.0,3.0,63,41.0,33,14.0,11.0,2.0,3.0,6.0,1.0,63.0,40.0,27.0,12.0,10.0,4.0,6,128.0,477,102.0,611
2026-9635,Manama,Hard,32,C,20260126.0,20,T0A1,6.0,,Thiago Agustin Tirante,R,185.0,ARG,,S0WT,,,Joel Schwaerzler,L,188.0,AUT,,3-6 6-2 6-3,3,R16,128.0,9.0,0.0,80,47.0,33,22.0,13.0,5.0,7.0,6.0,4.0,103.0,67.0,44.0,14.0,13.0,12.0,16,103.0,605,245.0,225
2026-9635,Manama,Hard,32,C,20260126.0,21,N0BG,7.0,,Luca Nardi,R,185.0,ITA,,B0U4,,,Nicolai Budkov Kjaer,R,191.0,NOR,,6-3 6-0,3,R16,52.0,2.0,0.0,34,23.0,20,5.0,7.0,0.0,1.0,0.0,0.0,42.0,25.0,13.0,4.0,8.0,3.0,9,108.0,561,135.0,446
2026-6239,Quimper,Hard,32,C,20260126.0,23,HH06,,,Marc Andrea Huesler,L,196.0,SUI,,E0DD,,,Justin Engel,R,185.0,GER,,3-6 6-4 7-6(4),3,R16,125.0,16.0,4.0,93,58.0,48,14.0,15.0,1.0,4.0,12.0,5.0,102.0,56.0,42.0,24.0,16.0,6.0,9,253.0,216,184.0,323
2026-6239,Quimper,Hard,32,C,20260126.0,24,V0DZ,,,Luca Van Assche,R,178.0,FRA,,MV14,,,Alex Molcan,L,178.0,SVK,,6-4 6-4,3,R16,,,,,,,,,,,,,,,,,,,,165.0,352,206.0,286
2026-6239,Quimper,Hard,32,C,20260126.0,25,G0GW,,,Sascha Gueymard Wayenburg,R,191.0,FRA,,BM95,7.0,,Benjamin Bonzi,R,183.0,FRA,,6-2 6-7(3) 7-5,3,QF,131.0,19.0,0.0,84,58.0,54,15.0,16.0,1.0,1.0,4.0,3.0,108.0,68.0,45.0,26.0,16.0,4.0,7,199.0,298,106.0,566
2026-6239,Quimper,Hard,32,C,20260126.0,26,BU70,,,Remy Bertola,R,175.0,SUI,,MK66,8.0,,Mackenzie Mcdonald,R,178.0,USA,,4-1 RET,3,QF,25.0,4.0,0.0,20,12.0,9,5.0,3.0,0.0,0.0,2.0,0.0,9.0,6.0,3.0,1.0,2.0,0.0,1,254.0,214,113.0,546
2026-6239,Quimper,Hard,32,C,20260126.0,27,HH06,,,Marc Andrea Huesler,L,196.0,SUI,,F0HO,,,Thomas Faurel,R,178.0,FRA,,6-3 6-2,3,QF,52.0,6.0,1.0,46,32.0,28,8.0,9.0,0.0,0.0,2.0,2.0,45.0,25.0,16.0,9.0,8.0,3.0,6,253.0,216,517.0,81
2026-6239,Quimper,Hard,32,C,20260126.0,28,V0DZ,,,Luca Van Assche,R,178.0,FRA,,D0DW,,,Titouan Droguet,R,191.0,FRA,,6-4 6-4,3,QF,92.0,4.0,0.0,53,32.0,24,16.0,10.0,2.0,3.0,5.0,0.0,63.0,32.0,19.0,18.0,10.0,4.0,7,165.0,352,155.0,404
2026-6239,Quimper,Hard,32,C,20260126.0,29,BU70,,,Remy Bertola,R,175.0,SUI,,HH06,,,Marc Andrea Huesler,L,196.0,SUI,,6-1 6-4,3,SF,56.0,8.0,1.0,46,30.0,27,9.0,9.0,0.0,0.0,0.0,1.0,44.0,23.0,17.0,10.0,8.0,4.0,7,254.0,214,253.0,216
2026-9635,Manama,Hard,32,C,20260126.0,29,J0AZ,,,Kyrian Jacquet,R,175.0,FRA,,B0GG,,,Mattia Bellucci,L,175.0,ITA,,6-7(9) 6-4 7-6(6),3,SF,174.0,6.0,2.0,116,70.0,54,28.0,17.0,2.0,3.0,1.0,5.0,121.0,73.0,56.0,27.0,17.0,4.0,6,128.0,477,76.0,758
2026-9635,Manama,Hard,32,C,20260126.0,30,N0BG,7.0,,Luca Nardi,R,185.0,ITA,,V0AM,,,Otto Virtanen,R,193.0,FIN,,7-6(6) 6-2,3,SF,110.0,3.0,1.0,85,62.0,40,11.0,10.0,7.0,9.0,5.0,5.0,80.0,46.0,30.0,15.0,10.0,7.0,11,108.0,561,126.0,488
2026-9635,Manama,Hard,32,C,20260126.0,31,J0AZ,,,Kyrian Jacquet,R,175.0,FRA,,N0BG,7.0,,Luca Nardi,R,185.0,ITA,,7-5 3-6 6-4,3,F,133.0,4.0,1.0,113,65.0,38,28.0,16.0,8.0,13.0,4.0,2.0,87.0,55.0,33.0,19.0,15.0,4.0,9,128.0,477,108.0,561
2026-6239,Quimper,Hard,32,C,20260126.0,1,BU70,,,Remy Bertola,R,175.0,SUI,,ME82,,,Adrian Mannarino,L,180.0,FRA,,7-6(5) 6-4,3,R32,100.0,6.0,2.0,67,41.0,29,14.0,11.0,2.0,5.0,6.0,2.0,79.0,48.0,30.0,14.0,11.0,5.0,9,254.0,214,69.0,810
2026-6239,Quimper,Hard,32,C,20260126.0,2,MO44,3.0,,Pedro Martinez,R,185.0,ESP,,B0ER,,,Arthur Bouquier,R,188.0,FRA,,6-4 7-5,3,R32,105.0,5.0,2.0,64,42.0,34,10.0,11.0,3.0,4.0,13.0,5.0,84.0,52.0,39.0,8.0,11.0,10.0,13,71.0,768,229.0,247
2026-6239,Quimper,Hard,32,C,20260126.0,3,HH06,,,Marc Andrea Huesler,L,196.0,SUI,,HB64,4.0,,Quentin Halys,R,191.0,FRA,,6-3 7-6(9),3,R32,89.0,8.0,3.0,76,44.0,33,22.0,11.0,4.0,4.0,16.0,5.0,61.0,41.0,36.0,8.0,10.0,2.0,3,253.0,216,83.0,725
2026-6239,Quimper,Hard,32,C,20260126.0,4,BG23,6.0,,Nikoloz Basilashvili,R,185.0,GEO,,G0LG,,,Yanis Ghazouani Durand,R,183.0,FRA,,6-4 7-5,3,R32,86.0,14.0,7.0,64,34.0,29,13.0,11.0,1.0,3.0,6.0,4.0,72.0,39.0,26.0,11.0,11.0,3.0,7,105.0,573,757.0,39
2026-6239,Quimper,Hard,32,C,20260126.0,5,MK66,8.0,,Mackenzie Mcdonald,R,178.0,USA,,EA13,,,Moez Echargui,R,178.0,TUN,,6-2 7-5,3,R32,79.0,6.0,2.0,61,37.0,27,18.0,10.0,1.0,1.0,7.0,2.0,57.0,31.0,21.0,14.0,10.0,1.0,4,113.0,546,134.0,448
2026-6239,Quimper,Hard,32,C,20260126.0,6,D0DW,,,Titouan Droguet,R,191.0,FRA,,A0BA,,,Federico Arnaboldi,R,185.0,ITA,,7-5 6-4,3,R32,76.0,9.0,0.0,53,31.0,28,16.0,11.0,0.0,0.0,4.0,2.0,69.0,44.0,29.0,14.0,11.0,3.0,5,155.0,404,380.0,127
2026-2971,San Diego,Hard,32,C,20260126.0,8,J0B5,,,Garrett Johns,R,180.0,USA,,P0C1,,,Karl Poling,L,185.0,USA,,6-2 7-6(5),3,R32,116.0,6.0,2.0,73,47.0,32,14.0,10.0,6.0,7.0,2.0,2.0,80.0,53.0,30.0,14.0,10.0,8.0,11,300.0,179,605.0,61
2026-2971,San Diego,Hard,32,C,20260126.0,9,S0DQ,,,Keegan Smith,R,201.0,USA,,P0MG,,,Raphael Perot,R,175.0,FRA,,6-3 7-6(6),3,R32,98.0,6.0,2.0,83,58.0,36,13.0,11.0,3.0,5.0,2.0,2.0,60.0,32.0,19.0,16.0,10.0,1.0,4,363.0,133,406.0,117
2026-2971,San Diego,Hard,32,C,20260126.0,10,TA46,,,Bernard Tomic,R,196.0,AUS,,CN15,,,Felix Corwin,R,188.0,USA,,7-6(6) 6-3,3,R32,90.0,0.0,0.0,78,55.0,37,13.0,10.0,3.0,5.0,7.0,4.0,73.0,40.0,25.0,18.0,11.0,1.0,5,185.0,317,686.0,49
2026-2971,San Diego,Hard,32,C,20260126.0,11,D0DP,6.0,,Liam Draxl,R,185.0,CAN,,C0HT,,,Murphy Cassone,R,188.0,USA,,6-2 6-2,3,R32,78.0,2.0,3.0,45,22.0,17,11.0,8.0,0.0,2.0,4.0,1.0,58.0,36.0,16.0,10.0,8.0,8.0,14,145.0,429,224.0,252
2026-2971,San Diego,Hard,32,C,20260126.0,12,S0ZE,,,Colton Smith,R,183.0,USA,,LI10,,,Christian Langmo,R,191.0,USA,,6-3 6-3,3,R32,89.0,1.0,2.0,69,44.0,31,13.0,9.0,9.0,10.0,5.0,3.0,61.0,40.0,25.0,6.0,9.0,5.0,9,148.0,424,341.0,149
2026-2971,San Diego,Hard,32,C,20260126.0,13,S0TM,,,Toby Samuel,R,191.0,GBR,,B0EJ,8.0,,Tristan Boyer,R,188.0,USA,,6-3 5-7 6-4,3,R32,135.0,6.0,2.0,114,80.0,47,24.0,16.0,6.0,8.0,1.0,3.0,89.0,57.0,37.0,21.0,15.0,5.0,8,251.0,218,181.0,326
2026-2971,San Diego,Hard,32,C,20260126.0,14,B0I5,,,Blaise Bicknell,R,191.0,JAM,,RG42,,,Alex Rybakov,L,185.0,USA,,6-4 7-5,3,R32,110.0,1.0,5.0,72,48.0,33,15.0,11.0,4.0,5.0,5.0,7.0,87.0,55.0,40.0,12.0,11.0,9.0,12,491.0,88,286.0,189
2026-6239,Quimper,Hard,32,C,20260126.0,14,BM95,7.0,,Benjamin Bonzi,R,183.0,FRA,,PD31,,,Benoit Paire,R,196.0,FRA,,6-4 6-3,3,R32,64.0,9.0,0.0,45,34.0,28,9.0,9.0,1.0,1.0,8.0,6.0,70.0,36.0,28.0,12.0,10.0,9.0,12,106.0,566,917.0,23
2026-6239,Quimper,Hard,32,C,20260126.0,15,CF59,,,Roberto Carballes Baena,R,183.0,ESP,,GG65,,,Michael Geerts,R,178.0,BEL,,6-2 7-6(3),3,R32,99.0,13.0,0.0,64,38.0,31,17.0,10.0,2.0,2.0,5.0,2.0,69.0,38.0,31.0,13.0,10.0,2.0,4,147.0,427,293.0,184
2026-6239,Quimper,Hard,32,C,20260126.0,16,MV14,,,Alex Molcan,L,178.0,SVK,,A09T,,,Dan Added,R,183.0,FRA,,6-4 6-3,3,R32,79.0,6.0,0.0,58,43.0,30,11.0,10.0,4.0,5.0,9.0,3.0,57.0,30.0,20.0,13.0,9.0,1.0,4,206.0,286,201.0,295
2026-6239,Quimper,Hard,32,C,20260126.0,17,D0DW,,,Titouan Droguet,R,191.0,FRA,,K0AZ,1.0,,Aleksandar Kovacevic,R,183.0,USA,,7-6(4) 7-6(8),3,R16,111.0,11.0,2.0,84,52.0,39,19.0,12.0,3.0,5.0,13.0,2.0,85.0,60.0,45.0,10.0,12.0,3.0,5,155.0,404,56.0,964
2026-6239,Quimper,Hard,32,C,20260126.0,18,G0GW,,,Sascha Gueymard Wayenburg,R,191.0,FRA,,MO44,3.0,,Pedro Martinez,R,185.0,ESP,,7-6(5) 6-1,3,R16,106.0,13.0,2.0,72,39.0,30,19.0,9.0,5.0,5.0,4.0,1.0,69.0,43.0,27.0,15.0,10.0,1.0,4,199.0,298,71.0,768
2026-6239,Quimper,Hard,32,C,20260126.0,19,F0HO,,,Thomas Faurel,R,178.0,FRA,,BG23,6.0,,Nikoloz Basilashvili,R,185.0,GEO,,6-3 6-4,3,R16,61.0,3.0,1.0,54,33.0,26,15.0,9.0,6.0,6.0,8.0,7.0,61.0,34.0,27.0,11.0,10.0,5.0,8,517.0,81,105.0,573
2026-6239,Quimper,Hard,32,C,20260126.0,20,BM95,7.0,,Benjamin Bonzi,R,183.0,FRA,,HD68,,,Billy Harris,R,193.0,GBR,,6-4 6-0,3,R16,73.0,3.0,3.0,53,33.0,27,7.0,8.0,2.0,3.0,5.0,2.0,51.0,33.0,18.0,6.0,8.0,4.0,9,106.0,566,121.0,499
2026-6239,Quimper,Hard,32,C,20260126.0,21,MK66,8.0,,Mackenzie Mcdonald,R,178.0,USA,,CF59,,,Roberto Carballes Baena,R,183.0,ESP,,6-4 6-4,3,R16,91.0,5.0,2.0,57,33.0,25,14.0,10.0,3.0,4.0,9.0,6.0,70.0,41.0,33.0,7.0,10.0,5.0,8,113.0,546,147.0,427
2026-6239,Quimper,Hard,32,C,20260126.0,22,BU70,,,Remy Bertola,R,175.0,SUI,,K09F,,,Pavel Kotov,R,191.0,RUS,,7-6(5) 7-5,3,R16,108.0,6.0,1.0,74,45.0,38,15.0,12.0,4.0,5.0,5.0,1.0,84.0,54.0,38.0,16.0,12.0,5.0,7,254.0,214,485.0,89
2026-2971,San Diego,Hard,32,C,20260126.0,24,KC12,,,Mitchell Krueger,R,188.0,USA,,S0TM,,,Toby Samuel,R,191.0,GBR,,6-4 6-4,3,R16,95.0,1.0,2.0,60,38.0,31,11.0,10.0,5.0,6.0,5.0,5.0,72.0,47.0,31.0,10.0,10.0,8.0,11,205.0,287,251.0,218
2026-2971,San Diego,Hard,32,C,20260126.0,25,K0AH,,,Sebastian Korda,R,196.0,USA,,D0DP,6.0,,Liam Draxl,R,185.0,CAN,,7-6(4) 6-4,3,QF,95.0,10.0,2.0,75,40.0,31,21.0,11.0,0.0,1.0,4.0,1.0,73.0,52.0,40.0,8.0,11.0,3.0,5,53.0,975,145.0,429
2026-2971,San Diego,Hard,32,C,20260126.0,26,SY67,5.0,,Sho Shimabukuro,R,180.0,JPN,,H0BH,2.0,,Rinky Hijikata,R,178.0,AUS,,6-4 6-4,3,QF,92.0,3.0,5.0,61,32.0,20,10.0,10.0,3.0,8.0,0.0,7.0,73.0,34.0,18.0,14.0,10.0,5.0,12,144.0,430,114.0,542
2026-2971,San Diego,Hard,32,C,20260126.0,27,K0A3,3.0,,Patrick Kypson,R,188.0,USA,,S0ZE,,,Colton Smith,R,183.0,USA,,7-6(5) 6-0,3,QF,99.0,0.0,2.0,64,37.0,27,12.0,9.0,3.0,5.0,3.0,3.0,67.0,39.0,20.0,11.0,9.0,5.0,10,116.0,527,148.0,424
2026-2971,San Diego,Hard,32,C,20260126.0,28,S0K7,4.0,,Zachary Svajda,R,175.0,USA,,KC12,,,Mitchell Krueger,R,188.0,USA,,6-3 2-6 6-2,3,QF,100.0,4.0,3.0,74,41.0,30,19.0,13.0,2.0,5.0,1.0,0.0,69.0,50.0,32.0,8.0,12.0,4.0,8,143.0,431,205.0,287
2026-2971,San Diego,Hard,32,C,20260126.0,29,K0AH,,,Sebastian Korda,R,196.0,USA,,K0A3,3.0,,Patrick Kypson,R,188.0,USA,,7-6(4) 6-2,3,SF,89.0,8.0,3.0,67,45.0,33,10.0,10.0,3.0,5.0,6.0,4.0,58.0,38.0,25.0,7.0,10.0,1.0,5,53.0,975,116.0,527
2026-2971,San Diego,Hard,32,C,20260126.0,30,S0K7,4.0,,Zachary Svajda,R,175.0,USA,,SY67,5.0,,Sho Shimabukuro,R,180.0,JPN,,6-4 6-1,3,SF,67.0,3.0,1.0,50,26.0,22,14.0,9.0,2.0,3.0,3.0,1.0,61.0,32.0,18.0,13.0,8.0,5.0,9,143.0,431,144.0,430
2026-6239,Quimper,Hard,32,C,20260126.0,30,V0DZ,,,Luca Van Assche,R,178.0,FRA,,G0GW,,,Sascha Gueymard Wayenburg,R,191.0,FRA,,6-4 5-7 7-6(1),3,SF,173.0,5.0,2.0,101,66.0,44,17.0,17.0,3.0,8.0,20.0,2.0,114.0,70.0,51.0,14.0,17.0,6.0,11,165.0,352,199.0,298
2026-6239,Quimper,Hard,32,C,20260126.0,31,V0DZ,,,Luca Van Assche,R,178.0,FRA,,BU70,,,Remy Bertola,R,175.0,SUI,,3-6 6-1 7-5,3,F,123.0,9.0,2.0,77,46.0,37,19.0,14.0,1.0,2.0,3.0,3.0,87.0,48.0,34.0,21.0,14.0,1.0,4,165.0,352,254.0,214
2026-2971,San Diego,Hard,32,C,20260126.0,1,K0AH,,,Sebastian Korda,R,196.0,USA,,M0RG,,,Daniel Milavsky,R,193.0,USA,,6-4 7-5,3,R32,89.0,2.0,1.0,62,27.0,20,22.0,11.0,4.0,6.0,6.0,6.0,78.0,50.0,33.0,11.0,11.0,15.0,19,53.0,975,397.0,120
2026-2971,San Diego,Hard,32,C,20260126.0,2,H0BH,2.0,,Rinky Hijikata,R,178.0,AUS,,D0D4,,,Stefan Dostanic,R,188.0,USA,,2-6 6-3 6-2,3,R32,106.0,3.0,4.0,97,53.0,34,25.0,13.0,8.0,10.0,3.0,2.0,63.0,45.0,31.0,11.0,12.0,1.0,4,114.0,542,577.0,66
2026-2971,San Diego,Hard,32,C,20260126.0,3,K0A3,3.0,,Patrick Kypson,R,188.0,USA,,Z0AK,,,Tyler Zink,R,185.0,USA,,7-6(5) 6-1,3,R32,83.0,3.0,3.0,55,41.0,34,10.0,10.0,0.0,0.0,8.0,1.0,61.0,36.0,27.0,11.0,9.0,3.0,5,116.0,527,301.0,178
2026-2971,San Diego,Hard,32,C,20260126.0,4,S0K7,4.0,,Zachary Svajda,R,175.0,USA,,Z09K,,,Evan Zhu,R,185.0,USA,,6-2 6-4,3,R32,72.0,1.0,5.0,49,22.0,19,15.0,9.0,1.0,2.0,1.0,1.0,64.0,36.0,22.0,13.0,9.0,2.0,6,143.0,431,746.0,41
2026-2971,San Diego,Hard,32,C,20260126.0,5,SY67,5.0,,Sho Shimabukuro,R,180.0,JPN,,KE64,,,Stefan Kozlov,R,183.0,USA,,6-2 4-6 7-6(5),3,R32,164.0,5.0,1.0,105,53.0,33,27.0,15.0,5.0,11.0,1.0,8.0,99.0,58.0,40.0,12.0,15.0,7.0,14,144.0,430,285.0,190
2026-2971,San Diego,Hard,32,C,20260126.0,6,F0CK,,,Andrew Fenty,R,193.0,USA,,A0I1,,,Bor Artnak,R,193.0,SLO,,6-2 7-5,3,R32,104.0,1.0,1.0,71,62.0,42,5.0,10.0,5.0,6.0,1.0,3.0,57.0,33.0,22.0,11.0,10.0,5.0,9,460.0,98,488.0,89
2026-2971,San Diego,Hard,32,C,20260126.0,7,I0B0,,,Andre Ilagan,L,173.0,USA,,L0K7,,,Fryderyk Lechno Wasiutynski,R,188.0,POL,,6-1 7-5,3,R32,76.0,4.0,0.0,52,37.0,29,9.0,9.0,1.0,1.0,0.0,2.0,64.0,39.0,28.0,7.0,10.0,2.0,6,356.0,137,791.0,34
2026-9452,Concepcion,Clay,32,C,20260126.0,9,J0AW,,,Guido Ivan Justo,R,178.0,ARG,,T0H5,,,Benjamin Torrealba,L,180.0,CHI,,6-2 7-6(4),3,R32,112.0,2.0,0.0,60,41.0,31,7.0,10.0,1.0,4.0,3.0,5.0,65.0,35.0,21.0,12.0,10.0,5.0,10,378.0,128,832.0,31
2026-9452,Concepcion,Clay,32,C,20260126.0,10,R0A7,,,Joao Lucas Reis Da Silva,R,178.0,BRA,,S0GZ,,,Nikolas Sanchez Izquierdo,R,185.0,ESP,,6-4 6-2,3,R32,102.0,3.0,1.0,61,42.0,28,11.0,9.0,5.0,6.0,0.0,3.0,52.0,34.0,19.0,9.0,9.0,1.0,5,207.0,284,306.0,176
2026-9452,Concepcion,Clay,32,C,20260126.0,11,S0EK,,,Matias Soto,R,170.0,CHI,,KC29,,,Nicolas Kicker,R,178.0,ARG,,2-6 6-4 7-6(3),3,R32,170.0,2.0,4.0,98,51.0,31,25.0,15.0,4.0,9.0,1.0,3.0,101.0,56.0,37.0,23.0,15.0,5.0,9,389.0,122,258.0,210
2026-9452,Concepcion,Clay,32,C,20260126.0,12,T0AP,3.0,,Chun Hsin Tseng,R,175.0,TPE,,O660,,,Genaro Alberto Olivieri,R,175.0,ARG,,7-6(4) 6-1,3,R32,109.0,0.0,2.0,58,35.0,28,14.0,9.0,1.0,2.0,0.0,2.0,74.0,56.0,31.0,8.0,10.0,3.0,7,122.0,498,231.0,247
2026-9452,Concepcion,Clay,32,C,20260126.0,13,G0DH,8.0,,Alvaro Guillen Meza,R,175.0,ECU,,CC66,,,Andrea Collarini,L,183.0,ARG,,6-2 4-6 6-3,3,R32,153.0,0.0,5.0,73,36.0,25,17.0,14.0,1.0,6.0,0.0,1.0,81.0,48.0,24.0,16.0,13.0,1.0,8,195.0,305,233.0,247
2026-9452,Concepcion,Clay,32,C,20260126.0,14,M0OH,,,Lautaro Midon,R,180.0,ARG,,V0F6,,,Nicolas Villalon,R,180.0,CHI,,6-3 2-6 6-4,3,R32,109.0,1.0,1.0,71,33.0,21,19.0,13.0,1.0,6.0,0.0,3.0,71.0,47.0,27.0,13.0,14.0,1.0,7,232.0,247,992.0,18
2026-9452,Concepcion,Clay,32,C,20260126.0,15,MJ08,,,Thiago Monteiro,L,183.0,BRA,,D0CG,,,Facundo Diaz Acosta,L,183.0,ARG,,6-4 6-4,3,R32,98.0,3.0,2.0,52,28.0,20,18.0,10.0,2.0,3.0,4.0,5.0,55.0,28.0,18.0,16.0,10.0,4.0,7,196.0,304,247.0,224
2026-2971,San Diego,Hard,32,C,20260126.0,15,KC12,,,Mitchell Krueger,R,188.0,USA,,SK94,,,Cedrik Marcel Stebe,L,180.0,GER,,6-1 6-1,3,R32,60.0,2.0,0.0,40,26.0,21,10.0,7.0,4.0,4.0,0.0,6.0,54.0,29.0,14.0,10.0,7.0,6.0,11,205.0,287,326.0,158
2026-2971,San Diego,Hard,32,C,20260126.0,16,S0VM,,,Trevor Svajda,R,175.0,USA,,B0J8,,,Micah Braswell,R,183.0,USA,,6-2 6-2,3,R32,74.0,2.0,3.0,59,35.0,22,9.0,8.0,4.0,7.0,1.0,2.0,46.0,26.0,9.0,6.0,8.0,4.0,11,382.0,124,794.0,34
2026-2971,San Diego,Hard,32,C,20260126.0,17,K0AH,,,Sebastian Korda,R,196.0,USA,,I0B0,,,Andre Ilagan,L,173.0,USA,,6-2 4-6 6-3,3,R16,121.0,14.0,6.0,91,55.0,45,9.0,14.0,5.0,9.0,0.0,3.0,89.0,61.0,36.0,10.0,13.0,6.0,12,53.0,975,356.0,137
2026-2971,San Diego,Hard,32,C,20260126.0,18,H0BH,2.0,,Rinky Hijikata,R,178.0,AUS,,TA46,,,Bernard Tomic,R,196.0,AUS,,3-6 6-4 6-3,3,R16,103.0,5.0,2.0,81,42.0,24,21.0,14.0,8.0,14.0,3.0,2.0,78.0,43.0,27.0,14.0,14.0,4.0,11,114.0,542,185.0,317
2026-2971,San Diego,Hard,32,C,20260126.0,19,K0A3,3.0,,Patrick Kypson,R,188.0,USA,,J0B5,,,Garrett Johns,R,180.0,USA,,7-6(4) 6-2,3,R16,112.0,6.0,4.0,72,41.0,31,12.0,10.0,8.0,11.0,4.0,3.0,72.0,35.0,24.0,14.0,10.0,5.0,10,116.0,527,300.0,179
2026-2971,San Diego,Hard,32,C,20260126.0,20,S0K7,4.0,,Zachary Svajda,R,175.0,USA,,S0DQ,,,Keegan Smith,R,201.0,USA,,7-6(2) 6-4,3,R16,82.0,4.0,2.0,82,47.0,34,19.0,11.0,4.0,5.0,11.0,1.0,60.0,42.0,30.0,12.0,11.0,3.0,5,143.0,431,363.0,133
2026-2971,San Diego,Hard,32,C,20260126.0,21,SY67,5.0,,Sho Shimabukuro,R,180.0,JPN,,F0CK,,,Andrew Fenty,R,193.0,USA,,6-4 1-6 7-6(2),3,R16,165.0,5.0,8.0,122,68.0,41,25.0,14.0,12.0,17.0,5.0,1.0,95.0,74.0,43.0,13.0,15.0,4.0,8,144.0,430,460.0,98
2026-2971,San Diego,Hard,32,C,20260126.0,22,D0DP,6.0,,Liam Draxl,R,185.0,CAN,,S0VM,,,Trevor Svajda,R,175.0,USA,,6-3 6-4,3,R16,105.0,0.0,5.0,58,32.0,24,12.0,9.0,5.0,7.0,1.0,3.0,79.0,42.0,21.0,17.0,10.0,6.0,11,145.0,429,382.0,124
2026-2971,San Diego,Hard,32,C,20260126.0,23,S0ZE,,,Colton Smith,R,183.0,USA,,B0I5,,,Blaise Bicknell,R,191.0,JAM,,5-7 7-6(3) 6-1,3,R16,146.0,4.0,3.0,117,79.0,52,25.0,16.0,10.0,12.0,1.0,1.0,96.0,63.0,36.0,24.0,15.0,5.0,8,148.0,424,491.0,88
2026-9452,Concepcion,Clay,32,C,20260126.0,25,TE30,1.0,,Alejandro Tabilo,L,188.0,CHI,,M0OH,,,Lautaro Midon,R,180.0,ARG,,5-7 6-1 6-2,3,QF,120.0,1.0,2.0,74,50.0,37,9.0,13.0,0.0,3.0,6.0,6.0,79.0,52.0,32.0,8.0,14.0,3.0,10,79.0,737,232.0,247
2026-9452,Concepcion,Clay,32,C,20260126.0,26,BS86,2.0,,Tomas Barrios Vera,R,191.0,CHI,,J0AW,,,Guido Ivan Justo,R,178.0,ARG,,6-3 4-6 6-4,3,QF,153.0,1.0,8.0,80,44.0,33,18.0,14.0,2.0,5.0,3.0,3.0,92.0,58.0,35.0,18.0,15.0,7.0,12,107.0,565,378.0,128
2026-9452,Concepcion,Clay,32,C,20260126.0,27,CF01,,,Marco Cecchinato,R,185.0,ITA,,T0AP,3.0,,Chun Hsin Tseng,R,175.0,TPE,,6-2 6-2,3,QF,75.0,1.0,2.0,50,28.0,18,15.0,8.0,3.0,4.0,0.0,4.0,47.0,27.0,16.0,5.0,8.0,1.0,6,230.0,247,122.0,498
2026-9452,Concepcion,Clay,32,C,20260126.0,28,V0DP,6.0,,Adolfo Daniel Vallejo,R,183.0,PAR,,R0A7,,,Joao Lucas Reis Da Silva,R,178.0,BRA,,3-6 6-3 6-1,3,QF,125.0,3.0,4.0,71,40.0,31,18.0,12.0,0.0,1.0,1.0,5.0,96.0,53.0,38.0,17.0,13.0,6.0,10,146.0,428,207.0,284
2026-9452,Concepcion,Clay,32,C,20260126.0,29,TE30,1.0,,Alejandro Tabilo,L,188.0,CHI,,CF01,,,Marco Cecchinato,R,185.0,ITA,,6-3 6-1,3,SF,86.0,2.0,1.0,52,33.0,24,12.0,8.0,4.0,4.0,2.0,1.0,64.0,43.0,23.0,9.0,8.0,9.0,13,79.0,737,230.0,247
2026-9452,Concepcion,Clay,32,C,20260126.0,30,V0DP,6.0,,Adolfo Daniel Vallejo,R,183.0,PAR,,BS86,2.0,,Tomas Barrios Vera,R,191.0,CHI,,6-3 1-6 6-4,3,SF,148.0,5.0,4.0,74,47.0,27,18.0,13.0,2.0,6.0,3.0,7.0,94.0,48.0,27.0,23.0,13.0,12.0,16,146.0,428,107.0,565
2026-9452,Concepcion,Clay,32,C,20260126.0,31,V0DP,6.0,,Adolfo Daniel Vallejo,R,183.0,PAR,,TE30,1.0,,Alejandro Tabilo,L,188.0,CHI,,6-2 1-6 6-1,3,F,119.0,3.0,0.0,62,37.0,28,13.0,11.0,1.0,3.0,5.0,3.0,81.0,49.0,32.0,13.0,11.0,10.0,14,146.0,428,79.0,737
2026-2971,San Diego,Hard,32,C,20260126.0,31,S0K7,4.0,,Zachary Svajda,R,175.0,USA,,K0AH,,,Sebastian Korda,R,196.0,USA,,6-4 7-6(5),3,F,88.0,2.0,1.0,72,41.0,29,20.0,11.0,4.0,5.0,2.0,1.0,69.0,51.0,33.0,11.0,11.0,2.0,4,143.0,431,53.0,975
2026-9452,Concepcion,Clay,32,C,20260126.0,1,TE30,1.0,,Alejandro Tabilo,L,188.0,CHI,,V821,,,Gonzalo Villanueva,R,175.0,ARG,,7-5 6-4,3,R32,125.0,3.0,3.0,77,42.0,34,16.0,11.0,9.0,10.0,1.0,4.0,77.0,43.0,26.0,19.0,11.0,7.0,10,79.0,737,349.0,144
2026-9452,Concepcion,Clay,32,C,20260126.0,2,BS86,2.0,,Tomas Barrios Vera,R,191.0,CHI,,B0GR,,,Gonzalo Bueno,R,173.0,PER,,3-6 6-2 6-4,3,R32,157.0,5.0,4.0,93,57.0,33,14.0,14.0,7.0,14.0,1.0,4.0,84.0,44.0,23.0,16.0,13.0,11.0,19,107.0,565,215.0,271
2026-9452,Concepcion,Clay,32,C,20260126.0,3,L987,4.0,,Dusan Lajovic,R,183.0,SRB,,MJ98,,,Facundo Mena,R,183.0,ARG,,6-2 6-1,3,R32,59.0,4.0,1.0,42,27.0,23,10.0,8.0,3.0,3.0,2.0,6.0,41.0,19.0,11.0,7.0,7.0,1.0,5,125.0,497,328.0,157
2026-9452,Concepcion,Clay,32,C,20260126.0,4,T0DM,,,Juan Bautista Torres,R,178.0,ARG,,DA31,5.0,,Hugo Dellien,R,180.0,BOL,,0-6 6-4 6-1,3,R32,120.0,0.0,1.0,75,51.0,36,7.0,11.0,4.0,8.0,4.0,0.0,82.0,53.0,30.0,15.0,12.0,8.0,13,364.0,133,137.0,438
2026-9452,Concepcion,Clay,32,C,20260126.0,5,V0DP,6.0,,Adolfo Daniel Vallejo,R,183.0,PAR,,B0FI,,,Pedro Boscardin Dias,R,180.0,BRA,,6-2 6-4,3,R32,90.0,4.0,2.0,60,31.0,24,15.0,9.0,0.0,1.0,1.0,6.0,60.0,27.0,20.0,11.0,9.0,7.0,11,146.0,428,268.0,201
2026-9452,Concepcion,Clay,32,C,20260126.0,6,B0GY,7.0,,Alex Barrena,R,175.0,ARG,,P0DF,,,Matheus Pucinelli De Almeida,R,183.0,BRA,,1-6 7-6(5) 6-4,3,R32,156.0,5.0,6.0,96,46.0,30,23.0,14.0,11.0,17.0,1.0,8.0,92.0,49.0,30.0,22.0,15.0,3.0,8,190.0,312,297.0,180
2026-9452,Concepcion,Clay,32,C,20260126.0,7,CF01,,,Marco Cecchinato,R,185.0,ITA,,RD48,,,Igor Marcondes,L,185.0,BRA,,6-0 6-3,3,R32,70.0,1.0,0.0,40,25.0,22,8.0,7.0,1.0,1.0,2.0,3.0,59.0,40.0,17.0,8.0,8.0,7.0,12,230.0,247,402.0,118
2026-9452,Concepcion,Clay,32,C,20260126.0,8,SG56,,,Daniel Dutra Da Silva,L,,BRA,,DC48,,,Murkel Dellien,R,193.0,BOL,,6-3 6-1,3,R32,71.0,1.0,0.0,39,20.0,16,14.0,8.0,0.0,1.0,2.0,7.0,54.0,30.0,18.0,6.0,8.0,2.0,7,344.0,147,243.0,228
2026-2833,Oeiras 2,Hard,32,C,20260126.0,21,SN54,,,Frederico Ferreira Silva,L,178.0,POR,,G0FW,2.0,,Vilius Gaubas,R,178.0,LTU,,5-7 7-6(4) 7-5,3,R16,180.0,2.0,7.0,104,60.0,45,19.0,18.0,4.0,9.0,7.0,2.0,117.0,79.0,54.0,17.0,18.0,7.0,12,265.0,202,129.0,469
2026-2833,Oeiras 2,Hard,32,C,20260126.0,22,GE28,,,Ivan Gakhov,L,191.0,RUS,,K0FY,,,Mats Rosenkranz,L,193.0,GER,,6-4 7-6(2),3,R16,81.0,8.0,1.0,59,34.0,28,16.0,11.0,0.0,2.0,6.0,4.0,62.0,32.0,25.0,12.0,11.0,0.0,3,263.0,203,347.0,145
2026-2833,Oeiras 2,Hard,32,C,20260126.0,23,G0BY,,,Daniil Glinka,L,188.0,EST,,K926,,,Mikhail Kukushkin,R,183.0,KAZ,,6-3 6-4,3,R16,93.0,3.0,3.0,56,31.0,26,8.0,10.0,3.0,6.0,1.0,2.0,62.0,35.0,22.0,8.0,9.0,5.0,10,200.0,297,262.0,203
2026-2833,Oeiras 2,Hard,32,C,20260126.0,24,L0CX,,,Pablo Llamas Ruiz,R,188.0,ESP,,M0HT,,,Alejandro Moro Canas,R,183.0,ESP,,7-5 6-1,3,R16,103.0,3.0,1.0,67,43.0,32,14.0,10.0,3.0,3.0,2.0,2.0,59.0,35.0,24.0,10.0,9.0,5.0,8,213.0,274,246.0,225
2026-2833,Oeiras 2,Hard,32,C,20260126.0,25,GK06,,,Alexis Galarneau,R,180.0,CAN,,F0F2,4.0,,Jaime Faria,R,188.0,POR,,7-5 7-6(4),3,QF,145.0,3.0,9.0,105,65.0,39,23.0,12.0,7.0,10.0,5.0,4.0,93.0,61.0,40.0,13.0,12.0,4.0,8,214.0,272,151.0,413
2026-2833,Oeiras 2,Hard,32,C,20260126.0,26,SN54,,,Frederico Ferreira Silva,L,178.0,POR,,GE28,,,Ivan Gakhov,L,191.0,RUS,,6-3 6-4,3,QF,92.0,2.0,2.0,56,30.0,23,16.0,10.0,2.0,4.0,3.0,4.0,60.0,33.0,19.0,13.0,9.0,5.0,9,265.0,202,263.0,203
2026-2833,Oeiras 2,Hard,32,C,20260126.0,27,G0BY,,,Daniil Glinka,L,188.0,EST,,L0CX,,,Pablo Llamas Ruiz,R,188.0,ESP,,6-2 3-6 7-6(5),3,QF,142.0,4.0,1.0,113,68.0,46,20.0,15.0,5.0,9.0,4.0,2.0,88.0,54.0,37.0,15.0,14.0,4.0,8,200.0,297,213.0,274
2026-2833,Oeiras 2,Hard,32,C,20260126.0,1,R0E0,,,Chris Rodesch,R,198.0,LUX,,M0K4,1.0,,Elmer Moller,R,183.0,DEN,,6-3 RET,3,R32,53.0,1.0,1.0,28,20.0,16,4.0,5.0,0.0,0.0,2.0,4.0,48.0,25.0,17.0,10.0,4.0,8.0,9,209.0,281,119.0,517
2026-2833,Oeiras 2,Hard,32,C,20260126.0,2,G0FW,2.0,,Vilius Gaubas,R,178.0,LTU,,D0DT,,,Martin Damm,L,203.0,USA,,6-7(4) 6-3 7-6(3),3,R32,169.0,4.0,2.0,109,79.0,58,18.0,16.0,6.0,7.0,16.0,9.0,107.0,64.0,51.0,20.0,17.0,4.0,7,129.0,469,177.0,333
2026-2833,Oeiras 2,Hard,32,C,20260126.0,3,K926,,,Mikhail Kukushkin,R,183.0,KAZ,,L0IL,,,Martin Landaluce,R,193.0,ESP,,6-2 6-1,3,R32,66.0,1.0,2.0,50,34.0,25,9.0,8.0,1.0,1.0,2.0,4.0,36.0,21.0,13.0,5.0,7.0,2.0,6,262.0,203,149.0,420
2026-2833,Oeiras 2,Hard,32,C,20260126.0,4,F0F2,4.0,,Jaime Faria,R,188.0,POR,,P0K4,,,Tiago Pereira,R,0.0,PRT,,4-6 6-3 6-4,3,R32,103.0,4.0,6.0,88,47.0,40,21.0,15.0,4.0,6.0,2.0,4.0,81.0,48.0,35.0,17.0,14.0,5.0,8,151.0,413,267.0,202
2026-9452,Concepcion,Clay,32,C,20260126.0,16,V836,,,Juan Pablo Varillas,R,185.0,PER,,MW75,,,Felipe Meligeni Alves,R,185.0,BRA,,7-5 6-2,3,R32,94.0,3.0,3.0,61,31.0,23,17.0,10.0,3.0,5.0,1.0,1.0,64.0,32.0,18.0,16.0,10.0,5.0,10,244.0,227,225.0,251
2026-9452,Concepcion,Clay,32,C,20260126.0,17,TE30,1.0,,Alejandro Tabilo,L,188.0,CHI,,S0EK,,,Matias Soto,R,170.0,CHI,,6-2 6-3,3,R16,85.0,7.0,1.0,52,33.0,27,10.0,8.0,3.0,3.0,1.0,6.0,64.0,38.0,21.0,12.0,9.0,7.0,11,79.0,737,389.0,122
2026-9452,Concepcion,Clay,32,C,20260126.0,18,BS86,2.0,,Tomas Barrios Vera,R,191.0,CHI,,MJ08,,,Thiago Monteiro,L,183.0,BRA,,6-2 7-5,3,R16,102.0,3.0,2.0,67,44.0,29,14.0,10.0,9.0,10.0,3.0,0.0,51.0,24.0,16.0,15.0,10.0,0.0,4,107.0,565,196.0,304
2026-9452,Concepcion,Clay,32,C,20260126.0,19,T0AP,3.0,,Chun Hsin Tseng,R,175.0,TPE,,SG56,,,Daniel Dutra Da Silva,L,,BRA,,7-5 6-4,3,R16,116.0,2.0,2.0,78,38.0,24,22.0,11.0,10.0,13.0,3.0,5.0,58.0,23.0,15.0,15.0,11.0,1.0,6,122.0,498,344.0,147
2026-9452,Concepcion,Clay,32,C,20260126.0,20,R0A7,,,Joao Lucas Reis Da Silva,R,178.0,BRA,,L987,4.0,,Dusan Lajovic,R,183.0,SRB,,6-3 2-6 6-1,3,R16,132.0,1.0,2.0,93,53.0,32,23.0,12.0,8.0,11.0,5.0,4.0,73.0,39.0,22.0,17.0,12.0,8.0,13,207.0,284,125.0,497
2026-9452,Concepcion,Clay,32,C,20260126.0,21,V0DP,6.0,,Adolfo Daniel Vallejo,R,183.0,PAR,,V836,,,Juan Pablo Varillas,R,185.0,PER,,6-4 6-2,3,R16,99.0,3.0,2.0,50,29.0,20,14.0,9.0,1.0,2.0,3.0,4.0,69.0,38.0,20.0,14.0,9.0,8.0,12,146.0,428,244.0,227
2026-9452,Concepcion,Clay,32,C,20260126.0,22,M0OH,,,Lautaro Midon,R,180.0,ARG,,B0GY,7.0,,Alex Barrena,R,175.0,ARG,,6-2 7-5,3,R16,112.0,0.0,5.0,78,46.0,32,14.0,10.0,5.0,7.0,1.0,1.0,77.0,43.0,22.0,18.0,10.0,6.0,11,232.0,247,190.0,312
2026-9452,Concepcion,Clay,32,C,20260126.0,23,CF01,,,Marco Cecchinato,R,185.0,ITA,,G0DH,8.0,,Alvaro Guillen Meza,R,175.0,ECU,,7-5 6-1,3,R16,91.0,1.0,3.0,65,39.0,24,18.0,10.0,4.0,6.0,2.0,5.0,52.0,30.0,15.0,12.0,9.0,4.0,9,230.0,247,195.0,305
2026-9452,Concepcion,Clay,32,C,20260126.0,24,J0AW,,,Guido Ivan Justo,R,178.0,ARG,,T0DM,,,Juan Bautista Torres,R,178.0,ARG,,6-3 6-2,3,R16,113.0,0.0,1.0,56,35.0,23,11.0,9.0,5.0,7.0,0.0,2.0,56.0,37.0,16.0,10.0,8.0,7.0,12,378.0,128,364.0,133
2026-2833,Oeiras 2,Hard,32,C,20260126.0,5,KE64,,,Inaki Montes De La Torre,R,178.0,ESP,,KH56,8.0,,Zdenek Kolar,R,183.0,CZE,,7-6(4) 7-6(4),3,R32,145.0,5.0,6.0,93,47.0,30,24.0,12.0,6.0,11.0,0.0,5.0,88.0,57.0,33.0,15.0,12.0,4.0,9,285.0,190,176.0,337
2026-2833,Oeiras 2,Hard,32,C,20260126.0,6,G0IB,,,Diego Dedura,,,,,HB48,,,Calvin Hemery,R,191.0,FRA,,6-4 2-6 6-3,3,R32,115.0,1.0,4.0,91,63.0,37,17.0,14.0,4.0,8.0,10.0,8.0,84.0,51.0,36.0,13.0,13.0,6.0,10,283.0,193,260.0,208
2026-2833,Oeiras 2,Hard,32,C,20260126.0,7,BI23,,,Mathys Erhard,R,188.0,FRA,,U120,,,Kaichi Uchida,R,180.0,JPN,,7-6(4) 6-2,3,R32,,,,,,,,,,,,,,,,,,,,294.0,183,248.0,224
2026-2833,Oeiras 2,Hard,32,C,20260126.0,8,SN54,,,Frederico Ferreira Silva,L,178.0,POR,,P0IY,,,Juan Carlos Prado Angelo,R,185.0,BOL,,6-2 6-3,3,R32,76.0,1.0,1.0,46,32.0,20,8.0,8.0,0.0,2.0,0.0,3.0,58.0,33.0,15.0,10.0,9.0,5.0,11,265.0,202,210.0,279
2026-2833,Oeiras 2,Hard,32,C,20260126.0,9,GK06,,,Alexis Galarneau,R,180.0,CAN,,K0EP,,,Jerome Kym,R,198.0,SUI,,6-2 6-2,3,R32,70.0,3.0,6.0,53,26.0,20,12.0,8.0,2.0,4.0,2.0,2.0,49.0,19.0,10.0,9.0,8.0,4.0,10,214.0,272,187.0,315
2026-2833,Oeiras 2,Hard,32,C,20260126.0,10,G0BY,,,Daniil Glinka,L,188.0,EST,,E698,,,Gastao Elias,R,180.0,POR,,6-2 6-4,3,R32,91.0,6.0,1.0,56,34.0,25,12.0,9.0,1.0,2.0,0.0,5.0,72.0,37.0,21.0,17.0,9.0,4.0,8,200.0,297,370.0,130
2026-2833,Oeiras 2,Hard,32,C,20260126.0,11,H09N,,,August Holmgren,R,188.0,DEN,,S0BT,,,Adria Soriano Barrera,R,191.0,COL,,7-6(4) 6-1,3,R32,76.0,2.0,3.0,57,36.0,30,10.0,10.0,0.0,2.0,0.0,7.0,55.0,30.0,21.0,9.0,9.0,3.0,7,193.0,305,359.0,135
2026-2965,Rosario,Clay,32,C,20260202.0,24,A0G7,,,Valerio Aboian,L,183.0,ARG,23.639,S0GZ,,,Nikolas Sanchez Izquierdo,R,185.0,ESP,26.888,7-5 6-4,3,R16,106.0,3.0,2.0,69,42.0,28,14.0,11.0,5.0,8.0,0.0,3.0,61.0,47.0,26.0,6.0,11.0,2.0,7,526.0,76,279.0,187
2026-2965,Rosario,Clay,32,C,20260202.0,23,PH64,8.0,,Andrea Pellegrino,R,185.0,ITA,28.865,A0IK,,,Luciano Emanuel Ambrogi,R,188.0,ARG,22.207,1-6 6-4 6-2,3,R16,131.0,7.0,2.0,90,58.0,31,22.0,13.0,4.0,8.0,8.0,5.0,85.0,43.0,30.0,18.0,12.0,8.0,12,143.0,431,424.0,111
2026-2965,Rosario,Clay,32,C,20260202.0,22,T0AP,6.0,,Chun Hsin Tseng,R,175.0,TPE,24.487,MJ98,,,Facundo Mena,R,183.0,ARG,33.363,6-3 7-5,3,R16,101.0,0.0,0.0,60,38.0,27,12.0,10.0,2.0,4.0,1.0,3.0,69.0,39.0,20.0,13.0,11.0,4.0,9,122.0,504,354.0,137
2026-2965,Rosario,Clay,32,C,20260202.0,21,C0C8,4.0,,Juan Manuel Cerundolo,L,183.0,ARG,24.216,T0DM,,,Juan Bautista Torres,R,178.0,ARG,23.838,3-6 6-4 6-3,3,R16,161.0,4.0,4.0,95,65.0,45,13.0,14.0,7.0,10.0,1.0,1.0,87.0,64.0,38.0,13.0,14.0,10.0,14,85.0,698,353.0,138
2026-2967,Brisbane 1,Hard,32,C,20260202.0,21,S0N0,2.0,,Tristan Schoolkate,R,183.0,AUS,24.934,TC01,,,Li Tu,R,183.0,AUS,29.687,6-3 6-4,3,R16,97.0,7.0,4.0,70,47.0,38,11.0,10.0,3.0,3.0,8.0,1.0,64.0,39.0,29.0,11.0,9.0,5.0,7,114.0,534,389.0,120
2026-2967,Brisbane 1,Hard,32,C,20260202.0,20,H0K0,,,Cruz Hewitt,R,185.0,AUS,17.144,N707,,,Naoki Nakagawa,R,180.0,JPN,29.205,6-4 3-6 6-1,3,R16,121.0,6.0,5.0,86,49.0,32,20.0,13.0,3.0,6.0,8.0,2.0,79.0,41.0,30.0,14.0,13.0,2.0,7,734.0,41,723.0,43
2026-2967,Brisbane 1,Hard,32,C,20260202.0,19,EA27,,,Blake Ellis,R,191.0,AUS,27.075,SX90,7.0,,Fajing Sun,R,178.0,CHN,29.333,7-6(5) 6-4,3,R16,100.0,19.0,6.0,69,43.0,36,12.0,11.0,0.0,1.0,6.0,1.0,75.0,50.0,35.0,13.0,11.0,8.0,10,518.0,77,273.0,196
2026-2967,Brisbane 1,Hard,32,C,20260202.0,18,S0IA,5.0,,Dane Sweeny,R,170.0,AUS,24.972,S0U5,,,Tai Sach,R,178.0,AUS,23.381,6-1 6-1,3,R16,59.0,4.0,2.0,44,29.0,22,8.0,7.0,0.0,0.0,0.0,1.0,39.0,24.0,10.0,5.0,7.0,3.0,8,151.0,397,589.0,64
2026-2967,Brisbane 1,Hard,32,C,20260202.0,17,M0OQ,4.0,,James Mccabe,R,188.0,AUS,22.582,H0BA,,,Shinji Hazawa,R,175.0,JPN,26.812,6-4 6-4,3,R16,82.0,7.0,3.0,50,29.0,28,12.0,10.0,0.0,0.0,2.0,2.0,70.0,51.0,37.0,6.0,10.0,4.0,6,208.0,289,915.0,23
2026-2967,Brisbane 1,Hard,32,C,20260202.0,16,S0AQ,,,Yuta Shimizu,L,163.0,JPN,26.653,TD55,,,Renta Tokuda,R,178.0,JPN,27.849,7-6(4) 1-6 6-4,3,R32,126.0,7.0,0.0,82,47.0,30,24.0,14.0,2.0,5.0,4.0,1.0,92.0,56.0,45.0,16.0,15.0,5.0,7,360.0,133,322.0,157
2026-2967,Brisbane 1,Hard,32,C,20260202.0,15,DA81,,,Taro Daniel,R,191.0,JPN,33.016,DC38,,,Jake Delaney,R,185.0,AUS,28.723,6-3 7-5,3,R32,92.0,7.0,0.0,48,32.0,28,10.0,10.0,1.0,2.0,6.0,2.0,65.0,40.0,26.0,10.0,11.0,3.0,7,400.0,118,469.0,93
2026-2967,Brisbane 1,Hard,32,C,20260202.0,14,U134,8.0,,Yasutaka Uchiyama,R,183.0,JPN,33.495,MI01,,,Hiroki Moriya,R,168.0,JPN,35.299,6-2 6-1,3,R32,82.0,6.0,2.0,51,33.0,22,12.0,7.0,2.0,2.0,1.0,4.0,49.0,28.0,13.0,9.0,8.0,6.0,11,326.0,154,505.0,81
2026-2967,Brisbane 1,Hard,32,C,20260202.0,13,S0UV,6.0,,Rei Sakamoto,R,193.0,JPN,19.611,S0TI,,,Philip Sekulic,R,191.0,AUS,22.412,6-3 6-4,3,R32,91.0,10.0,3.0,59,40.0,33,9.0,10.0,2.0,2.0,0.0,1.0,59.0,38.0,27.0,10.0,9.0,5.0,7,184.0,332,508.0,80
2026-2967,Brisbane 1,Hard,32,C,20260202.0,12,S0N0,2.0,,Tristan Schoolkate,R,183.0,AUS,24.934,B0EK,,,Moerani Bouzige,R,180.0,AUS,26.56,7-6(4) 6-2,3,R32,95.0,13.0,5.0,70,37.0,31,19.0,10.0,6.0,6.0,3.0,2.0,56.0,33.0,25.0,12.0,10.0,2.0,4,114.0,534,464.0,95
2026-2967,Brisbane 1,Hard,32,C,20260202.0,11,TC01,,,Li Tu,R,183.0,AUS,29.687,H0HS,,,Matt Hulme,R,191.0,AUS,26.96,3-6 6-3 7-5,3,R32,136.0,7.0,4.0,89,57.0,40,23.0,15.0,4.0,5.0,9.0,3.0,95.0,68.0,49.0,14.0,15.0,8.0,10,389.0,120,1030.0,15
2026-2967,Brisbane 1,Hard,32,C,20260202.0,10,S0U5,,,Tai Sach,R,178.0,AUS,23.381,J553,,,Omar Jasika,L,183.0,AUS,28.712,6-4 7-6(6),3,R32,99.0,2.0,1.0,71,44.0,31,16.0,11.0,4.0,6.0,3.0,3.0,68.0,45.0,29.0,14.0,11.0,6.0,9,589.0,64,349.0,141
2026-9154,Cleveland,Hard,32,C,20260202.0,10,P0MG,,,Raphael Perot,R,175.0,FRA,24.594,H0JL,,,Jay Friend,R,185.0,JPN,22.116,6-2 4-6 6-3,3,R32,120.0,2.0,4.0,99,60.0,42,19.0,14.0,2.0,4.0,5.0,3.0,80.0,43.0,31.0,17.0,13.0,1.0,5,404.0,117,483.0,88
2026-9154,Cleveland,Hard,32,C,20260202.0,9,J732,,,Ben Jones,R,193.0,GBR,27.71,S0W8,,,Aryan Shah,R,183.0,IND,20.2,4-6 6-3 6-4,3,R32,120.0,18.0,4.0,85,56.0,47,10.0,15.0,4.0,6.0,2.0,5.0,89.0,45.0,34.0,21.0,14.0,4.0,7,837.0,30,402.0,118
2026-9154,Cleveland,Hard,32,C,20260202.0,8,GH92,,,Borna Gojo,R,196.0,CRO,27.932,K0NP,,,Jack Kennedy,R,170.0,USA,17.665,6-0 6-0,3,R32,52.0,9.0,1.0,40,23.0,18,11.0,6.0,4.0,4.0,0.0,5.0,45.0,23.0,10.0,5.0,6.0,3.0,9,276.0,192,884.0,25
2026-9154,Cleveland,Hard,32,C,20260202.0,7,D0D4,,,Stefan Dostanic,R,188.0,USA,24.246,K0EM,,,Matt Kuhar,R,178.0,USA,29.629,6-1 6-2,3,R32,47.0,8.0,0.0,39,26.0,24,8.0,8.0,0.0,0.0,3.0,1.0,41.0,28.0,14.0,5.0,7.0,1.0,5,572.0,66,797.0,34
2026-9154,Cleveland,Hard,32,C,20260202.0,6,B0F8,,,Justin Boulais,L,183.0,CAN,24.287,B0ZN,,,Lincoln Battle,R,,USA,21.514,6-3 6-4,3,R32,84.0,5.0,1.0,57,36.0,26,10.0,10.0,4.0,6.0,2.0,1.0,59.0,34.0,21.0,8.0,9.0,4.0,8,560.0,68,,
2026-9154,Cleveland,Hard,32,C,20260202.0,5,M0NP,6.0,,Andres Martin,R,183.0,USA,24.575,I0B0,,,Andre Ilagan,L,173.0,USA,,7-6(7) 3-6 7-5,3,R32,155.0,11.0,6.0,124,85.0,61,12.0,16.0,6.0,11.0,6.0,3.0,120.0,81.0,53.0,19.0,17.0,9.0,14,274.0,195,346.0,142
2026-9154,Cleveland,Hard,32,C,20260202.0,4,V0DG,,,Quinn Vandecasteele,R,191.0,USA,23.422,C0HT,5.0,,Murphy Cassone,R,188.0,USA,23.466,7-6(2) 6-3,3,R32,87.0,9.0,2.0,77,36.0,32,21.0,11.0,6.0,7.0,4.0,1.0,74.0,52.0,34.0,11.0,10.0,4.0,6,581.0,65,244.0,227
2026-9154,Cleveland,Hard,32,C,20260202.0,3,B0EJ,3.0,,Tristan Boyer,R,188.0,USA,24.786,J0B5,,,Garrett Johns,R,180.0,USA,25.128,6-4 6-4,3,R32,80.0,6.0,4.0,60,36.0,31,10.0,10.0,4.0,5.0,3.0,5.0,64.0,36.0,26.0,12.0,10.0,4.0,7,218.0,262,288.0,183
2026-9154,Cleveland,Hard,32,C,20260202.0,2,S0ZE,2.0,,Colton Smith,R,183.0,USA,22.916,K0DB,,,Cannon Kingsley,R,191.0,USA,24.745,3-6 7-6(6) 6-4,3,R32,135.0,6.0,3.0,89,57.0,43,18.0,15.0,2.0,5.0,11.0,2.0,121.0,77.0,53.0,21.0,16.0,5.0,8,161.0,371,492.0,86
2026-9154,Cleveland,Hard,32,C,20260202.0,1,M0C2,,,Dan Martin,R,175.0,CAN,26.738,SY67,1.0,,Sho Shimabukuro,R,180.0,JPN,28.512,6-3 6-4,3,R32,68.0,2.0,1.0,50,30.0,23,14.0,10.0,0.0,1.0,4.0,5.0,59.0,30.0,20.0,12.0,9.0,4.0,7,399.0,118,141.0,441
2026-2967,Brisbane 1,Hard,32,C,20260202.0,31,S0IA,5.0,,Dane Sweeny,R,170.0,AUS,24.972,S0N0,2.0,,Tristan Schoolkate,R,183.0,AUS,24.934,3-6 7-6(5) 7-6(4),3,F,161.0,4.0,4.0,105,68.0,55,18.0,16.0,5.0,6.0,23.0,5.0,106.0,62.0,51.0,27.0,17.0,3.0,3,151.0,397,114.0,534
2026-2967,Brisbane 1,Hard,32,C,20260202.0,30,S0IA,5.0,,Dane Sweeny,R,170.0,AUS,24.972,U134,8.0,,Yasutaka Uchiyama,R,183.0,JPN,33.495,6-3 6-3,3,SF,73.0,4.0,2.0,50,30.0,23,15.0,9.0,3.0,3.0,6.0,1.0,56.0,34.0,25.0,9.0,9.0,4.0,7,151.0,397,326.0,154
2026-2967,Brisbane 1,Hard,32,C,20260202.0,29,S0N0,2.0,,Tristan Schoolkate,R,183.0,AUS,24.934,EA27,,,Blake Ellis,R,191.0,AUS,27.075,6-4 6-4,3,SF,83.0,11.0,1.0,48,30.0,30,10.0,10.0,0.0,0.0,5.0,4.0,74.0,42.0,32.0,13.0,10.0,10.0,12,114.0,534,518.0,77
2026-2967,Brisbane 1,Hard,32,C,20260202.0,28,S0IA,5.0,,Dane Sweeny,R,170.0,AUS,24.972,H0K0,,,Cruz Hewitt,R,185.0,AUS,17.144,6-1 6-1,3,QF,55.0,5.0,2.0,42,27.0,20,11.0,7.0,2.0,2.0,3.0,3.0,49.0,34.0,18.0,3.0,7.0,3.0,8,151.0,397,734.0,41
2026-2967,Brisbane 1,Hard,32,C,20260202.0,27,EA27,,,Blake Ellis,R,191.0,AUS,27.075,M0OQ,4.0,,James Mccabe,R,188.0,AUS,22.582,6-7(6) 6-4 6-3,3,QF,164.0,14.0,5.0,110,64.0,48,24.0,15.0,11.0,12.0,17.0,2.0,120.0,84.0,61.0,13.0,16.0,12.0,16,518.0,77,208.0,289
2026-2967,Brisbane 1,Hard,32,C,20260202.0,26,U134,8.0,,Yasutaka Uchiyama,R,183.0,JPN,33.495,BI81,3.0,,Alex Bolt,L,183.0,AUS,33.076,6-2 6-7(9) 6-2,3,QF,132.0,16.0,3.0,99,57.0,45,24.0,14.0,4.0,5.0,5.0,6.0,101.0,65.0,44.0,15.0,14.0,5.0,10,326.0,154,188.0,327
2026-9154,Cleveland,Hard,32,C,20260202.0,26,S0DQ,,,Keegan Smith,R,201.0,USA,27.614,KE64,7.0,,Stefan Kozlov,R,183.0,USA,28.003,6-3 6-2,3,QF,79.0,8.0,2.0,57,41.0,31,11.0,9.0,3.0,3.0,0.0,2.0,61.0,43.0,27.0,7.0,8.0,10.0,13,338.0,145,283.0,184
2026-9154,Cleveland,Hard,32,C,20260202.0,25,S0ZE,2.0,,Colton Smith,R,183.0,USA,22.916,D0D4,,,Stefan Dostanic,R,188.0,USA,24.246,6-4 7-6(4),3,QF,88.0,5.0,3.0,73,52.0,34,12.0,11.0,5.0,7.0,3.0,1.0,65.0,47.0,30.0,9.0,11.0,1.0,4,161.0,371,572.0,66
2026-9154,Cleveland,Hard,32,C,20260202.0,24,S0DQ,,,Keegan Smith,R,201.0,USA,27.614,G0IW,,,Antoine Ghibaudo,R,191.0,FRA,21.021,7-6(4) 7-5,3,R16,99.0,4.0,3.0,77,57.0,41,13.0,12.0,2.0,2.0,3.0,4.0,78.0,47.0,37.0,15.0,12.0,1.0,2,338.0,145,356.0,134
2026-9154,Cleveland,Hard,32,C,20260202.0,23,M0RG,,,Daniel Milavsky,R,193.0,USA,24.392,M0C2,,,Dan Martin,R,175.0,CAN,26.738,7-6(1) 6-3,3,R16,85.0,11.0,3.0,60,34.0,29,18.0,10.0,2.0,2.0,0.0,3.0,73.0,41.0,26.0,17.0,11.0,1.0,3,441.0,106,399.0,118
2026-9154,Cleveland,Hard,32,C,20260202.0,22,D0D4,,,Stefan Dostanic,R,188.0,USA,24.246,LI10,,,Christian Langmo,R,191.0,USA,29.673,6-3 6-7(8) 6-4,3,R16,138.0,4.0,4.0,101,67.0,55,20.0,16.0,4.0,4.0,9.0,2.0,120.0,83.0,59.0,17.0,15.0,12.0,14,572.0,66,340.0,144
2026-9154,Cleveland,Hard,32,C,20260202.0,21,KE64,7.0,,Stefan Kozlov,R,183.0,USA,28.003,P0MG,,,Raphael Perot,R,175.0,FRA,24.594,7-6(5) 3-6 6-3,3,R16,135.0,10.0,5.0,82,49.0,36,18.0,15.0,4.0,8.0,3.0,3.0,101.0,72.0,42.0,16.0,15.0,4.0,8,283.0,184,404.0,117
2026-9154,Cleveland,Hard,32,C,20260202.0,20,V0DG,,,Quinn Vandecasteele,R,191.0,USA,23.422,B0F8,,,Justin Boulais,L,183.0,CAN,24.287,6-2 6-4,3,R16,71.0,7.0,1.0,63,38.0,28,15.0,9.0,1.0,1.0,2.0,3.0,60.0,38.0,24.0,9.0,9.0,7.0,10,581.0,65,560.0,68
2026-9154,Cleveland,Hard,32,C,20260202.0,19,S0NN,,,Joshua Sheehy,L,188.0,USA,29.013,M0NP,6.0,,Andres Martin,R,183.0,USA,24.575,7-6(3) 6-3,3,R16,85.0,11.0,4.0,75,46.0,38,15.0,11.0,5.0,5.0,4.0,1.0,63.0,42.0,31.0,11.0,10.0,0.0,1,678.0,49,274.0,195
2026-9154,Cleveland,Hard,32,C,20260202.0,18,GH92,,,Borna Gojo,R,196.0,CRO,27.932,B0EJ,3.0,,Tristan Boyer,R,188.0,USA,24.786,6-4 6-2,3,R16,67.0,7.0,0.0,54,30.0,26,13.0,9.0,3.0,3.0,2.0,0.0,45.0,32.0,21.0,8.0,9.0,2.0,5,276.0,192,218.0,262
2026-9154,Cleveland,Hard,32,C,20260202.0,17,S0ZE,2.0,,Colton Smith,R,183.0,USA,22.916,J732,,,Ben Jones,R,193.0,GBR,27.71,6-1 7-5,3,R16,72.0,5.0,1.0,53,39.0,33,8.0,10.0,0.0,0.0,3.0,0.0,51.0,32.0,23.0,8.0,9.0,5.0,8,161.0,371,837.0,30
2026-9154,Cleveland,Hard,32,C,20260202.0,16,M0RG,,,Daniel Milavsky,R,193.0,USA,24.392,B0PW,,,Kaylan Bigun,L,183.0,USA,19.699,6-4 6-3,3,R32,76.0,10.0,2.0,70,42.0,36,11.0,10.0,7.0,8.0,6.0,6.0,57.0,32.0,25.0,8.0,9.0,3.0,6,441.0,106,710.0,45
2026-9154,Cleveland,Hard,32,C,20260202.0,15,LI10,,,Christian Langmo,R,191.0,USA,29.673,RG42,8.0,,Alex Rybakov,L,185.0,USA,29.016,7-6(6) 6-3,3,R32,110.0,6.0,4.0,80,46.0,32,22.0,11.0,5.0,6.0,5.0,3.0,60.0,41.0,33.0,8.0,10.0,0.0,2,340.0,144,297.0,177
2026-9154,Cleveland,Hard,32,C,20260202.0,14,KE64,7.0,,Stefan Kozlov,R,183.0,USA,28.003,SK94,,,Cedrik Marcel Stebe,L,180.0,GER,35.318,3-6 6-2 6-3,3,R32,125.0,2.0,4.0,90,51.0,35,23.0,13.0,8.0,9.0,2.0,2.0,83.0,48.0,33.0,18.0,13.0,4.0,7,283.0,184,320.0,158
2026-9154,Cleveland,Hard,32,C,20260202.0,13,G0IW,,,Antoine Ghibaudo,R,191.0,FRA,21.021,TA46,4.0,,Bernard Tomic,R,196.0,AUS,33.284,6-1 6-3,3,R32,60.0,3.0,2.0,45,23.0,21,11.0,8.0,1.0,2.0,1.0,4.0,54.0,27.0,13.0,12.0,8.0,4.0,9,356.0,134,194.0,313
2026-9154,Cleveland,Hard,32,C,20260202.0,12,S0DQ,,,Keegan Smith,R,201.0,USA,27.614,Z0AK,,,Tyler Zink,R,185.0,USA,25.008,6-3 6-7(5) 7-6(3),3,R32,129.0,10.0,3.0,108,79.0,58,21.0,17.0,2.0,2.0,7.0,2.0,102.0,66.0,50.0,23.0,16.0,0.0,1,338.0,145,332.0,150
2026-9154,Cleveland,Hard,32,C,20260202.0,11,S0NN,,,Joshua Sheehy,L,188.0,USA,29.013,P0C1,,,Karl Poling,L,185.0,USA,26.5,7-6(1) 7-6(4),3,R32,128.0,14.0,5.0,88,40.0,31,28.0,12.0,8.0,9.0,2.0,4.0,101.0,56.0,37.0,24.0,12.0,5.0,6,678.0,49,562.0,68
2026-9623,Tenerife 1,Hard,32,C,20260202.0,11,V0J1,,,Jacopo Vasami,L,193.0,ITA,18.125,B0JP,,,Dali Blanch,R,185.0,USA,22.916,7-6(5) 3-6 7-6(5),3,R32,155.0,5.0,3.0,109,68.0,51,24.0,16.0,4.0,5.0,15.0,2.0,108.0,67.0,57.0,22.0,17.0,1.0,1,661.0,51,452.0,101
2026-9623,Tenerife 1,Hard,32,C,20260202.0,10,S0XE,,,Alejo Sanchez Quilez,R,180.0,ESP,20.608,CG33,,,Kimmer Coppejans,R,178.0,BEL,31.986,1-6 7-6(7) 6-4,3,R32,157.0,3.0,1.0,102,61.0,34,22.0,14.0,9.0,15.0,7.0,3.0,103.0,71.0,49.0,10.0,15.0,9.0,14,658.0,52,250.0,221
2026-9623,Tenerife 1,Hard,32,C,20260202.0,9,R0FP,,,Daniel Rincon,L,185.0,ESP,23.072,HH06,,,Marc Andrea Huesler,L,196.0,SUI,29.61,7-6(6) 7-5,3,R32,110.0,3.0,1.0,72,47.0,37,15.0,12.0,0.0,1.0,5.0,1.0,89.0,61.0,37.0,17.0,12.0,8.0,10,261.0,207,233.0,244
2026-9623,Tenerife 1,Hard,32,C,20260202.0,8,M0EA,,,Pol Martin Tiffon,R,183.0,ESP,26.513,C0P0,,,Sergio Callejon Hernando,R,175.0,ESP,21.38,6-3 6-1,3,R32,68.0,3.0,3.0,51,20.0,17,16.0,8.0,0.0,1.0,2.0,3.0,43.0,23.0,14.0,5.0,8.0,4.0,9,265.0,203,521.0,77
2026-9623,Tenerife 1,Hard,32,C,20260202.0,7,D0CN,,,Miguel Damas,R,208.0,ESP,26.119,F0HO,,,Thomas Faurel,R,178.0,FRA,20.033,6-3 6-4,3,R32,80.0,0.0,0.0,55,37.0,26,8.0,10.0,0.0,3.0,2.0,1.0,49.0,30.0,15.0,9.0,9.0,1.0,6,321.0,158,455.0,98
2026-9623,Tenerife 1,Hard,32,C,20260202.0,6,BV25,,,Javier Barranco Cosano,L,180.0,ESP,27.211,C0PG,,,Andrea Colombo,R,203.0,ITA,23.247,6-3 6-1,3,R32,63.0,3.0,0.0,49,37.0,28,9.0,8.0,3.0,3.0,1.0,1.0,42.0,25.0,13.0,7.0,8.0,1.0,5,361.0,132,1504.0,4
2026-9623,Tenerife 1,Hard,32,C,20260202.0,5,M0HT,8.0,,Alejandro Moro Canas,R,183.0,ESP,25.155,V0DQ,,,Iiro Vasa,R,183.0,FIN,23.417,3-6 6-3 7-5,3,R32,149.0,2.0,0.0,97,68.0,45,19.0,15.0,7.0,8.0,8.0,3.0,98.0,57.0,43.0,22.0,15.0,6.0,8,246.0,223,1841.0,1
2026-9623,Tenerife 1,Hard,32,C,20260202.0,4,GA79,4.0,,Lorenzo Giustino,R,180.0,ITA,34.398,A0KQ,,,Izan Almazan Valiente,R,191.0,ESP,19.923,7-6(2) 7-5,3,R32,96.0,8.0,0.0,68,44.0,37,15.0,12.0,0.0,1.0,2.0,2.0,64.0,43.0,31.0,13.0,12.0,0.0,2,209.0,284,865.0,27
2026-9623,Tenerife 1,Hard,32,C,20260202.0,3,TA12,3.0,,Stefano Travaglia,R,185.0,ITA,34.1,F0A3,,,Sergey Fomin,R,180.0,UZB,25.002,6-3 6-0,3,R32,54.0,7.0,0.0,40,21.0,19,14.0,8.0,3.0,3.0,0.0,2.0,41.0,29.0,11.0,7.0,7.0,0.0,4,178.0,340,330.0,151
2026-9623,Tenerife 1,Hard,32,C,20260202.0,2,M0N7,2.0,,Daniel Merida,R,188.0,ESP,21.352,S0TM,,,Toby Samuel,R,191.0,GBR,23.409,6-2 6-4,3,R32,62.0,3.0,0.0,53,35.0,20,10.0,9.0,3.0,6.0,1.0,0.0,54.0,33.0,16.0,8.0,9.0,6.0,12,183.0,336,245.0,225
2026-9623,Tenerife 1,Hard,32,C,20260202.0,1,M0IF,1.0,,Francesco Maestrelli,R,196.0,ITA,23.118,E0AC,,,Mathys Erhard,R,188.0,FRA,24.271,6-3 7-6(4),3,R32,100.0,0.0,2.0,62,43.0,37,9.0,11.0,1.0,2.0,3.0,2.0,62.0,51.0,35.0,7.0,10.0,2.0,4,117.0,512,319.0,159
2026-9154,Cleveland,Hard,32,C,20260202.0,31,S0ZE,2.0,,Colton Smith,R,183.0,USA,22.916,GH92,,,Borna Gojo,R,196.0,CRO,27.932,6-4 7-5,3,F,91.0,4.0,1.0,65,46.0,33,12.0,11.0,1.0,2.0,7.0,2.0,70.0,44.0,27.0,16.0,11.0,0.0,3,161.0,371,276.0,192
2026-9154,Cleveland,Hard,32,C,20260202.0,30,GH92,,,Borna Gojo,R,196.0,CRO,27.932,S0NN,,,Joshua Sheehy,L,188.0,USA,29.013,6-3 7-6(8),3,SF,85.0,11.0,5.0,65,40.0,39,11.0,11.0,1.0,2.0,7.0,4.0,62.0,31.0,24.0,19.0,10.0,1.0,3,276.0,192,678.0,49
2026-9154,Cleveland,Hard,32,C,20260202.0,29,S0ZE,2.0,,Colton Smith,R,183.0,USA,22.916,S0DQ,,,Keegan Smith,R,201.0,USA,27.614,7-6(4) 6-1,3,SF,76.0,2.0,0.0,54,37.0,24,10.0,9.0,3.0,5.0,3.0,2.0,67.0,47.0,38.0,12.0,10.0,3.0,3,161.0,371,338.0,145
2026-9154,Cleveland,Hard,32,C,20260202.0,28,S0NN,,,Joshua Sheehy,L,188.0,USA,29.013,M0RG,,,Daniel Milavsky,R,193.0,USA,24.392,7-6(4) 6-7(0) 7-6(6),3,QF,163.0,19.0,5.0,115,66.0,53,33.0,18.0,3.0,3.0,18.0,6.0,128.0,79.0,68.0,21.0,18.0,5.0,5,678.0,49,441.0,106
2026-9154,Cleveland,Hard,32,C,20260202.0,27,GH92,,,Borna Gojo,R,196.0,CRO,27.932,V0DG,,,Quinn Vandecasteele,R,191.0,USA,23.422,6-4 6-4,3,QF,102.0,2.0,5.0,64,34.0,25,14.0,10.0,2.0,5.0,3.0,4.0,90.0,50.0,32.0,12.0,10.0,11.0,16,276.0,192,581.0,65
2026-9623,Tenerife 1,Hard,32,C,20260202.0,27,TA12,3.0,,Stefano Travaglia,R,185.0,ITA,34.1,BV25,,,Javier Barranco Cosano,L,180.0,ESP,27.211,6-2 6-1,3,QF,78.0,2.0,2.0,48,28.0,19,12.0,8.0,1.0,2.0,1.0,3.0,54.0,37.0,20.0,4.0,7.0,6.0,11,178.0,340,361.0,132
2026-9623,Tenerife 1,Hard,32,C,20260202.0,26,M0N7,2.0,,Daniel Merida,R,188.0,ESP,21.352,M0HT,8.0,,Alejandro Moro Canas,R,183.0,ESP,25.155,6-0 6-2,3,QF,53.0,3.0,0.0,35,25.0,19,9.0,7.0,0.0,0.0,0.0,1.0,43.0,32.0,13.0,3.0,7.0,2.0,7,183.0,336,246.0,223
2026-9623,Tenerife 1,Hard,32,C,20260202.0,25,M0IF,1.0,,Francesco Maestrelli,R,196.0,ITA,23.118,L0CF,5.0,,George Loffhagen,R,188.0,GBR,24.791,6-4 6-4,3,QF,99.0,3.0,2.0,63,48.0,33,9.0,10.0,5.0,6.0,1.0,0.0,68.0,43.0,27.0,12.0,10.0,5.0,8,117.0,512,205.0,291
2026-9623,Tenerife 1,Hard,32,C,20260202.0,24,BV25,,,Javier Barranco Cosano,L,180.0,ESP,27.211,MP01,7.0,,Michael Mmoh,R,188.0,USA,28.063,7-6(1) 3-3 RET,3,R16,130.0,2.0,4.0,64,41.0,25,9.0,9.0,0.0,4.0,3.0,4.0,72.0,44.0,25.0,11.0,9.0,7.0,11,361.0,132,238.0,241
2026-9623,Tenerife 1,Hard,32,C,20260202.0,23,L0CF,5.0,,George Loffhagen,R,188.0,GBR,24.791,V0J1,,,Jacopo Vasami,L,193.0,ITA,18.125,7-5 6-3,3,R16,109.0,4.0,1.0,52,30.0,27,15.0,10.0,0.0,0.0,6.0,2.0,87.0,56.0,37.0,13.0,11.0,6.0,9,205.0,291,661.0,51
2026-9623,Tenerife 1,Hard,32,C,20260202.0,22,TA12,3.0,,Stefano Travaglia,R,185.0,ITA,34.1,P0I6,,,Gabriele Piraino,L,188.0,ITA,22.226,6-3 6-3,3,R16,99.0,6.0,2.0,63,38.0,27,13.0,9.0,1.0,2.0,2.0,1.0,52.0,35.0,20.0,8.0,9.0,2.0,6,178.0,340,362.0,132
2026-9623,Tenerife 1,Hard,32,C,20260202.0,21,M0IF,1.0,,Francesco Maestrelli,R,196.0,ITA,23.118,S0NV,,,Abdullah Shelbayh,L,180.0,JOR,22.215,6-3 6-1,3,R16,74.0,1.0,0.0,50,31.0,25,11.0,8.0,1.0,1.0,1.0,1.0,44.0,22.0,17.0,6.0,8.0,2.0,6,117.0,512,306.0,170
2026-9623,Tenerife 1,Hard,32,C,20260202.0,20,M0HT,8.0,,Alejandro Moro Canas,R,183.0,ESP,25.155,R0FP,,,Daniel Rincon,L,185.0,ESP,23.072,6-3 7-6(3),3,R16,101.0,3.0,0.0,63,50.0,34,4.0,11.0,3.0,7.0,3.0,0.0,62.0,36.0,20.0,10.0,10.0,2.0,7,246.0,223,261.0,207
2026-9623,Tenerife 1,Hard,32,C,20260202.0,19,M0EA,,,Pol Martin Tiffon,R,183.0,ESP,26.513,L0CX,6.0,,Pablo Llamas Ruiz,R,188.0,ESP,23.307,5-7 6-1 6-0,3,R16,118.0,1.0,2.0,74,47.0,30,13.0,12.0,3.0,7.0,1.0,1.0,99.0,79.0,35.0,10.0,13.0,11.0,20,265.0,203,204.0,292
2026-9623,Tenerife 1,Hard,32,C,20260202.0,18,GA79,4.0,,Lorenzo Giustino,R,180.0,ITA,34.398,D0CN,,,Miguel Damas,R,208.0,ESP,26.119,6-2 6-4,3,R16,90.0,5.0,0.0,55,36.0,24,12.0,9.0,6.0,7.0,1.0,1.0,55.0,39.0,21.0,8.0,9.0,1.0,5,209.0,284,321.0,158
2026-9623,Tenerife 1,Hard,32,C,20260202.0,17,M0N7,2.0,,Daniel Merida,R,188.0,ESP,21.352,S0XE,,,Alejo Sanchez Quilez,R,180.0,ESP,20.608,7-5 6-3,3,R16,85.0,4.0,2.0,61,34.0,22,15.0,10.0,4.0,7.0,0.0,4.0,67.0,41.0,22.0,11.0,11.0,3.0,9,183.0,336,658.0,52
2026-9623,Tenerife 1,Hard,32,C,20260202.0,16,S0NV,,,Abdullah Shelbayh,L,180.0,JOR,22.215,BU10,,,Jacopo Berrettini,R,191.0,ITA,27.184,6-3 6-2,3,R32,77.0,2.0,2.0,48,29.0,22,10.0,9.0,0.0,2.0,0.0,4.0,57.0,32.0,20.0,5.0,8.0,2.0,7,306.0,170,299.0,175
2026-9623,Tenerife 1,Hard,32,C,20260202.0,15,P0I6,,,Gabriele Piraino,L,188.0,ITA,22.226,K0E6,,,Alibek Kachmazov,R,185.0,RUS,23.463,7-6(2) 6-7(3) 6-2,3,R32,163.0,5.0,4.0,97,69.0,48,16.0,16.0,4.0,7.0,10.0,2.0,105.0,60.0,41.0,21.0,16.0,3.0,8,362.0,132,428.0,109
2026-9623,Tenerife 1,Hard,32,C,20260202.0,14,MP01,7.0,,Michael Mmoh,R,188.0,USA,28.063,K926,,,Mikhail Kukushkin,R,183.0,KAZ,38.105,7-5 7-6(7),3,R32,148.0,9.0,5.0,76,50.0,33,12.0,12.0,3.0,7.0,0.0,0.0,92.0,65.0,37.0,12.0,12.0,6.0,11,238.0,241,254.0,215
2026-9623,Tenerife 1,Hard,32,C,20260202.0,13,L0CX,6.0,,Pablo Llamas Ruiz,R,188.0,ESP,23.307,W0FH,,,Benjamin Willwerth,R,191.0,USA,18.585,6-2 6-2,3,R32,70.0,2.0,0.0,48,38.0,23,6.0,8.0,3.0,5.0,0.0,2.0,51.0,32.0,15.0,7.0,8.0,4.0,10,204.0,292,1593.0,3
2026-9623,Tenerife 1,Hard,32,C,20260202.0,12,L0CF,5.0,,George Loffhagen,R,188.0,GBR,24.791,O0A2,,,Gauthier Onclin,R,180.0,BEL,24.934,6-4 6-2,3,R32,102.0,8.0,4.0,53,32.0,25,11.0,9.0,2.0,3.0,0.0,3.0,64.0,39.0,21.0,10.0,9.0,5.0,9,205.0,291,318.0,160
2026-3077,Koblenz,Hard,32,C,20260202.0,12,R0ED,,,Max Hans Rehberg,R,183.0,GER,22.39,G0GZ,,,Liam Gavrielides,R,188.0,GER,22.01,6-3 6-2,3,R32,83.0,1.0,1.0,54,37.0,25,11.0,8.0,2.0,2.0,3.0,0.0,47.0,25.0,15.0,10.0,9.0,0.0,4,532.0,75,1563.0,3
2026-3077,Koblenz,Hard,32,C,20260202.0,11,K0FY,,,Martin Krumich,R,188.0,CZE,23.105,D0HM,,,Matthew William Donald,R,175.0,CZE,21.235,6-4 7-5,3,R32,111.0,6.0,3.0,75,45.0,31,16.0,11.0,6.0,8.0,2.0,3.0,65.0,36.0,25.0,13.0,11.0,1.0,5,339.0,145,601.0,61
2026-3077,Koblenz,Hard,32,C,20260202.0,10,K09F,,,Pavel Kotov,R,191.0,RUS,27.209,BU36,,,Alberto Barroso Campos,R,178.0,ESP,29.665,6-2 6-2,3,R32,71.0,5.0,0.0,44,34.0,28,6.0,8.0,2.0,2.0,3.0,1.0,54.0,37.0,20.0,6.0,8.0,5.0,9,470.0,92,531.0,76
2026-3077,Koblenz,Hard,32,C,20260202.0,9,G0IB,7.0,,Tom Gentzsch,R,191.0,GER,22.412,D0LJ,,,Diego Dedura,,,,,6-3 5-7 6-4,3,R32,128.0,4.0,5.0,95,55.0,41,22.0,16.0,4.0,7.0,1.0,1.0,86.0,67.0,42.0,11.0,15.0,2.0,6,277.0,192,314.0,164
2026-3077,Koblenz,Hard,32,C,20260202.0,8,Z09F,6.0,,Patrick Zahraj,R,191.0,GER,26.549,RH62,,,Mats Rosenkranz,L,193.0,GER,27.447,3-6 5-5 RET,3,R32,103.0,4.0,3.0,70,43.0,30,12.0,9.0,7.0,10.0,7.0,3.0,61.0,40.0,28.0,10.0,10.0,6.0,8,263.0,205,298.0,177
2026-3077,Koblenz,Hard,32,C,20260202.0,7,U120,4.0,,Kaichi Uchida,R,180.0,JPN,31.447,N830,,,Johan Nikles,R,173.0,SUI,28.865,6-4 6-1,3,R32,64.0,5.0,1.0,55,33.0,26,13.0,9.0,1.0,1.0,3.0,1.0,43.0,23.0,16.0,9.0,8.0,5.0,8,247.0,223,543.0,72
2026-3077,Koblenz,Hard,32,C,20260202.0,6,B0C5,,,Florian Broska,R,175.0,GER,28.088,M0ON,3.0,,Johannus Monday,L,198.0,GBR,24.03,6-3 1-0 RET,3,R32,44.0,4.0,0.0,31,26.0,19,3.0,5.0,0.0,1.0,2.0,1.0,35.0,23.0,13.0,4.0,5.0,2.0,5,365.0,131,236.0,244
2026-3077,Koblenz,Hard,32,C,20260202.0,5,W0BB,,,Max Wiskandt,R,191.0,GER,24.003,M0XQ,,,Niels McDonald,R,191.0,GER,18.021,7-5 2-6 6-3,3,R32,104.0,11.0,1.0,78,54.0,40,15.0,15.0,4.0,7.0,3.0,2.0,81.0,62.0,41.0,12.0,14.0,6.0,9,459.0,97,1065.0,13
2026-3077,Koblenz,Hard,32,C,20260202.0,4,M0AC,,,Rudolf Molleker,R,188.0,GER,25.27,M0BN,,,Marvin Moeller,R,178.0,GER,27.042,2-6 7-5 6-3,3,R32,114.0,7.0,2.0,93,61.0,48,12.0,15.0,5.0,8.0,14.0,2.0,81.0,54.0,40.0,15.0,14.0,4.0,7,442.0,106,444.0,105
2026-3077,Koblenz,Hard,32,C,20260202.0,3,G0CV,,,Buvaysar Gadamauri,R,180.0,BEL,25.566,S0AK,5.0,,Henri Squire,R,196.0,GER,25.35,2-6 6-1 6-3,3,R32,99.0,9.0,1.0,81,47.0,36,16.0,12.0,5.0,7.0,4.0,3.0,74.0,51.0,35.0,7.0,12.0,1.0,5,433.0,108,287.0,183
2026-3077,Koblenz,Hard,32,C,20260202.0,2,A09T,2.0,,Dan Added,R,183.0,FRA,26.809,MN20,,,Daniel Masur,R,183.0,GER,31.242,4-6 6-2 6-4,3,R32,117.0,5.0,2.0,84,47.0,36,18.0,14.0,5.0,8.0,11.0,5.0,87.0,46.0,31.0,19.0,14.0,5.0,10,203.0,295,501.0,83
2026-3077,Koblenz,Hard,32,C,20260202.0,1,KH56,1.0,,Zdenek Kolar,R,183.0,CZE,29.317,S0CG,,,Carlos Sanchez Jover,L,173.0,ESP,25.536,6-2 6-3,3,R32,66.0,4.0,1.0,38,19.0,17,15.0,8.0,0.0,0.0,1.0,2.0,61.0,36.0,22.0,11.0,9.0,4.0,8,181.0,337,350.0,141
2026-9623,Tenerife 1,Hard,32,C,20260202.0,31,M0N7,2.0,,Daniel Merida,R,188.0,ESP,21.352,M0IF,1.0,,Francesco Maestrelli,R,196.0,ITA,23.118,6-2 6-4,3,F,77.0,3.0,1.0,51,37.0,27,10.0,9.0,0.0,0.0,1.0,2.0,52.0,29.0,22.0,7.0,9.0,2.0,5,183.0,336,117.0,512
2026-9623,Tenerife 1,Hard,32,C,20260202.0,30,M0N7,2.0,,Daniel Merida,R,188.0,ESP,21.352,TA12,3.0,,Stefano Travaglia,R,185.0,ITA,34.1,6-1 3-6 7-5,3,SF,135.0,1.0,4.0,90,58.0,38,14.0,14.0,10.0,15.0,2.0,0.0,87.0,48.0,29.0,15.0,14.0,6.0,13,183.0,336,178.0,340
2026-9623,Tenerife 1,Hard,32,C,20260202.0,29,M0IF,1.0,,Francesco Maestrelli,R,196.0,ITA,23.118,M0EA,,,Pol Martin Tiffon,R,183.0,ESP,26.513,6-4 6-3,3,SF,92.0,6.0,1.0,57,37.0,30,10.0,9.0,4.0,4.0,0.0,3.0,67.0,41.0,29.0,11.0,10.0,8.0,11,117.0,512,265.0,203
2026-9623,Tenerife 1,Hard,32,C,20260202.0,28,M0EA,,,Pol Martin Tiffon,R,183.0,ESP,26.513,GA79,4.0,,Lorenzo Giustino,R,180.0,ITA,34.398,6-4 7-6(4),3,QF,109.0,5.0,1.0,69,44.0,36,15.0,11.0,0.0,0.0,7.0,3.0,76.0,43.0,36.0,14.0,11.0,5.0,6,265.0,203,209.0,284
2026-3077,Koblenz,Hard,32,C,20260202.0,28,K09F,,,Pavel Kotov,R,191.0,RUS,27.209,R0ED,,,Max Hans Rehberg,R,183.0,GER,22.39,6-2 6-4,3,QF,79.0,2.0,0.0,51,35.0,25,13.0,9.0,4.0,4.0,5.0,0.0,60.0,39.0,21.0,14.0,9.0,7.0,10,470.0,92,532.0,75
2026-3077,Koblenz,Hard,32,C,20260202.0,27,G0IB,7.0,,Tom Gentzsch,R,191.0,GER,22.412,B0C5,,,Florian Broska,R,175.0,GER,28.088,6-7(7) 6-2 6-2,3,QF,123.0,8.0,0.0,100,71.0,54,14.0,14.0,4.0,4.0,3.0,1.0,99.0,82.0,52.0,6.0,14.0,3.0,7,277.0,192,365.0,131
2026-3077,Koblenz,Hard,32,C,20260202.0,26,S0VU,,,Max Schoenhaus,R,180.0,GER,18.508,U120,4.0,,Kaichi Uchida,R,180.0,JPN,31.447,7-5 6-7(6) 6-2,3,QF,109.0,23.0,4.0,100,62.0,50,17.0,16.0,1.0,3.0,5.0,4.0,102.0,62.0,41.0,20.0,16.0,2.0,7,598.0,61,247.0,223
2026-3077,Koblenz,Hard,32,C,20260202.0,25,N731,,,Christoph Negritu,R,193.0,GER,31.871,A09T,2.0,,Dan Added,R,183.0,FRA,26.809,6-7(5) 7-5 6-4,3,QF,141.0,17.0,4.0,120,70.0,55,26.0,17.0,5.0,6.0,13.0,3.0,98.0,61.0,46.0,22.0,17.0,7.0,10,384.0,123,203.0,295
2026-3077,Koblenz,Hard,32,C,20260202.0,24,N731,,,Christoph Negritu,R,193.0,GER,31.871,C0I4,,,Tibo Colson,R,196.0,BEL,25.561,7-6(6) 7-6(4),3,R16,99.0,13.0,0.0,87,66.0,47,13.0,12.0,4.0,5.0,6.0,3.0,77.0,52.0,42.0,14.0,12.0,2.0,3,384.0,123,567.0,67
2026-3077,Koblenz,Hard,32,C,20260202.0,23,B0C5,,,Florian Broska,R,175.0,GER,28.088,F0BT,,,Jonas Forejtek,R,183.0,CZE,24.901,6-7(5) 6-3 6-4,3,R16,123.0,9.0,3.0,95,67.0,52,16.0,16.0,2.0,3.0,9.0,3.0,106.0,70.0,53.0,14.0,15.0,9.0,12,365.0,131,371.0,127
2026-3077,Koblenz,Hard,32,C,20260202.0,22,R0ED,,,Max Hans Rehberg,R,183.0,GER,22.39,G0CV,,,Buvaysar Gadamauri,R,180.0,BEL,25.566,6-0 5-7 7-6(2),3,R16,161.0,7.0,1.0,107,78.0,59,15.0,15.0,13.0,14.0,4.0,0.0,101.0,66.0,44.0,18.0,15.0,5.0,8,532.0,75,433.0,108
2026-3077,Koblenz,Hard,32,C,20260202.0,21,G0IB,7.0,,Tom Gentzsch,R,191.0,GER,22.412,K0FY,,,Martin Krumich,R,188.0,CZE,23.105,6-3 6-4,3,R16,80.0,5.0,0.0,57,42.0,33,9.0,10.0,1.0,1.0,4.0,1.0,61.0,38.0,24.0,13.0,9.0,1.0,3,277.0,192,339.0,145
2026-3077,Koblenz,Hard,32,C,20260202.0,20,S0VU,,,Max Schoenhaus,R,180.0,GER,18.508,Z09F,6.0,,Patrick Zahraj,R,191.0,GER,26.549,6-3 6-4,3,R16,71.0,4.0,1.0,54,35.0,25,11.0,10.0,0.0,2.0,5.0,2.0,58.0,35.0,20.0,11.0,9.0,5.0,9,598.0,61,263.0,205
2026-3077,Koblenz,Hard,32,C,20260202.0,19,U120,4.0,,Kaichi Uchida,R,180.0,JPN,31.447,W0BB,,,Max Wiskandt,R,191.0,GER,24.003,7-6(4) 7-6(5),3,R16,97.0,7.0,1.0,76,48.0,40,14.0,12.0,0.0,2.0,11.0,1.0,76.0,49.0,36.0,17.0,12.0,3.0,5,247.0,223,459.0,97
2026-3077,Koblenz,Hard,32,C,20260202.0,18,A09T,2.0,,Dan Added,R,183.0,FRA,26.809,M0AC,,,Rudolf Molleker,R,188.0,GER,25.27,6-4 6-7(3) 7-6(5),3,R16,140.0,13.0,4.0,112,68.0,56,22.0,17.0,3.0,4.0,9.0,4.0,112.0,73.0,59.0,16.0,17.0,3.0,5,203.0,295,442.0,106
2026-3077,Koblenz,Hard,32,C,20260202.0,17,K09F,,,Pavel Kotov,R,191.0,RUS,27.209,KH56,1.0,,Zdenek Kolar,R,183.0,CZE,29.317,6-4 6-3,3,R16,85.0,10.0,2.0,62,38.0,31,14.0,10.0,2.0,2.0,3.0,1.0,56.0,36.0,23.0,13.0,9.0,1.0,3,470.0,92,181.0,337
2026-3077,Koblenz,Hard,32,C,20260202.0,16,F0BT,,,Jonas Forejtek,R,183.0,CZE,24.901,U176,,,Vadym Ursu,R,183.0,UKR,29.087,6-2 6-1,3,R32,73.0,2.0,0.0,60,45.0,27,10.0,8.0,5.0,6.0,4.0,2.0,48.0,31.0,14.0,7.0,7.0,0.0,5,371.0,127,427.0,110
2026-3077,Koblenz,Hard,32,C,20260202.0,15,C0I4,,,Tibo Colson,R,196.0,BEL,25.561,M0TO,,,Mae Malige,R,173.0,FRA,19.849,7-6(2) 2-6 6-4,3,R32,140.0,6.0,2.0,100,61.0,41,21.0,15.0,6.0,10.0,2.0,1.0,108.0,62.0,37.0,28.0,15.0,10.0,13,567.0,67,478.0,90
2026-3077,Koblenz,Hard,32,C,20260202.0,14,N731,,,Christoph Negritu,R,193.0,GER,31.871,GG65,8.0,,Michael Geerts,R,178.0,BEL,31.044,2-6 6-3 7-6(1),3,R32,120.0,15.0,1.0,93,62.0,48,17.0,15.0,10.0,12.0,10.0,3.0,95.0,56.0,43.0,20.0,14.0,5.0,6,384.0,123,280.0,187
2026-3077,Koblenz,Hard,32,C,20260202.0,13,S0VU,,,Max Schoenhaus,R,180.0,GER,18.508,P0O9,,,Mika Petkovic,R,180.0,GER,19.097,5-7 7-5 6-3,3,R32,115.0,15.0,5.0,106,61.0,46,20.0,17.0,11.0,15.0,5.0,1.0,98.0,66.0,39.0,16.0,16.0,1.0,6,598.0,61,739.0,41
2026-3061,Cesenatico,Hard,32,C,20260202.0,13,GE28,4.0,,Ivan Gakhov,L,191.0,RUS,29.246,A0BA,,,Federico Arnaboldi,R,185.0,ITA,25.626,5-7 7-5 7-5,3,R32,143.0,10.0,5.0,105,70.0,53,15.0,18.0,4.0,8.0,9.0,8.0,107.0,52.0,37.0,26.0,18.0,4.0,9,260.0,208,394.0,120
2026-3061,Cesenatico,Hard,32,C,20260202.0,12,V0D0,,,Niels Visker,R,191.0,NED,24.329,G0A0,,,Andrea Guerrieri,L,180.0,ITA,27.168,6-3 7-6(6),3,R32,93.0,11.0,3.0,72,50.0,41,10.0,11.0,1.0,1.0,0.0,7.0,64.0,42.0,34.0,9.0,10.0,1.0,2,595.0,63,480.0,89
2026-3061,Cesenatico,Hard,32,C,20260202.0,11,V0BC,,,Cyril Vandermeersch,R,180.0,FRA,26.746,A829,,,Radu Albot,R,175.0,MDA,36.227,6-3 7-5,3,R32,91.0,11.0,4.0,65,39.0,30,14.0,11.0,3.0,4.0,1.0,1.0,65.0,38.0,26.0,15.0,10.0,6.0,9,439.0,107,420.0,112
2026-3061,Cesenatico,Hard,32,C,20260202.0,10,R0B6,,,Lorenzo Rottoli,R,0.0,ITA,23.953,A0HZ,,,Lorenzo Angelini,R,170.0,ITA,19.918,6-4 4-6 6-4,3,R32,174.0,3.0,2.0,106,62.0,42,18.0,15.0,8.0,13.0,1.0,6.0,118.0,88.0,48.0,13.0,15.0,14.0,20,819.0,32,981.0,18
2026-3061,Cesenatico,Hard,32,C,20260202.0,9,R0HK,,,Filippo Romano,R,188.0,ITA,20.575,M0GB,,,Alex Martinez,R,185.0,ESP,24.876,7-6(5) 6-4,3,R32,111.0,5.0,2.0,90,59.0,36,18.0,11.0,7.0,10.0,3.0,4.0,77.0,53.0,36.0,9.0,11.0,4.0,8,634.0,56,414.0,114
2026-3061,Cesenatico,Hard,32,C,20260202.0,8,PL64,,,Oleg Prihodko,R,180.0,UKR,28.334,B0PE,,,Federico Bondioli,L,185.0,ITA,20.717,6-4 4-6 6-4,3,R32,141.0,4.0,2.0,104,74.0,51,15.0,15.0,5.0,7.0,2.0,2.0,88.0,53.0,34.0,22.0,15.0,4.0,7,472.0,92,440.0,107
2026-3061,Cesenatico,Hard,32,C,20260202.0,7,G0J9,,,Svyatoslav Gulin,R,178.0,RUS,23.165,FC49,,,Giovanni Fonio,R,183.0,ITA,27.743,6-4 6-4,3,R32,88.0,0.0,2.0,64,31.0,22,17.0,10.0,6.0,8.0,4.0,2.0,67.0,43.0,28.0,9.0,10.0,4.0,8,443.0,105,454.0,98
2026-3061,Cesenatico,Hard,32,C,20260202.0,6,F0F4,8.0,,Kilian Feldbausch,R,191.0,SUI,20.405,S0UM,,,Josip Simundza,L,196.0,CRO,21.12,7-5 6-1,3,R32,87.0,6.0,2.0,46,34.0,28,8.0,9.0,0.0,0.0,6.0,5.0,69.0,39.0,23.0,13.0,10.0,6.0,10,423.0,111,748.0,40
2026-3061,Cesenatico,Hard,32,C,20260202.0,5,B0OV,7.0,,Petr Brunclik,L,188.0,CZE,19.548,F0CJ,,,Gianmarco Ferrari,L,191.0,ITA,25.331,6-3 6-4,3,R32,77.0,4.0,1.0,55,36.0,29,14.0,10.0,2.0,2.0,4.0,1.0,58.0,44.0,28.0,8.0,9.0,4.0,6,302.0,174,456.0,98
2026-3061,Cesenatico,Hard,32,C,20260202.0,4,BV21,5.0,,Charles Broom,R,178.0,GBR,27.778,N679,,,Stefano Napolitano,R,196.0,ITA,30.815,7-5 6-4,3,R32,114.0,8.0,0.0,65,38.0,30,14.0,11.0,3.0,5.0,4.0,4.0,87.0,50.0,33.0,14.0,11.0,10.0,14,296.0,177,435.0,107
2026-3061,Cesenatico,Hard,32,C,20260202.0,3,BV24,,,Raul Brancaccio,R,183.0,ITA,28.75,HB48,3.0,,Calvin Hemery,R,191.0,FRA,31.014,6-4 7-6(4),3,R32,90.0,10.0,2.0,64,48.0,38,11.0,11.0,0.0,0.0,10.0,3.0,74.0,47.0,37.0,13.0,11.0,4.0,5,401.0,118,255.0,212
2026-3061,Cesenatico,Hard,32,C,20260202.0,2,I09N,,,Federico Iannaccone,R,183.0,ITA,26.858,M0XL,,,Michele Mecarelli,R,173.0,ITA,18.768,3-6 6-3 3-0 RET,3,R32,103.0,1.0,1.0,60,34.0,23,15.0,10.0,2.0,4.0,4.0,5.0,67.0,37.0,25.0,13.0,11.0,1.0,5,731.0,42,1485.0,4
2026-3061,Cesenatico,Hard,32,C,20260202.0,1,DG80,,,Enrico Dalla Valle,R,196.0,ITA,27.871,BU70,2.0,,Remy Bertola,R,175.0,SUI,27.425,4-6 7-6(8) 6-2,3,R32,162.0,7.0,2.0,105,72.0,50,22.0,15.0,6.0,8.0,5.0,5.0,109.0,72.0,43.0,24.0,15.0,4.0,7,527.0,76,212.0,274
2026-3077,Koblenz,Hard,32,C,20260202.0,31,K09F,,,Pavel Kotov,R,191.0,RUS,27.209,G0IB,7.0,,Tom Gentzsch,R,191.0,GER,22.412,6-4 1-6 7-6(8),3,F,166.0,2.0,1.0,90,56.0,38,20.0,14.0,1.0,4.0,6.0,4.0,124.0,88.0,60.0,19.0,15.0,13.0,15,470.0,92,277.0,192
2026-3077,Koblenz,Hard,32,C,20260202.0,30,K09F,,,Pavel Kotov,R,191.0,RUS,27.209,S0VU,,,Max Schoenhaus,R,180.0,GER,18.508,6-4 6-0,3,SF,67.0,8.0,0.0,51,29.0,25,12.0,8.0,1.0,1.0,3.0,3.0,48.0,22.0,16.0,10.0,8.0,5.0,9,470.0,92,598.0,61
2026-3077,Koblenz,Hard,32,C,20260202.0,29,G0IB,7.0,,Tom Gentzsch,R,191.0,GER,22.412,N731,,,Christoph Negritu,R,193.0,GER,31.871,7-6(3) 7-6(3),3,SF,123.0,13.0,2.0,97,62.0,45,19.0,12.0,11.0,13.0,7.0,1.0,88.0,47.0,33.0,22.0,12.0,7.0,9,277.0,192,384.0,123
2026-3061,Cesenatico,Hard,32,C,20260202.0,29,PL64,,,Oleg Prihodko,R,180.0,UKR,28.334,GE28,4.0,,Ivan Gakhov,L,191.0,RUS,29.246,6-3 7-6(6),3,SF,93.0,8.0,2.0,72,48.0,41,10.0,11.0,2.0,3.0,2.0,3.0,69.0,48.0,33.0,9.0,10.0,4.0,6,472.0,92,260.0,208
2026-3061,Cesenatico,Hard,32,C,20260202.0,28,R0HK,,,Filippo Romano,R,188.0,ITA,20.575,DG80,,,Enrico Dalla Valle,R,196.0,ITA,27.871,7-6(4) 6-3,3,QF,105.0,4.0,3.0,62,38.0,30,11.0,10.0,1.0,3.0,2.0,2.0,76.0,54.0,38.0,6.0,11.0,3.0,7,634.0,56,527.0,76
2026-3061,Cesenatico,Hard,32,C,20260202.0,27,PL64,,,Oleg Prihodko,R,180.0,UKR,28.334,I09N,,,Federico Iannaccone,R,183.0,ITA,26.858,6-0 7-6(3),3,QF,95.0,3.0,2.0,57,37.0,28,11.0,9.0,2.0,3.0,1.0,0.0,64.0,46.0,24.0,10.0,9.0,1.0,5,472.0,92,731.0,42
2026-3061,Cesenatico,Hard,32,C,20260202.0,26,BV24,,,Raul Brancaccio,R,183.0,ITA,28.75,F0BP,,,Pietro Fellin,R,193.0,ITA,24.504,6-1 6-3,3,QF,75.0,0.0,2.0,49,26.0,22,14.0,8.0,1.0,1.0,2.0,0.0,61.0,39.0,21.0,9.0,8.0,5.0,9,401.0,118,477.0,91
2026-3061,Cesenatico,Hard,32,C,20260202.0,25,GE28,4.0,,Ivan Gakhov,L,191.0,RUS,29.246,B0OV,7.0,,Petr Brunclik,L,188.0,CZE,19.548,6-4 7-6(3),3,QF,95.0,17.0,4.0,76,50.0,40,12.0,11.0,5.0,6.0,6.0,5.0,68.0,43.0,32.0,14.0,11.0,1.0,3,260.0,208,302.0,174
2026-3061,Cesenatico,Hard,32,C,20260202.0,24,F0BP,,,Pietro Fellin,R,193.0,ITA,24.504,G0J9,,,Svyatoslav Gulin,R,178.0,RUS,23.165,6-2 7-6(5),3,R16,96.0,0.0,1.0,74,48.0,36,12.0,10.0,7.0,9.0,4.0,1.0,60.0,43.0,30.0,6.0,10.0,3.0,7,477.0,91,443.0,105
2026-3061,Cesenatico,Hard,32,C,20260202.0,23,B0OV,7.0,,Petr Brunclik,L,188.0,CZE,19.548,V0D0,,,Niels Visker,R,191.0,NED,24.329,6-4 7-6(3),3,R16,100.0,8.0,2.0,68,47.0,40,13.0,11.0,5.0,5.0,13.0,3.0,93.0,58.0,40.0,20.0,11.0,10.0,11,302.0,174,595.0,63
2026-3061,Cesenatico,Hard,32,C,20260202.0,22,GE28,4.0,,Ivan Gakhov,L,191.0,RUS,29.246,F0A4,,,Francesco Forti,R,188.0,ITA,26.524,7-6(4) 4-6 7-6(4),3,R16,157.0,9.0,5.0,122,70.0,51,28.0,17.0,8.0,12.0,22.0,3.0,103.0,68.0,56.0,14.0,17.0,2.0,5,260.0,208,679.0,49
2026-3061,Cesenatico,Hard,32,C,20260202.0,21,PL64,,,Oleg Prihodko,R,180.0,UKR,28.334,R0B6,,,Lorenzo Rottoli,R,0.0,ITA,23.953,6-2 6-0,3,R16,56.0,8.0,3.0,39,25.0,20,9.0,7.0,2.0,2.0,1.0,5.0,44.0,18.0,11.0,9.0,7.0,0.0,5,472.0,92,819.0,32
2026-3061,Cesenatico,Hard,32,C,20260202.0,20,DG80,,,Enrico Dalla Valle,R,196.0,ITA,27.871,V0BC,,,Cyril Vandermeersch,R,180.0,FRA,26.746,6-4 6-4,3,R16,118.0,3.0,2.0,63,39.0,31,11.0,10.0,3.0,4.0,3.0,9.0,65.0,30.0,23.0,14.0,10.0,7.0,10,527.0,76,439.0,107
2026-3061,Cesenatico,Hard,32,C,20260202.0,19,BV24,,,Raul Brancaccio,R,183.0,ITA,28.75,LC12,,,Laurent Lokoli,R,188.0,FRA,31.294,6-4 6-3,3,R16,96.0,4.0,1.0,55,33.0,25,13.0,9.0,1.0,2.0,8.0,6.0,71.0,37.0,25.0,14.0,10.0,7.0,11,401.0,118,507.0,80
2026-3061,Cesenatico,Hard,32,C,20260202.0,18,I09N,,,Federico Iannaccone,R,183.0,ITA,26.858,F0F4,8.0,,Kilian Feldbausch,R,191.0,SUI,20.405,6-3 6-4,3,R16,106.0,5.0,1.0,66,48.0,32,10.0,10.0,4.0,6.0,2.0,7.0,57.0,23.0,14.0,17.0,9.0,4.0,8,731.0,42,423.0,111
2026-3061,Cesenatico,Hard,32,C,20260202.0,17,R0HK,,,Filippo Romano,R,188.0,ITA,20.575,BV21,5.0,,Charles Broom,R,178.0,GBR,27.778,7-5 6-3,3,R16,80.0,11.0,0.0,63,39.0,28,13.0,11.0,3.0,5.0,0.0,4.0,59.0,22.0,17.0,16.0,10.0,3.0,7,634.0,56,296.0,177
2026-3061,Cesenatico,Hard,32,C,20260202.0,16,LC12,,,Laurent Lokoli,R,188.0,FRA,31.294,C0LK,,,Carlo Alberto Caniato,R,188.0,ITA,20.257,7-6(7) 7-6(4),3,R32,131.0,6.0,5.0,90,57.0,43,16.0,12.0,8.0,10.0,3.0,2.0,83.0,54.0,37.0,17.0,12.0,4.0,6,507.0,80,391.0,120
2026-3061,Cesenatico,Hard,32,C,20260202.0,15,F0A4,,,Francesco Forti,R,188.0,ITA,26.524,B0VX,,,Pierluigi Basile,R,188.0,ITA,19.072,6-4 6-3,3,R32,72.0,10.0,2.0,51,35.0,30,11.0,10.0,0.0,0.0,6.0,1.0,58.0,28.0,18.0,18.0,9.0,6.0,8,679.0,49,697.0,46
2026-3061,Cesenatico,Hard,32,C,20260202.0,14,F0BP,,,Pietro Fellin,R,193.0,ITA,24.504,K0CJ,6.0,,Sandro Kopp,R,185.0,AUT,25.689,6-3 6-1,3,R32,63.0,8.0,1.0,47,29.0,25,10.0,8.0,3.0,3.0,1.0,1.0,53.0,34.0,17.0,9.0,8.0,2.0,6,477.0,91,305.0,171
2026-2965,Rosario,Clay,32,C,20260202.0,16,T0DM,,,Juan Bautista Torres,R,178.0,ARG,23.838,B0GY,,,Alex Barrena,R,175.0,ARG,23.316,6-3 6-1,3,R32,95.0,0.0,1.0,49,34.0,22,10.0,8.0,0.0,1.0,1.0,1.0,64.0,30.0,20.0,11.0,8.0,9.0,14,353.0,138,180.0,337
2026-2965,Rosario,Clay,32,C,20260202.0,15,S0GZ,,,Nikolas Sanchez Izquierdo,R,185.0,ESP,26.888,CC66,,,Andrea Collarini,L,183.0,ARG,34.007,3-6 6-2 6-1,3,R32,166.0,1.0,2.0,84,54.0,36,14.0,12.0,8.0,11.0,3.0,2.0,113.0,75.0,40.0,17.0,12.0,13.0,19,279.0,187,229.0,246
2026-2965,Rosario,Clay,32,C,20260202.0,14,MJ98,,,Facundo Mena,R,183.0,ARG,33.363,MJ08,,,Thiago Monteiro,L,183.0,BRA,31.677,7-5 7-6(3),3,R32,121.0,10.0,1.0,69,38.0,35,19.0,12.0,0.0,0.0,3.0,1.0,76.0,51.0,36.0,14.0,12.0,2.0,3,354.0,137,210.0,283
2026-2965,Rosario,Clay,32,C,20260202.0,13,B0FV,5.0,,Roman Andres Burruchaga,R,183.0,ARG,24.027,M0OH,,,Lautaro Midon,R,180.0,ARG,21.848,6-1 6-1,3,R32,68.0,4.0,0.0,48,32.0,21,10.0,7.0,4.0,5.0,1.0,3.0,51.0,30.0,13.0,7.0,7.0,4.0,10,118.0,512,231.0,245
2026-2965,Rosario,Clay,32,C,20260202.0,12,O660,,,Genaro Alberto Olivieri,R,175.0,ARG,27.499,MW75,,,Felipe Meligeni Alves,R,185.0,BRA,27.953,6-3 6-1,3,R32,63.0,3.0,2.0,45,34.0,21,9.0,8.0,0.0,1.0,0.0,1.0,42.0,31.0,16.0,3.0,8.0,2.0,7,239.0,241,226.0,251
2026-2965,Rosario,Clay,32,C,20260202.0,11,L0GR,,,Juan Manuel La Serna,L,188.0,ARG,21.993,O376,,,Renzo Olivo,R,178.0,ARG,33.886,6-4 2-6 6-3,3,R32,152.0,2.0,4.0,93,68.0,45,4.0,13.0,7.0,12.0,4.0,5.0,94.0,50.0,30.0,21.0,14.0,8.0,14,386.0,122,511.0,78
2026-2965,Rosario,Clay,32,C,20260202.0,10,D0CG,,,Facundo Diaz Acosta,L,183.0,ARG,25.133,RD48,,,Igor Marcondes,L,185.0,BRA,28.632,7-6(3) 6-0,3,R32,80.0,2.0,0.0,49,41.0,32,6.0,9.0,0.0,1.0,2.0,4.0,62.0,38.0,24.0,10.0,9.0,3.0,7,301.0,174,357.0,134
2026-2965,Rosario,Clay,32,C,20260202.0,9,B0FI,,,Pedro Boscardin Dias,R,180.0,BRA,23.014,CF01,,,Marco Cecchinato,R,185.0,ITA,33.342,6-7(3) 6-3 7-5,3,R32,147.0,8.0,2.0,106,66.0,48,23.0,17.0,4.0,5.0,3.0,0.0,95.0,71.0,53.0,13.0,16.0,3.0,6,268.0,201,216.0,266
2026-3061,Cesenatico,Hard,32,C,20260202.0,31,PL64,,,Oleg Prihodko,R,180.0,UKR,28.334,BV24,,,Raul Brancaccio,R,183.0,ITA,28.75,6-7(8) 6-4 6-4,3,F,151.0,8.0,3.0,125,90.0,63,14.0,16.0,9.0,12.0,5.0,8.0,101.0,56.0,38.0,22.0,16.0,1.0,6,472.0,92,401.0,118
2026-3061,Cesenatico,Hard,32,C,20260202.0,30,BV24,,,Raul Brancaccio,R,183.0,ITA,28.75,R0HK,,,Filippo Romano,R,188.0,ITA,20.575,6-4 6-3,3,SF,65.0,1.0,3.0,56,34.0,25,15.0,9.0,4.0,4.0,4.0,1.0,53.0,34.0,25.0,8.0,10.0,2.0,5,401.0,118,634.0,56
2026-2965,Rosario,Clay,32,C,20260202.0,20,DA31,7.0,,Hugo Dellien,R,180.0,BOL,32.632,L0GR,,,Juan Manuel La Serna,L,188.0,ARG,21.993,6-3 6-2,3,R16,86.0,1.0,1.0,63,44.0,33,9.0,9.0,4.0,4.0,1.0,4.0,56.0,33.0,20.0,11.0,8.0,4.0,7,149.0,403,386.0,122
2026-2965,Rosario,Clay,32,C,20260202.0,19,B0FV,5.0,,Roman Andres Burruchaga,R,183.0,ARG,24.027,O660,,,Genaro Alberto Olivieri,R,175.0,ARG,27.499,6-3 6-1,3,R16,89.0,1.0,1.0,47,30.0,19,9.0,8.0,5.0,7.0,0.0,0.0,64.0,47.0,24.0,4.0,8.0,8.0,14,118.0,512,239.0,241
2026-2965,Rosario,Clay,32,C,20260202.0,18,B0FI,,,Pedro Boscardin Dias,R,180.0,BRA,23.014,C0DF,2.0,,Francisco Comesana,R,178.0,ARG,25.325,6-4 3-6 6-3,3,R16,164.0,4.0,3.0,93,50.0,29,23.0,14.0,5.0,10.0,2.0,2.0,92.0,65.0,38.0,12.0,14.0,4.0,10,268.0,201,64.0,869
2026-2965,Rosario,Clay,32,C,20260202.0,17,U182,,,Camilo Ugo Carabelli,R,185.0,ARG,26.631,D0CG,,,Facundo Diaz Acosta,L,183.0,ARG,25.133,5-7 6-4 7-6(4),3,R16,212.0,2.0,6.0,118,66.0,43,20.0,17.0,9.0,16.0,3.0,2.0,122.0,82.0,43.0,24.0,17.0,12.0,19,48.0,1028,301.0,174
2026-2967,Brisbane 1,Hard,32,C,20260202.0,1,N707,,,Naoki Nakagawa,R,180.0,JPN,29.205,W09E,1.0,,Adam Walton,R,183.0,AUS,26.798,4-6 6-3 6-4,3,R32,129.0,15.0,0.0,94,55.0,41,22.0,15.0,5.0,6.0,15.0,1.0,74.0,50.0,37.0,15.0,14.0,0.0,2,723.0,43,81.0,712
2026-2965,Rosario,Clay,32,C,20260202.0,31,U182,,,Camilo Ugo Carabelli,R,185.0,ARG,26.631,B0FV,5.0,,Roman Andres Burruchaga,R,183.0,ARG,24.027,6-2 6-3,3,F,102.0,1.0,2.0,51,30.0,20,13.0,8.0,5.0,6.0,3.0,4.0,71.0,48.0,25.0,10.0,9.0,10.0,15,48.0,1028,118.0,512
2026-2965,Rosario,Clay,32,C,20260202.0,30,B0FV,5.0,,Roman Andres Burruchaga,R,183.0,ARG,24.027,T0AP,6.0,,Chun Hsin Tseng,R,175.0,TPE,24.487,6-3 6-3,3,SF,84.0,2.0,3.0,52,36.0,25,10.0,9.0,1.0,2.0,0.0,4.0,54.0,28.0,16.0,11.0,9.0,0.0,4,118.0,512,122.0,504
2026-2965,Rosario,Clay,32,C,20260202.0,29,U182,,,Camilo Ugo Carabelli,R,185.0,ARG,26.631,C0C8,4.0,,Juan Manuel Cerundolo,L,183.0,ARG,24.216,7-5 6-1,3,SF,94.0,2.0,0.0,51,25.0,22,13.0,10.0,3.0,5.0,1.0,1.0,60.0,43.0,22.0,6.0,9.0,3.0,8,48.0,1028,85.0,698
2026-2965,Rosario,Clay,32,C,20260202.0,28,T0AP,6.0,,Chun Hsin Tseng,R,175.0,TPE,24.487,A0G7,,,Valerio Aboian,L,183.0,ARG,23.639,6-2 6-1,3,QF,74.0,0.0,1.0,39,21.0,18,12.0,7.0,5.0,5.0,1.0,3.0,50.0,27.0,16.0,7.0,8.0,3.0,8,122.0,504,526.0,76
2026-2965,Rosario,Clay,32,C,20260202.0,27,B0FV,5.0,,Roman Andres Burruchaga,R,183.0,ARG,24.027,B0FI,,,Pedro Boscardin Dias,R,180.0,BRA,23.014,7-6(3) 6-3,3,QF,137.0,0.0,2.0,78,42.0,30,17.0,11.0,4.0,7.0,3.0,3.0,91.0,54.0,29.0,16.0,10.0,7.0,11,118.0,512,268.0,201
2026-2965,Rosario,Clay,32,C,20260202.0,26,C0C8,4.0,,Juan Manuel Cerundolo,L,183.0,ARG,24.216,PH64,8.0,,Andrea Pellegrino,R,185.0,ITA,28.865,6-4 6-3,3,QF,109.0,0.0,1.0,66,44.0,32,11.0,9.0,3.0,4.0,0.0,6.0,54.0,20.0,14.0,16.0,10.0,1.0,5,85.0,698,143.0,431
2026-2965,Rosario,Clay,32,C,20260202.0,25,U182,,,Camilo Ugo Carabelli,R,185.0,ARG,26.631,DA31,7.0,,Hugo Dellien,R,180.0,BOL,32.632,6-4 6-2,3,QF,86.0,0.0,1.0,48,20.0,13,21.0,9.0,0.0,1.0,0.0,0.0,62.0,44.0,21.0,11.0,9.0,3.0,7,48.0,1028,149.0,403
2026-2967,Brisbane 1,Hard,32,C,20260202.0,25,S0N0,2.0,,Tristan Schoolkate,R,183.0,AUS,24.934,S0UV,6.0,,Rei Sakamoto,R,193.0,JPN,19.611,6-3 6-4,3,QF,86.0,9.0,3.0,68,36.0,29,16.0,10.0,0.0,0.0,4.0,1.0,51.0,38.0,25.0,7.0,9.0,0.0,2,114.0,534,184.0,332
2026-2967,Brisbane 1,Hard,32,C,20260202.0,24,U134,8.0,,Yasutaka Uchiyama,R,183.0,JPN,33.495,M0TE,,,Pavle Marinkov,R,188.0,AUS,19.995,6-4 3-6 6-1,3,R16,100.0,15.0,3.0,68,40.0,36,15.0,13.0,0.0,1.0,9.0,3.0,76.0,53.0,38.0,10.0,13.0,3.0,6,326.0,154,590.0,64
2026-2967,Brisbane 1,Hard,32,C,20260202.0,23,S0UV,6.0,,Rei Sakamoto,R,193.0,JPN,19.611,DA81,,,Taro Daniel,R,191.0,JPN,33.016,7-6(5) 6-2,3,R16,102.0,14.0,1.0,62,48.0,39,8.0,10.0,1.0,1.0,9.0,1.0,75.0,52.0,37.0,9.0,10.0,1.0,3,184.0,332,400.0,118
2026-2967,Brisbane 1,Hard,32,C,20260202.0,22,BI81,3.0,,Alex Bolt,L,183.0,AUS,33.076,S0AQ,,,Yuta Shimizu,L,163.0,JPN,26.653,6-3 6-4,3,R16,93.0,8.0,0.0,77,51.0,35,16.0,10.0,11.0,11.0,4.0,3.0,71.0,47.0,34.0,8.0,9.0,5.0,7,188.0,327,360.0,133
2026-2967,Brisbane 1,Hard,32,C,20260202.0,9,M0TE,,,Pavle Marinkov,R,188.0,AUS,19.995,B0NO,,,Darwin Blanch,L,185.0,USA,18.349,7-6(5) 3-6 6-3,3,R32,149.0,7.0,3.0,102,67.0,45,20.0,15.0,3.0,7.0,18.0,2.0,98.0,63.0,45.0,17.0,15.0,4.0,8,590.0,64,278.0,187
2026-2967,Brisbane 1,Hard,32,C,20260202.0,8,H0K0,,,Cruz Hewitt,R,185.0,AUS,17.144,M0SC,,,Hayato Matsuoka,R,180.0,JPN,21.049,6-3 7-6(5),3,R32,109.0,8.0,1.0,87,46.0,33,25.0,11.0,6.0,6.0,8.0,4.0,72.0,52.0,34.0,13.0,10.0,2.0,3,734.0,41,403.0,118
2026-2967,Brisbane 1,Hard,32,C,20260202.0,7,H0BA,,,Shinji Hazawa,R,175.0,JPN,26.812,D0A2,,,Matthew Dellavedova,R,191.0,AUS,25.678,6-2 6-2,3,R32,71.0,2.0,3.0,51,33.0,28,9.0,8.0,5.0,5.0,0.0,0.0,54.0,42.0,22.0,4.0,8.0,6.0,10,915.0,23,525.0,77
2026-2967,Brisbane 1,Hard,32,C,20260202.0,6,EA27,,,Blake Ellis,R,191.0,AUS,27.075,S0C2,,,Hikaru Shiraishi,R,168.0,JPN,25.7,7-6(5) 7-6(6),3,R32,129.0,14.0,6.0,93,52.0,39,24.0,12.0,6.0,7.0,3.0,1.0,92.0,74.0,54.0,8.0,12.0,6.0,7,518.0,77,430.0,109
2026-2967,Brisbane 1,Hard,32,C,20260202.0,5,SX90,7.0,,Fajing Sun,R,178.0,CHN,29.333,J476,,,David Jorda Sanchis,R,198.0,ESP,31.639,6-4 6-3,3,R32,108.0,0.0,1.0,55,40.0,28,10.0,9.0,2.0,3.0,5.0,4.0,84.0,52.0,33.0,12.0,10.0,11.0,15,273.0,196,377.0,124
2026-2967,Brisbane 1,Hard,32,C,20260202.0,4,S0IA,5.0,,Dane Sweeny,R,170.0,AUS,24.972,M0NA,,,Shunsuke Mitsui,R,178.0,JPN,23.707,3-2 RET,3,R32,34.0,2.0,1.0,19,14.0,9,4.0,3.0,0.0,0.0,0.0,1.0,15.0,8.0,4.0,4.0,2.0,0.0,0,151.0,397,537.0,74
2026-2967,Brisbane 1,Hard,32,C,20260202.0,3,M0OQ,4.0,,James Mccabe,R,188.0,AUS,22.582,I0AX,,,Kokoro Isomura,R,175.0,JPN,23.031,6-2 6-3,3,R32,69.0,9.0,1.0,38,30.0,27,5.0,8.0,0.0,0.0,0.0,2.0,57.0,36.0,18.0,12.0,9.0,2.0,6,208.0,289,571.0,67
2026-2967,Brisbane 1,Hard,32,C,20260202.0,2,BI81,3.0,,Alex Bolt,L,183.0,AUS,33.076,DF92,,,Corentin Denolly,L,188.0,FRA,28.66,4-6 6-3 6-2,3,R32,106.0,11.0,2.0,73,49.0,38,12.0,14.0,1.0,4.0,8.0,6.0,107.0,75.0,45.0,14.0,13.0,14.0,19,188.0,327,397.0,119
2026-2965,Rosario,Clay,32,C,20260202.0,8,A0IK,,,Luciano Emanuel Ambrogi,R,188.0,ARG,22.207,RH59,,,Santiago Rodriguez Taverna,R,191.0,ARG,26.552,6-4 7-6(4),3,R32,116.0,0.0,2.0,73,53.0,35,11.0,11.0,5.0,7.0,2.0,1.0,70.0,47.0,31.0,12.0,11.0,2.0,5,424.0,111,230.0,246
2026-2965,Rosario,Clay,32,C,20260202.0,7,A0G7,,,Valerio Aboian,L,183.0,ARG,23.639,SX91,,,Thiago Seyboth Wild,R,185.0,BRA,25.9,6-4 2-6 6-4,3,R32,171.0,8.0,2.0,81,38.0,30,24.0,14.0,4.0,6.0,7.0,3.0,105.0,69.0,48.0,17.0,14.0,1.0,3,526.0,76,198.0,305
2026-2965,Rosario,Clay,32,C,20260202.0,6,PH64,8.0,,Andrea Pellegrino,R,185.0,ITA,28.865,E0DI,,,Juan Estevez,R,170.0,ARG,20.364,6-4 2-6 6-4,3,R32,131.0,8.0,7.0,76,32.0,26,24.0,14.0,3.0,6.0,2.0,3.0,94.0,55.0,38.0,18.0,14.0,5.0,8,143.0,431,449.0,102
2026-2965,Rosario,Clay,32,C,20260202.0,5,DA31,7.0,,Hugo Dellien,R,180.0,BOL,32.632,AA27,,,Franco Agamenone,R,191.0,ITA,32.802,6-2 6-3,3,R32,91.0,0.0,2.0,62,50.0,33,5.0,9.0,5.0,7.0,0.0,1.0,65.0,35.0,20.0,10.0,8.0,11.0,16,149.0,403,264.0,204
2026-2965,Rosario,Clay,32,C,20260202.0,4,T0AP,6.0,,Chun Hsin Tseng,R,175.0,TPE,24.487,CG07,,,Hernan Casanova,R,178.0,ARG,31.989,6-1 2-0 RET,3,R32,36.0,3.0,0.0,26,18.0,13,5.0,4.0,1.0,1.0,0.0,0.0,24.0,21.0,7.0,0.0,5.0,2.0,6,122.0,504,413.0,114
2026-2965,Rosario,Clay,32,C,20260202.0,3,C0C8,4.0,,Juan Manuel Cerundolo,L,183.0,ARG,24.216,V821,,,Gonzalo Villanueva,R,175.0,ARG,31.055,6-1 6-0,3,R32,63.0,2.0,1.0,37,28.0,23,6.0,7.0,1.0,1.0,1.0,1.0,40.0,23.0,11.0,4.0,6.0,3.0,8,85.0,698,355.0,137
2026-2965,Rosario,Clay,32,C,20260202.0,2,C0DF,2.0,,Francisco Comesana,R,178.0,ARG,25.325,KC29,,,Nicolas Kicker,R,178.0,ARG,33.465,7-5 6-3,3,R32,122.0,6.0,2.0,73,44.0,31,16.0,11.0,5.0,7.0,0.0,0.0,67.0,49.0,28.0,10.0,10.0,10.0,14,64.0,869,269.0,200
2026-2965,Rosario,Clay,32,C,20260202.0,1,U182,,,Camilo Ugo Carabelli,R,185.0,ARG,26.631,J0AW,,,Guido Ivan Justo,R,178.0,ARG,28.129,6-1 6-0,3,R32,60.0,2.0,3.0,34,14.0,13,12.0,7.0,0.0,1.0,0.0,1.0,39.0,29.0,11.0,1.0,6.0,2.0,8,48.0,1028,336.0,147
2026-2969,Brisbane 2,Hard,32,C,20260209.0,12,Z371,,,Zhizhen Zhang,R,193.0,CHN,29.317,M0TE,,,Pavle Marinkov,R,188.0,AUS,20.014,7-6(4) 6-3,3,R32,97.0,15.0,2.0,69,49.0,40,11.0,11.0,2.0,3.0,5.0,7.0,68.0,39.0,27.0,17.0,10.0,8.0,10,365.0,130,545.0,74
2026-2969,Brisbane 2,Hard,32,C,20260209.0,13,B0NO,8.0,,Darwin Blanch,L,185.0,USA,18.368,DF92,,,Corentin Denolly,L,188.0,FRA,28.679,6-4 7-5,3,R32,75.0,12.0,3.0,64,40.0,31,15.0,11.0,4.0,5.0,3.0,5.0,65.0,36.0,24.0,17.0,11.0,4.0,7,280.0,184,399.0,119
2026-2969,Brisbane 2,Hard,32,C,20260209.0,14,J553,,,Omar Jasika,L,183.0,AUS,28.731,S0C2,,,Hikaru Shiraishi,R,168.0,JPN,25.719,4-6 6-2 7-6(5),3,R32,151.0,6.0,3.0,95,73.0,56,12.0,15.0,5.0,7.0,6.0,2.0,111.0,73.0,49.0,20.0,15.0,5.0,8,398.0,119,442.0,107
2026-2969,Brisbane 2,Hard,32,C,20260209.0,15,M0SC,,,Hayato Matsuoka,R,180.0,JPN,21.068,DC38,,,Jake Delaney,R,185.0,AUS,28.742,6-4 6-4,3,R32,69.0,4.0,1.0,54,39.0,35,6.0,10.0,0.0,0.0,11.0,4.0,54.0,40.0,29.0,6.0,10.0,1.0,3,405.0,117,497.0,85
2026-9162,Pau,Hard,32,C,20260209.0,15,N0BG,4.0,,Luca Nardi,R,185.0,ITA,22.513,K0EP,,,Jerome Kym,R,198.0,SUI,22.992,6-4 7-6(3),3,R32,93.0,6.0,2.0,76,49.0,35,16.0,11.0,3.0,4.0,7.0,0.0,65.0,46.0,36.0,7.0,11.0,0.0,2,97.0,621,195.0,307
2026-9162,Pau,Hard,32,C,20260209.0,16,Z0A1,,,Giulio Zeppieri,L,183.0,ITA,24.175,GB88,,,David Goffin,R,180.0,BEL,35.176,7-6(6) 5-7 6-1,3,R32,132.0,16.0,2.0,98,61.0,43,20.0,15.0,5.0,9.0,7.0,4.0,111.0,73.0,49.0,13.0,16.0,7.0,13,154.0,393,117.0,515
2026-9162,Pau,Hard,32,C,20260209.0,17,C0JP,1.0,,Raphael Collignon,R,191.0,BEL,24.074,D0DT,,,Martin Damm,L,203.0,USA,,7-6(5) 7-6(5),3,R16,100.0,10.0,2.0,73,47.0,36,17.0,12.0,1.0,3.0,9.0,1.0,83.0,56.0,40.0,14.0,12.0,3.0,5,69.0,777,130.0,486
2026-9162,Pau,Hard,32,C,20260209.0,18,S0H2,2.0,,Alexander Shevchenko,R,188.0,KAZ,25.196,G0BY,,,Daniil Glinka,L,188.0,EST,25.747,6-3 6-7(7) 6-1,3,R16,121.0,8.0,3.0,108,73.0,52,19.0,15.0,10.0,11.0,8.0,0.0,86.0,55.0,40.0,11.0,13.0,3.0,7,84.0,690,170.0,355
2026-9162,Pau,Hard,32,C,20260209.0,19,V0DZ,6.0,,Luca Van Assche,R,178.0,FRA,21.749,KH56,,,Zdenek Kolar,R,183.0,CZE,29.336,1-6 6-3 6-4,3,R16,125.0,12.0,0.0,70,47.0,31,15.0,13.0,3.0,6.0,6.0,2.0,95.0,63.0,40.0,18.0,13.0,3.0,6,126.0,493,189.0,316
2026-9162,Pau,Hard,32,C,20260209.0,20,BM95,7.0,,Benjamin Bonzi,R,183.0,FRA,29.67,R0FS,,,Leandro Riedi,R,191.0,SUI,24.036,6-3 7-6(4),3,R16,88.0,8.0,0.0,72,53.0,39,12.0,11.0,1.0,2.0,5.0,2.0,69.0,43.0,33.0,11.0,10.0,3.0,5,131.0,484,173.0,348
2026-9162,Pau,Hard,32,C,20260209.0,21,EA13,8.0,,Moez Echargui,R,178.0,TUN,33.081,KI63,,,Lukas Klein,R,193.0,SVK,27.888,6-2 6-2,3,R16,62.0,4.0,2.0,46,25.0,21,12.0,8.0,1.0,2.0,0.0,2.0,46.0,26.0,13.0,9.0,8.0,4.0,9,146.0,434,150.0,420
2026-9162,Pau,Hard,32,C,20260209.0,22,T09X,,,Clement Tabur,R,173.0,FRA,26.045,L0IL,,,Martin Landaluce,R,193.0,ESP,20.088,6-3 6-3,3,R16,93.0,0.0,2.0,54,35.0,25,13.0,9.0,6.0,7.0,6.0,4.0,70.0,43.0,26.0,11.0,9.0,4.0,8,213.0,273,155.0,388
2026-9162,Pau,Hard,32,C,20260209.0,23,B0ER,,,Arthur Bouquier,R,188.0,FRA,25.125,N0BG,4.0,,Luca Nardi,R,185.0,ITA,22.513,6-4 4-6 7-6(5),3,R16,126.0,13.0,4.0,96,68.0,51,10.0,16.0,3.0,6.0,6.0,2.0,109.0,71.0,50.0,18.0,16.0,9.0,12,402.0,117,97.0,621
2026-9162,Pau,Hard,32,C,20260209.0,24,S0AK,,,Henri Squire,R,196.0,GER,25.369,Z0A1,,,Giulio Zeppieri,L,183.0,ITA,24.175,3-6 6-3 6-3,3,R16,92.0,6.0,2.0,71,53.0,41,11.0,13.0,4.0,5.0,8.0,2.0,80.0,50.0,37.0,16.0,14.0,4.0,7,282.0,183,154.0,393
2026-9162,Pau,Hard,32,C,20260209.0,25,C0JP,1.0,,Raphael Collignon,R,191.0,BEL,24.074,V0DZ,6.0,,Luca Van Assche,R,178.0,FRA,21.749,6-2 6-4,3,QF,86.0,4.0,1.0,48,31.0,27,10.0,9.0,0.0,0.0,4.0,3.0,71.0,51.0,31.0,8.0,9.0,9.0,12,69.0,777,126.0,493
2026-9162,Pau,Hard,32,C,20260209.0,26,S0AK,,,Henri Squire,R,196.0,GER,25.369,S0H2,2.0,,Alexander Shevchenko,R,188.0,KAZ,25.196,6-7(5) 7-6(6) 7-6(4),3,QF,143.0,11.0,0.0,115,91.0,73,15.0,18.0,2.0,2.0,21.0,1.0,125.0,90.0,71.0,21.0,18.0,5.0,5,282.0,183,84.0,690
2026-2969,Brisbane 2,Hard,32,C,20260209.0,28,Z371,,,Zhizhen Zhang,R,193.0,CHN,29.317,M0SC,,,Hayato Matsuoka,R,180.0,JPN,21.068,6-3 7-5,3,QF,102.0,7.0,1.0,63,42.0,36,13.0,11.0,1.0,1.0,5.0,2.0,52.0,33.0,27.0,8.0,10.0,0.0,2,365.0,130,405.0,117
2026-2969,Brisbane 2,Hard,32,C,20260209.0,29,Z371,,,Zhizhen Zhang,R,193.0,CHN,29.317,S0UV,3.0,,Rei Sakamoto,R,193.0,JPN,19.63,6-1 6-4,3,SF,71.0,8.0,1.0,53,38.0,32,7.0,9.0,5.0,5.0,6.0,1.0,56.0,39.0,28.0,3.0,8.0,2.0,5,365.0,130,174.0,344
2026-2969,Brisbane 2,Hard,32,C,20260209.0,30,BI81,4.0,,Alex Bolt,L,183.0,AUS,33.095,MI01,,,Hiroki Moriya,R,168.0,JPN,35.318,6-3 3-6 6-3,3,SF,114.0,17.0,0.0,92,61.0,41,19.0,14.0,10.0,11.0,4.0,1.0,76.0,52.0,33.0,17.0,13.0,3.0,5,178.0,339,539.0,75
2026-2969,Brisbane 2,Hard,32,C,20260209.0,31,Z371,,,Zhizhen Zhang,R,193.0,CHN,29.317,BI81,4.0,,Alex Bolt,L,183.0,AUS,33.095,6-2 6-4,3,F,68.0,9.0,0.0,54,36.0,30,9.0,9.0,4.0,4.0,4.0,3.0,54.0,39.0,25.0,7.0,9.0,0.0,3,365.0,130,178.0,339
2026-9162,Pau,Hard,32,C,20260209.0,31,C0JP,1.0,,Raphael Collignon,R,191.0,BEL,24.074,BM95,7.0,,Benjamin Bonzi,R,183.0,FRA,29.67,7-6(5) 6-1,3,F,82.0,4.0,2.0,56,38.0,31,10.0,10.0,2.0,4.0,4.0,3.0,57.0,35.0,24.0,8.0,9.0,1.0,5,69.0,777,131.0,484
2026-2969,Brisbane 2,Hard,32,C,20260209.0,1,S0IA,2.0,,Dane Sweeny,R,170.0,AUS,24.991,DA81,,,Taro Daniel,R,191.0,JPN,33.035,7-5 6-4,3,R32,115.0,3.0,3.0,59,33.0,26,14.0,11.0,3.0,6.0,2.0,2.0,87.0,54.0,27.0,18.0,11.0,8.0,13,138.0,464,377.0,124
2026-2969,Brisbane 2,Hard,32,C,20260209.0,2,S0UV,3.0,,Rei Sakamoto,R,193.0,JPN,19.63,M0B2,,,Yuki Mochizuki,R,173.0,JPN,28.214,6-0 6-1,3,R32,50.0,6.0,1.0,27,15.0,13,11.0,6.0,0.0,0.0,2.0,6.0,51.0,40.0,17.0,2.0,7.0,4.0,10,174.0,344,531.0,76
2026-2969,Brisbane 2,Hard,32,C,20260209.0,3,BI81,4.0,,Alex Bolt,L,183.0,AUS,33.095,I0AX,,,Kokoro Isomura,R,175.0,JPN,23.05,7-5 6-3,3,R32,79.0,11.0,0.0,53,39.0,34,11.0,11.0,1.0,1.0,6.0,2.0,62.0,46.0,33.0,6.0,10.0,3.0,5,178.0,339,564.0,70
2026-2969,Brisbane 2,Hard,32,C,20260209.0,4,S0U5,,,Tai Sach,R,178.0,AUS,23.4,Z0CQ,6.0,,Yi Zhou,R,193.0,CHN,20.909,6-4 2-6 6-2,3,R32,127.0,5.0,2.0,86,58.0,42,12.0,13.0,6.0,9.0,5.0,2.0,67.0,41.0,28.0,13.0,13.0,1.0,5,561.0,70,220.0,261
2026-2969,Brisbane 2,Hard,32,C,20260209.0,5,EA27,,,Blake Ellis,R,191.0,AUS,27.094,SX90,7.0,,Fajing Sun,R,178.0,CHN,29.352,7-6(2) 3-6 7-5,3,R32,190.0,20.0,4.0,105,59.0,47,24.0,16.0,3.0,5.0,14.0,0.0,105.0,60.0,49.0,24.0,17.0,7.0,9,458.0,99,265.0,202
2026-2969,Brisbane 2,Hard,32,C,20260209.0,6,U134,9.0,,Yasutaka Uchiyama,R,183.0,JPN,33.514,H0K0,,,Cruz Hewitt,R,185.0,AUS,17.164,7-5 7-5,3,R32,107.0,13.0,4.0,72,36.0,31,21.0,12.0,5.0,5.0,1.0,1.0,77.0,41.0,27.0,22.0,12.0,3.0,5,297.0,176,668.0,51
2026-2969,Brisbane 2,Hard,32,C,20260209.0,7,I426,,,Masamichi Imamura,R,178.0,JPN,27.214,D0A2,,,Matthew Dellavedova,R,191.0,AUS,25.697,3-6 6-4 6-3,3,R32,126.0,1.0,4.0,79,52.0,34,10.0,14.0,2.0,8.0,4.0,0.0,83.0,58.0,29.0,13.0,14.0,5.0,12,549.0,73,530.0,77
2026-2969,Brisbane 2,Hard,32,C,20260209.0,8,MI01,,,Hiroki Moriya,R,168.0,JPN,35.318,B0EK,,,Moerani Bouzige,R,180.0,AUS,26.579,6-4 6-4,3,R32,115.0,2.0,2.0,65,35.0,28,18.0,10.0,3.0,3.0,8.0,3.0,77.0,44.0,32.0,12.0,10.0,3.0,5,539.0,75,469.0,95
2026-2969,Brisbane 2,Hard,32,C,20260209.0,9,PG94,,,Marc Polmans,R,188.0,AUS,28.775,M19T,,,Jamie Mackenzie,R,180.0,GER,18.07,7-5 2-6 6-1,3,R32,115.0,11.0,5.0,91,56.0,45,15.0,14.0,8.0,10.0,12.0,3.0,67.0,42.0,33.0,13.0,13.0,1.0,4,383.0,123,1089.0,12
2026-2969,Brisbane 2,Hard,32,C,20260209.0,10,SQ79,,,Colin Sinclair,R,188.0,NMI,31.143,H0HS,,,Matt Hulme,R,191.0,AUS,26.979,5-7 7-6(4) 6-4,3,R32,146.0,11.0,1.0,98,75.0,56,17.0,17.0,3.0,4.0,8.0,1.0,104.0,75.0,58.0,14.0,17.0,0.0,1,792.0,35,1187.0,9
2026-2969,Brisbane 2,Hard,32,C,20260209.0,11,TC01,,,Li Tu,R,183.0,AUS,29.706,N707,,,Naoki Nakagawa,R,180.0,JPN,29.224,6-7(6) 6-4 7-6(2),3,R32,180.0,19.0,5.0,118,76.0,59,25.0,17.0,9.0,10.0,18.0,9.0,121.0,68.0,59.0,19.0,17.0,5.0,7,415.0,114,650.0,53
2026-2839,Tenerife 2,Hard,32,C,20260209.0,13,H0DC,,,Giles Hussey,L,185.0,GBR,28.709,D0L3,,,Matej Dodig,R,188.0,CRO,20.561,6-3 6-1,3,R32,74.0,2.0,1.0,50,37.0,24,10.0,8.0,6.0,7.0,5.0,0.0,51.0,34.0,22.0,3.0,8.0,6.0,11,338.0,143,232.0,244
2026-2839,Tenerife 2,Hard,32,C,20260209.0,14,L0CX,7.0,,Pablo Llamas Ruiz,R,188.0,ESP,23.326,BV25,,,Javier Barranco Cosano,L,180.0,ESP,27.231,6-4 7-5,3,R32,106.0,5.0,1.0,72,52.0,37,8.0,11.0,6.0,8.0,2.0,4.0,66.0,44.0,26.0,11.0,11.0,3.0,7,205.0,292,351.0,138
2026-2839,Tenerife 2,Hard,32,C,20260209.0,15,BU10,,,Jacopo Berrettini,R,191.0,ITA,27.203,V0J1,,,Jacopo Vasami,L,193.0,ITA,18.144,6-3 6-3,3,R32,87.0,2.0,2.0,55,36.0,27,14.0,9.0,3.0,3.0,5.0,2.0,70.0,43.0,25.0,14.0,9.0,9.0,12,306.0,168,624.0,57
2026-2839,Tenerife 2,Hard,32,C,20260209.0,16,S0TM,,,Toby Samuel,R,191.0,GBR,23.428,R0FP,,,Daniel Rincon,L,185.0,ESP,23.091,7-5 6-0,3,R32,70.0,4.0,1.0,55,37.0,32,9.0,9.0,5.0,5.0,2.0,1.0,56.0,37.0,17.0,12.0,9.0,3.0,7,244.0,224,252.0,213
2026-2969,Brisbane 2,Hard,32,C,20260209.0,16,W0A4,,,Arthur Weber,L,185.0,FRA,33.755,J476,,,David Jorda Sanchis,R,198.0,ESP,31.658,6-3 2-6 7-5,3,R32,148.0,2.0,1.0,93,70.0,46,14.0,15.0,7.0,10.0,9.0,8.0,96.0,50.0,38.0,21.0,14.0,5.0,8,430.0,109,379.0,124
2026-2969,Brisbane 2,Hard,32,C,20260209.0,17,S0IA,2.0,,Dane Sweeny,R,170.0,AUS,24.991,I426,,,Masamichi Imamura,R,178.0,JPN,27.214,6-3 6-2,3,R16,78.0,1.0,0.0,57,37.0,24,13.0,9.0,3.0,4.0,0.0,1.0,44.0,25.0,17.0,5.0,8.0,0.0,4,138.0,464,549.0,73
2026-2969,Brisbane 2,Hard,32,C,20260209.0,18,S0UV,3.0,,Rei Sakamoto,R,193.0,JPN,19.63,SQ79,,,Colin Sinclair,R,188.0,NMI,31.143,7-5 6-3,3,R16,82.0,7.0,1.0,61,37.0,33,13.0,11.0,0.0,0.0,4.0,2.0,50.0,28.0,20.0,15.0,10.0,0.0,2,174.0,344,792.0,35
2026-2969,Brisbane 2,Hard,32,C,20260209.0,19,MI01,,,Hiroki Moriya,R,168.0,JPN,35.318,S0U5,,,Tai Sach,R,178.0,AUS,23.4,6-7(6) 6-0 6-4,3,R16,145.0,5.0,4.0,98,55.0,43,23.0,14.0,5.0,6.0,9.0,2.0,94.0,54.0,36.0,18.0,14.0,3.0,8,539.0,75,561.0,70
2026-2969,Brisbane 2,Hard,32,C,20260209.0,20,TC01,,,Li Tu,R,183.0,AUS,29.706,EA27,,,Blake Ellis,R,191.0,AUS,27.094,6-4 6-4,3,R16,80.0,8.0,5.0,54,35.0,31,10.0,10.0,0.0,0.0,8.0,3.0,59.0,31.0,21.0,16.0,10.0,2.0,4,415.0,114,458.0,99
2026-2969,Brisbane 2,Hard,32,C,20260209.0,21,BI81,4.0,,Alex Bolt,L,183.0,AUS,33.095,J553,,,Omar Jasika,L,183.0,AUS,28.731,6-2 4-1 RET,3,R16,49.0,6.0,2.0,32,21.0,18,6.0,6.0,0.0,0.0,0.0,1.0,38.0,27.0,10.0,7.0,7.0,2.0,6,178.0,339,398.0,119
2026-2969,Brisbane 2,Hard,32,C,20260209.0,22,B0NO,8.0,,Darwin Blanch,L,185.0,USA,18.368,W0A4,,,Arthur Weber,L,185.0,FRA,33.755,6-1 6-3,3,R16,72.0,7.0,3.0,57,31.0,21,16.0,8.0,5.0,6.0,0.0,0.0,61.0,43.0,21.0,9.0,8.0,3.0,8,280.0,184,430.0,109
2026-2969,Brisbane 2,Hard,32,C,20260209.0,23,Z371,,,Zhizhen Zhang,R,193.0,CHN,29.317,U134,9.0,,Yasutaka Uchiyama,R,183.0,JPN,33.514,6-4 7-6(7),3,R16,113.0,11.0,3.0,75,38.0,29,20.0,11.0,2.0,4.0,9.0,4.0,73.0,41.0,30.0,14.0,11.0,2.0,5,365.0,130,297.0,176
2026-2969,Brisbane 2,Hard,32,C,20260209.0,24,M0SC,,,Hayato Matsuoka,R,180.0,JPN,21.068,PG94,,,Marc Polmans,R,188.0,AUS,28.775,4-6 7-6(2) 6-3,3,R16,148.0,10.0,6.0,81,54.0,43,18.0,16.0,0.0,3.0,9.0,9.0,100.0,58.0,42.0,18.0,15.0,4.0,7,405.0,117,383.0,123
2026-2969,Brisbane 2,Hard,32,C,20260209.0,25,MI01,,,Hiroki Moriya,R,168.0,JPN,35.318,S0IA,2.0,,Dane Sweeny,R,170.0,AUS,24.991,7-5 7-6(3),3,QF,163.0,2.0,1.0,97,54.0,32,23.0,12.0,10.0,14.0,4.0,1.0,74.0,48.0,28.0,14.0,12.0,1.0,6,539.0,75,138.0,464
2026-2969,Brisbane 2,Hard,32,C,20260209.0,26,S0UV,3.0,,Rei Sakamoto,R,193.0,JPN,19.63,TC01,,,Li Tu,R,183.0,AUS,29.706,7-6(3) 6-4,3,QF,113.0,11.0,0.0,65,44.0,35,11.0,11.0,1.0,3.0,4.0,4.0,76.0,40.0,27.0,17.0,11.0,4.0,7,174.0,344,415.0,114
2026-2969,Brisbane 2,Hard,32,C,20260209.0,27,BI81,4.0,,Alex Bolt,L,183.0,AUS,33.095,B0NO,8.0,,Darwin Blanch,L,185.0,USA,18.368,7-5 6-3,3,QF,91.0,10.0,3.0,72,42.0,29,15.0,11.0,6.0,8.0,4.0,2.0,67.0,39.0,24.0,13.0,10.0,2.0,6,178.0,339,280.0,184
2026-2839,Tenerife 2,Hard,32,C,20260209.0,29,M0HT,,,Alejandro Moro Canas,R,183.0,ESP,25.175,M0N7,5.0,,Daniel Merida,R,188.0,ESP,21.372,6-2 3-6 7-5,3,SF,123.0,2.0,3.0,78,56.0,38,11.0,14.0,7.0,10.0,3.0,1.0,86.0,62.0,35.0,15.0,15.0,0.0,5,276.0,191,152.0,411
2026-2839,Tenerife 2,Hard,32,C,20260209.0,30,HG86,6.0,,Lloyd Harris,R,193.0,RSA,28.958,L0CX,7.0,,Pablo Llamas Ruiz,R,188.0,ESP,23.326,6-4 7-6(5),3,SF,125.0,5.0,1.0,86,53.0,37,16.0,11.0,6.0,8.0,1.0,0.0,76.0,59.0,37.0,7.0,11.0,4.0,7,186.0,324,205.0,292
2026-2839,Tenerife 2,Hard,32,C,20260209.0,31,HG86,6.0,,Lloyd Harris,R,193.0,RSA,28.958,M0HT,,,Alejandro Moro Canas,R,183.0,ESP,25.175,7-5 7-5,3,F,128.0,10.0,0.0,73,46.0,37,18.0,12.0,5.0,5.0,1.0,1.0,76.0,55.0,36.0,14.0,12.0,5.0,7,186.0,324,276.0,191
2026-7849,Chennai,Hard,32,C,20260209.0,1,X01C,,,Ioannis Xilas,R,178.0,GRE,24.747,CI14,1.0,,Jay Clarke,R,183.0,GBR,27.54,6-4 6-4,3,R32,126.0,0.0,2.0,65,46.0,28,11.0,10.0,3.0,6.0,3.0,5.0,88.0,52.0,33.0,12.0,10.0,8.0,13,388.0,121,183.0,329
2026-2839,Tenerife 2,Hard,32,C,20260209.0,1,G0IB,,,Tom Gentzsch,R,191.0,GER,22.431,W0FH,,,Benjamin Willwerth,R,191.0,USA,18.604,2-6 6-0 7-6(1),3,R32,129.0,3.0,7.0,81,50.0,35,17.0,13.0,6.0,9.0,0.0,1.0,97.0,59.0,36.0,16.0,13.0,6.0,10,251.0,217,1608.0,3
2026-2839,Tenerife 2,Hard,32,C,20260209.0,2,HG94,,,Benjamin Hassan,R,183.0,LBN,31.014,G0GW,,,Sascha Gueymard Wayenburg,R,191.0,FRA,22.527,7-6(6) 6-4,3,R32,119.0,3.0,2.0,82,52.0,34,15.0,11.0,4.0,8.0,3.0,2.0,85.0,57.0,33.0,13.0,11.0,7.0,12,272.0,196,263.0,203
2026-2839,Tenerife 2,Hard,32,C,20260209.0,3,M0EA,,,Pol Martin Tiffon,R,183.0,ESP,26.533,BV24,,,Raul Brancaccio,R,183.0,ITA,28.769,7-6(2) 6-3,3,R32,85.0,2.0,1.0,61,34.0,32,15.0,10.0,0.0,0.0,3.0,4.0,75.0,47.0,33.0,13.0,11.0,6.0,8,262.0,203,343.0,142
2026-2839,Tenerife 2,Hard,32,C,20260209.0,4,M0IF,1.0,,Francesco Maestrelli,R,196.0,ITA,23.138,C0P0,,,Sergio Callejon Hernando,R,175.0,ESP,21.399,4-6 6-2 6-4,3,R32,153.0,6.0,5.0,93,53.0,39,24.0,14.0,5.0,6.0,1.0,4.0,89.0,50.0,36.0,21.0,14.0,6.0,9,108.0,553,527.0,77
2026-2839,Tenerife 2,Hard,32,C,20260209.0,5,HH06,,,Marc Andrea Huesler,L,196.0,SUI,29.629,O513,2.0,,Sebastian Ofner,R,191.0,AUT,29.747,6-3 6-7(6) 6-3,3,R32,126.0,6.0,0.0,108,66.0,46,28.0,16.0,4.0,5.0,8.0,1.0,92.0,59.0,42.0,16.0,14.0,3.0,6,230.0,244,135.0,471
2026-2839,Tenerife 2,Hard,32,C,20260209.0,6,M0N1,3.0,,Luka Mikrut,R,188.0,CRO,21.818,A0KQ,,,Izan Almazan Valiente,R,191.0,ESP,19.943,6-1 2-6 6-3,3,R32,114.0,5.0,3.0,75,46.0,33,16.0,12.0,6.0,8.0,4.0,4.0,82.0,58.0,34.0,10.0,12.0,3.0,7,164.0,359,828.0,31
2026-2839,Tenerife 2,Hard,32,C,20260209.0,7,TA12,4.0,,Stefano Travaglia,R,185.0,ITA,34.119,S0NV,,,Abdullah Shelbayh,L,180.0,JOR,22.234,6-3 5-7 7-5,3,R32,141.0,5.0,3.0,81,41.0,36,23.0,16.0,1.0,3.0,3.0,3.0,116.0,71.0,45.0,23.0,17.0,8.0,12,163.0,360,310.0,164
2026-2839,Tenerife 2,Hard,32,C,20260209.0,8,M0N7,5.0,,Daniel Merida,R,188.0,ESP,21.372,GA79,,,Lorenzo Giustino,R,180.0,ITA,34.418,6-4 2-0 RET,3,R32,53.0,2.0,0.0,29,20.0,16,8.0,6.0,0.0,0.0,4.0,0.0,43.0,28.0,17.0,8.0,6.0,2.0,4,152.0,411,206.0,292
2026-2839,Tenerife 2,Hard,32,C,20260209.0,9,HG86,6.0,,Lloyd Harris,R,193.0,RSA,28.958,P0I6,,,Gabriele Piraino,L,188.0,ITA,22.245,6-3 6-4,3,R32,98.0,9.0,2.0,51,37.0,33,7.0,10.0,0.0,0.0,1.0,4.0,70.0,43.0,28.0,13.0,9.0,6.0,8,186.0,324,353.0,137
2026-2839,Tenerife 2,Hard,32,C,20260209.0,10,M0HT,,,Alejandro Moro Canas,R,183.0,ESP,25.175,L0CF,8.0,,George Loffhagen,R,188.0,GBR,24.81,4-6 6-2 2-0 RET,3,R32,96.0,6.0,0.0,66,47.0,31,11.0,10.0,4.0,6.0,0.0,1.0,60.0,36.0,21.0,12.0,10.0,4.0,8,276.0,191,204.0,295
2026-2839,Tenerife 2,Hard,32,C,20260209.0,11,B0OU,,,Hynek Barton,R,183.0,CZE,21.848,PH78,,,Ryan Peniston,L,180.0,GBR,30.251,7-6(8) 4-6 6-3,3,R32,158.0,4.0,3.0,107,53.0,39,30.0,16.0,3.0,6.0,3.0,3.0,97.0,68.0,49.0,15.0,15.0,4.0,7,287.0,180,231.0,244
2026-2839,Tenerife 2,Hard,32,C,20260209.0,12,D0CN,,,Miguel Damas,R,208.0,ESP,26.138,P0K4,,,Tiago Pereira,R,0.0,PRT,21.64,7-5 6-3,3,R32,86.0,1.0,2.0,61,45.0,34,9.0,11.0,1.0,2.0,2.0,1.0,59.0,36.0,23.0,12.0,10.0,2.0,5,315.0,161,268.0,200
2026-7849,Chennai,Hard,32,C,20260209.0,14,MP13,,,Mukund Sasikumar,R,185.0,IND,29.07,SY50,,,Nitin Kumar Sinha,R,178.0,IND,26.971,7-5 6-3,3,R32,104.0,5.0,1.0,65,38.0,31,14.0,11.0,2.0,3.0,4.0,2.0,70.0,48.0,29.0,10.0,10.0,5.0,8,513.0,80,898.0,24
2026-7849,Chennai,Hard,32,C,20260209.0,15,V0D4,,,Eric Vanshelboim,R,188.0,UKR,24.572,V0GI,,,Aditya Vishal Balsekar,,,,,6-0 6-0,3,R32,64.0,2.0,0.0,37,28.0,21,5.0,6.0,1.0,1.0,0.0,2.0,38.0,27.0,8.0,3.0,6.0,3.0,9,542.0,75,1410.0,5
2026-7849,Chennai,Hard,32,C,20260209.0,16,S0TI,,,Philip Sekulic,R,191.0,AUS,22.431,G0AO,,,Alastair Gray,R,193.0,GBR,27.636,6-3 7-6(9),3,R32,140.0,1.0,2.0,90,62.0,45,13.0,11.0,5.0,6.0,9.0,6.0,91.0,53.0,40.0,14.0,10.0,7.0,9,512.0,80,408.0,116
2026-7849,Chennai,Hard,32,C,20260209.0,17,CH80,,,Luca Castelnuovo,L,188.0,SUI,29.029,C0AK,3.0,,Oliver Crawford,R,180.0,GBR,26.782,1-6 6-3 7-6(5),3,R16,135.0,9.0,6.0,98,56.0,39,24.0,14.0,7.0,9.0,10.0,1.0,77.0,50.0,42.0,14.0,14.0,0.0,1,438.0,107,215.0,273
2026-2839,Tenerife 2,Hard,32,C,20260209.0,17,G0IB,,,Tom Gentzsch,R,191.0,GER,22.431,M0IF,1.0,,Francesco Maestrelli,R,196.0,ITA,23.138,6-4 6-4,3,R16,101.0,7.0,1.0,72,59.0,40,9.0,10.0,4.0,5.0,2.0,3.0,60.0,38.0,28.0,7.0,10.0,4.0,7,251.0,217,108.0,553
2026-2839,Tenerife 2,Hard,32,C,20260209.0,18,TA12,4.0,,Stefano Travaglia,R,185.0,ITA,34.119,B0OU,,,Hynek Barton,R,183.0,CZE,21.848,6-1 6-3,3,R16,69.0,4.0,1.0,52,32.0,27,10.0,8.0,6.0,6.0,5.0,1.0,54.0,34.0,23.0,6.0,8.0,2.0,6,163.0,360,287.0,180
2026-2839,Tenerife 2,Hard,32,C,20260209.0,19,M0EA,,,Pol Martin Tiffon,R,183.0,ESP,26.533,HH06,,,Marc Andrea Huesler,L,196.0,SUI,29.629,6-2 4-6 6-3,3,R16,119.0,2.0,6.0,99,63.0,52,16.0,14.0,9.0,10.0,6.0,5.0,96.0,60.0,40.0,14.0,13.0,8.0,11,262.0,203,230.0,244
2026-2839,Tenerife 2,Hard,32,C,20260209.0,20,M0HT,,,Alejandro Moro Canas,R,183.0,ESP,25.175,HG94,,,Benjamin Hassan,R,183.0,LBN,31.014,6-1 6-4,3,R16,76.0,2.0,0.0,62,45.0,32,10.0,9.0,3.0,3.0,2.0,2.0,47.0,25.0,16.0,10.0,8.0,2.0,5,276.0,191,272.0,196
2026-2839,Tenerife 2,Hard,32,C,20260209.0,21,M0N1,3.0,,Luka Mikrut,R,188.0,CRO,21.818,H0DC,,,Giles Hussey,L,185.0,GBR,28.709,6-4 4-6 6-1,3,R16,161.0,8.0,1.0,90,50.0,39,19.0,14.0,4.0,6.0,3.0,4.0,110.0,69.0,44.0,16.0,13.0,13.0,17,164.0,359,338.0,143
2026-2839,Tenerife 2,Hard,32,C,20260209.0,22,M0N7,5.0,,Daniel Merida,R,188.0,ESP,21.372,S0TM,,,Toby Samuel,R,191.0,GBR,23.428,7-6(4) 6-3,3,R16,94.0,1.0,3.0,72,48.0,33,12.0,10.0,3.0,5.0,3.0,1.0,74.0,51.0,31.0,11.0,11.0,4.0,8,152.0,411,244.0,224
2026-2839,Tenerife 2,Hard,32,C,20260209.0,23,HG86,6.0,,Lloyd Harris,R,193.0,RSA,28.958,D0CN,,,Miguel Damas,R,208.0,ESP,26.138,6-7(0) 6-3 6-1,3,R16,145.0,14.0,5.0,92,52.0,38,20.0,14.0,3.0,5.0,0.0,2.0,85.0,57.0,34.0,12.0,14.0,6.0,12,186.0,324,315.0,161
2026-2839,Tenerife 2,Hard,32,C,20260209.0,24,L0CX,7.0,,Pablo Llamas Ruiz,R,188.0,ESP,23.326,BU10,,,Jacopo Berrettini,R,191.0,ITA,27.203,6-2 6-2,3,R16,74.0,2.0,1.0,51,36.0,28,8.0,8.0,2.0,2.0,1.0,3.0,49.0,23.0,16.0,10.0,8.0,2.0,6,205.0,292,306.0,168
2026-2839,Tenerife 2,Hard,32,C,20260209.0,25,L0CX,7.0,,Pablo Llamas Ruiz,R,188.0,ESP,23.326,M0N1,3.0,,Luka Mikrut,R,188.0,CRO,21.818,3-6 7-5 6-2,3,QF,145.0,4.0,4.0,92,66.0,49,14.0,14.0,5.0,6.0,4.0,2.0,101.0,68.0,45.0,18.0,15.0,11.0,14,205.0,292,164.0,359
2026-2839,Tenerife 2,Hard,32,C,20260209.0,26,M0HT,,,Alejandro Moro Canas,R,183.0,ESP,25.175,TA12,4.0,,Stefano Travaglia,R,185.0,ITA,34.119,6-4 6-2,3,QF,78.0,2.0,2.0,47,30.0,21,11.0,9.0,4.0,6.0,2.0,0.0,59.0,37.0,20.0,9.0,9.0,4.0,9,276.0,191,163.0,360
2026-2839,Tenerife 2,Hard,32,C,20260209.0,27,M0N7,5.0,,Daniel Merida,R,188.0,ESP,21.372,G0IB,,,Tom Gentzsch,R,191.0,GER,22.431,6-1 6-4,3,QF,73.0,2.0,0.0,60,43.0,30,10.0,9.0,4.0,5.0,0.0,2.0,54.0,39.0,18.0,8.0,8.0,4.0,8,152.0,411,251.0,217
2026-2839,Tenerife 2,Hard,32,C,20260209.0,28,HG86,6.0,,Lloyd Harris,R,193.0,RSA,28.958,M0EA,,,Pol Martin Tiffon,R,183.0,ESP,26.533,6-7(6) 6-4 6-4,3,QF,141.0,12.0,3.0,102,71.0,49,12.0,16.0,6.0,10.0,3.0,5.0,96.0,56.0,36.0,22.0,16.0,0.0,6,186.0,324,262.0,203
2026-7849,Chennai,Hard,32,C,20260209.0,30,SN54,6.0,,Frederico Ferreira Silva,L,178.0,POR,30.899,S0O6,4.0,,Ilia Simakin,R,193.0,RUS,22.289,6-4 6-2,3,SF,75.0,3.0,0.0,50,36.0,28,9.0,9.0,0.0,0.0,5.0,2.0,59.0,40.0,26.0,6.0,9.0,3.0,6,255.0,210,214.0,273
2026-7849,Chennai,Hard,32,C,20260209.0,31,SN54,6.0,,Frederico Ferreira Silva,L,178.0,POR,30.899,GJ16,2.0,,Federico Agustin Gomez,R,191.0,ARG,29.205,6-4 6-7(10) 6-4,3,F,178.0,0.0,3.0,110,80.0,55,18.0,16.0,8.0,11.0,13.0,5.0,113.0,66.0,42.0,24.0,16.0,4.0,9,255.0,210,196.0,306
2026-3063,Baton Rouge,Hard,32,C,20260209.0,1,AG08,2.0,,Andres Andrade,R,180.0,ECU,27.157,L0KC,,,Andrej Loncarevic,,,,,6-0 6-2,3,R32,74.0,3.0,4.0,45,29.0,23,9.0,7.0,5.0,5.0,1.0,5.0,52.0,32.0,16.0,7.0,7.0,10.0,15,254.0,211,1293.0,6
2026-3063,Baton Rouge,Hard,32,C,20260209.0,2,GK06,1.0,,Alexis Galarneau,R,180.0,CAN,26.943,O0BQ,,,Karlis Ozolins,R,196.0,LAT,23.655,7-5 6-3,3,R32,88.0,4.0,1.0,55,32.0,23,16.0,10.0,0.0,1.0,5.0,3.0,61.0,35.0,27.0,8.0,11.0,0.0,4,236.0,237,811.0,33
2026-7849,Chennai,Hard,32,C,20260209.0,2,K0HC,,,Maks Kasnikowski,R,180.0,POL,22.598,L0JS,,,Aryan Lakshmanan,,,,,7-5 6-2,3,R32,87.0,5.0,1.0,48,30.0,29,11.0,10.0,0.0,0.0,9.0,2.0,78.0,48.0,31.0,13.0,10.0,6.0,9,419.0,113,1824.0,2
2026-7849,Chennai,Hard,32,C,20260209.0,3,GJ16,2.0,,Federico Agustin Gomez,R,191.0,ARG,29.205,SY74,,,Manish Sureshkumar,R,180.0,IND,26.494,6-1 6-2,3,R32,63.0,2.0,3.0,47,31.0,22,12.0,8.0,1.0,1.0,0.0,4.0,43.0,23.0,13.0,9.0,7.0,5.0,9,196.0,306,887.0,25
2026-7849,Chennai,Hard,32,C,20260209.0,4,C0AK,3.0,,Oliver Crawford,R,180.0,GBR,26.782,SY71,,,Digvijaypratap Singh,R,191.0,IND,25.689,7-6(6) 3-6 7-5,3,R32,183.0,6.0,3.0,108,66.0,52,22.0,16.0,10.0,12.0,19.0,1.0,113.0,72.0,54.0,22.0,17.0,5.0,7,215.0,273,592.0,64
2026-7849,Chennai,Hard,32,C,20260209.0,5,S0O6,4.0,,Ilia Simakin,R,193.0,RUS,22.289,D0JI,,,Manas Dhamne,R,183.0,IND,18.116,6-3 6-2,3,R32,68.0,4.0,1.0,50,27.0,22,16.0,9.0,3.0,3.0,2.0,3.0,55.0,33.0,22.0,8.0,8.0,3.0,6,214.0,273,486.0,89
2026-7849,Chennai,Hard,32,C,20260209.0,6,RB86,,,Sidharth Rawat,R,175.0,IND,32.805,N09U,5.0,,Rio Noguchi,R,168.0,JPN,27.118,2-6 6-3 6-2,3,R32,117.0,0.0,0.0,85,44.0,25,21.0,13.0,3.0,8.0,4.0,1.0,77.0,47.0,27.0,14.0,12.0,5.0,11,715.0,45,246.0,221
2026-7849,Chennai,Hard,32,C,20260209.0,7,SN54,6.0,,Frederico Ferreira Silva,L,178.0,POR,30.899,S0RI,,,Karan Singh,R,185.0,IND,22.615,6-4 6-4,3,R32,79.0,3.0,0.0,52,42.0,34,7.0,10.0,1.0,1.0,2.0,1.0,61.0,37.0,27.0,13.0,10.0,1.0,3,255.0,210,434.0,108
2026-7849,Chennai,Hard,32,C,20260209.0,8,Y171,,,Denis Yevseyev,R,188.0,KAZ,32.72,B0BU,7.0,,Florent Bax,R,185.0,FRA,26.653,5-7 6-4 3-2 RET,3,R32,133.0,1.0,1.0,82,62.0,41,11.0,13.0,3.0,6.0,5.0,6.0,95.0,49.0,31.0,25.0,14.0,7.0,11,362.0,132,271.0,197
2026-7849,Chennai,Hard,32,C,20260209.0,9,N897,8.0,,Sumit Nagal,R,178.0,IND,28.485,G0EU,,,Felix Gill,L,175.0,GBR,23.693,1-6 6-1 6-3,3,R32,116.0,2.0,2.0,70,46.0,27,15.0,11.0,5.0,8.0,2.0,3.0,78.0,52.0,32.0,11.0,12.0,5.0,10,293.0,178,326.0,152
2026-7849,Chennai,Hard,32,C,20260209.0,10,A0CJ,,,Duje Ajdukovic,R,188.0,CRO,25.01,B0GI,,,Alexandr Binda,R,180.0,ITA,24.383,6-4 6-4,3,R32,96.0,5.0,3.0,55,31.0,21,14.0,10.0,0.0,3.0,2.0,4.0,73.0,44.0,25.0,11.0,10.0,2.0,7,327.0,151,464.0,97
2026-7849,Chennai,Hard,32,C,20260209.0,11,B0LQ,,,Petr Bar Biryukov,L,196.0,RUS,23.948,E0AB,,,Ishaque Eqbal,,,,,6-3 6-4,3,R32,67.0,18.0,1.0,55,38.0,33,10.0,10.0,0.0,0.0,4.0,0.0,55.0,34.0,25.0,9.0,9.0,4.0,6,305.0,169,1021.0,16
2026-7849,Chennai,Hard,32,C,20260209.0,12,C0OW,,,Lorenzo Carboni,R,168.0,ITA,19.951,DH23,,,S D Prajwal Dev,R,175.0,IND,29.706,6-2 RET,3,R32,46.0,1.0,1.0,24,17.0,12,4.0,4.0,1.0,2.0,0.0,1.0,32.0,19.0,11.0,3.0,4.0,1.0,4,428.0,110,627.0,57
2026-7849,Chennai,Hard,32,C,20260209.0,13,CH80,,,Luca Castelnuovo,L,188.0,SUI,29.029,L0I5,,,Mitsuki Wei Kang Leong,R,175.0,MAS,21.511,6-4 6-0,3,R32,80.0,1.0,1.0,62,37.0,24,14.0,8.0,4.0,5.0,2.0,2.0,58.0,41.0,21.0,7.0,8.0,6.0,11,438.0,107,697.0,47
2026-3063,Baton Rouge,Hard,32,C,20260209.0,15,I0B0,,,Andre Ilagan,L,173.0,USA,,G0EQ,,,Sebastian Gima,L,0.0,ROU,23.734,6-2 7-6(0),3,R32,95.0,5.0,2.0,75,53.0,35,8.0,10.0,6.0,10.0,4.0,5.0,68.0,38.0,18.0,11.0,10.0,5.0,11,361.0,132,570.0,68
2026-3063,Baton Rouge,Hard,32,C,20260209.0,16,V0DG,,,Quinn Vandecasteele,R,191.0,USA,23.441,F0I8,,,Matthew Forbes,,,USA,19.847,6-4 7-6(3),3,R32,95.0,2.0,1.0,63,28.0,22,23.0,11.0,0.0,1.0,4.0,6.0,88.0,46.0,33.0,20.0,11.0,10.0,12,515.0,80,904.0,23
2026-3063,Baton Rouge,Hard,32,C,20260209.0,17,GK06,1.0,,Alexis Galarneau,R,180.0,CAN,26.943,K0NP,,,Jack Kennedy,R,170.0,USA,17.684,6-4 6-3,3,R16,70.0,7.0,2.0,51,34.0,27,5.0,10.0,2.0,5.0,4.0,0.0,60.0,42.0,20.0,8.0,9.0,4.0,9,236.0,237,886.0,25
2026-3063,Baton Rouge,Hard,32,C,20260209.0,18,AG08,2.0,,Andres Andrade,R,180.0,ECU,27.157,B0I5,,,Blaise Bicknell,R,191.0,JAM,24.205,6-1 6-3,3,R16,57.0,2.0,4.0,42,25.0,22,7.0,8.0,2.0,3.0,4.0,1.0,45.0,32.0,16.0,3.0,8.0,2.0,7,254.0,211,468.0,95
2026-7849,Chennai,Hard,32,C,20260209.0,18,S0O6,4.0,,Ilia Simakin,R,193.0,RUS,22.289,S0TI,,,Philip Sekulic,R,191.0,AUS,22.431,4-6 7-5 7-6(1),3,R16,175.0,14.0,7.0,119,70.0,56,23.0,17.0,9.0,11.0,2.0,1.0,102.0,62.0,44.0,23.0,17.0,5.0,7,214.0,273,512.0,80
2026-7849,Chennai,Hard,32,C,20260209.0,19,SN54,6.0,,Frederico Ferreira Silva,L,178.0,POR,30.899,A0CJ,,,Duje Ajdukovic,R,188.0,CRO,25.01,6-3 6-4,3,R16,105.0,2.0,2.0,80,57.0,37,11.0,10.0,7.0,9.0,2.0,3.0,61.0,35.0,19.0,12.0,9.0,4.0,8,255.0,210,327.0,151
2026-7849,Chennai,Hard,32,C,20260209.0,20,B0LQ,,,Petr Bar Biryukov,L,196.0,RUS,23.948,N897,8.0,,Sumit Nagal,R,178.0,IND,28.485,4-6 7-6(2) 6-3,3,R16,126.0,10.0,4.0,99,57.0,44,24.0,16.0,5.0,7.0,1.0,2.0,81.0,56.0,41.0,16.0,15.0,0.0,2,305.0,169,293.0,178
2026-7849,Chennai,Hard,32,C,20260209.0,21,K0HC,,,Maks Kasnikowski,R,180.0,POL,22.598,RB86,,,Sidharth Rawat,R,175.0,IND,32.805,6-2 6-3,3,R16,87.0,4.0,1.0,52,34.0,25,12.0,9.0,0.0,0.0,0.0,3.0,68.0,43.0,26.0,10.0,8.0,7.0,10,419.0,113,715.0,45
2026-7849,Chennai,Hard,32,C,20260209.0,22,X01C,,,Ioannis Xilas,R,178.0,GRE,24.747,V0D4,,,Eric Vanshelboim,R,188.0,UKR,24.572,6-3 6-4,3,R16,92.0,0.0,1.0,50,36.0,25,11.0,10.0,0.0,2.0,1.0,1.0,63.0,47.0,29.0,6.0,9.0,3.0,7,388.0,121,542.0,75
2026-7849,Chennai,Hard,32,C,20260209.0,23,GJ16,2.0,,Federico Agustin Gomez,R,191.0,ARG,29.205,C0OW,,,Lorenzo Carboni,R,168.0,ITA,19.951,6-3 6-4,3,R16,78.0,8.0,2.0,69,45.0,38,7.0,10.0,4.0,5.0,2.0,1.0,47.0,30.0,22.0,9.0,9.0,5.0,8,196.0,306,428.0,110
2026-7849,Chennai,Hard,32,C,20260209.0,24,Y171,,,Denis Yevseyev,R,188.0,KAZ,32.72,MP13,,,Mukund Sasikumar,R,185.0,IND,29.07,3-6 6-2 6-3,3,R16,106.0,6.0,1.0,81,59.0,40,12.0,13.0,7.0,9.0,4.0,3.0,79.0,48.0,31.0,14.0,13.0,4.0,8,362.0,132,513.0,80
2026-7849,Chennai,Hard,32,C,20260209.0,25,GJ16,2.0,,Federico Agustin Gomez,R,191.0,ARG,29.205,Y171,,,Denis Yevseyev,R,188.0,KAZ,32.72,6-3 6-4,3,QF,67.0,5.0,2.0,58,34.0,29,13.0,10.0,4.0,4.0,1.0,1.0,52.0,42.0,26.0,6.0,9.0,1.0,3,196.0,306,362.0,132
2026-7849,Chennai,Hard,32,C,20260209.0,26,S0O6,4.0,,Ilia Simakin,R,193.0,RUS,22.289,B0LQ,,,Petr Bar Biryukov,L,196.0,RUS,23.948,7-6(5) 4-6 7-5,3,QF,143.0,6.0,5.0,109,70.0,51,17.0,17.0,3.0,7.0,6.0,8.0,104.0,62.0,45.0,20.0,17.0,2.0,6,214.0,273,305.0,169
2026-7849,Chennai,Hard,32,C,20260209.0,27,SN54,6.0,,Frederico Ferreira Silva,L,178.0,POR,30.899,X01C,,,Ioannis Xilas,R,178.0,GRE,24.747,6-2 6-4,3,QF,90.0,1.0,2.0,53,30.0,21,16.0,9.0,1.0,2.0,0.0,2.0,49.0,26.0,17.0,11.0,9.0,0.0,4,255.0,210,388.0,121
2026-7849,Chennai,Hard,32,C,20260209.0,28,K0HC,,,Maks Kasnikowski,R,180.0,POL,22.598,CH80,,,Luca Castelnuovo,L,188.0,SUI,29.029,6-3 7-6(5),3,QF,89.0,5.0,0.0,67,45.0,34,14.0,11.0,1.0,2.0,5.0,4.0,64.0,43.0,30.0,9.0,10.0,2.0,4,419.0,113,438.0,107
2026-7849,Chennai,Hard,32,C,20260209.0,29,GJ16,2.0,,Federico Agustin Gomez,R,191.0,ARG,29.205,K0HC,,,Maks Kasnikowski,R,180.0,POL,22.598,6-3 2-6 7-5,3,SF,138.0,3.0,3.0,84,57.0,40,17.0,15.0,4.0,7.0,1.0,1.0,108.0,69.0,48.0,16.0,14.0,10.0,13,196.0,306,419.0,113
2026-3063,Baton Rouge,Hard,32,C,20260209.0,27,D0D4,,,Stefan Dostanic,R,188.0,USA,24.266,P0IT,,,Olaf Pieczkowski,R,183.0,POL,21.859,7-6(4) 6-1,3,QF,82.0,5.0,4.0,68,45.0,34,13.0,9.0,6.0,6.0,4.0,3.0,61.0,37.0,24.0,13.0,10.0,4.0,7,505.0,82,507.0,81
2026-3063,Baton Rouge,Hard,32,C,20260209.0,28,I0B0,,,Andre Ilagan,L,173.0,USA,,K0DB,,,Cannon Kingsley,R,191.0,USA,24.764,6-2 6-4,3,QF,77.0,7.0,2.0,65,40.0,29,16.0,9.0,7.0,7.0,7.0,2.0,53.0,25.0,18.0,15.0,9.0,4.0,7,361.0,132,495.0,86
2026-3063,Baton Rouge,Hard,32,C,20260209.0,29,GK06,1.0,,Alexis Galarneau,R,180.0,CAN,26.943,I0B0,,,Andre Ilagan,L,173.0,USA,,6-3 6-2,3,SF,90.0,2.0,1.0,61,40.0,30,9.0,9.0,1.0,2.0,0.0,2.0,62.0,43.0,23.0,7.0,8.0,2.0,6,236.0,237,361.0,132
2026-3063,Baton Rouge,Hard,32,C,20260209.0,30,D0D4,,,Stefan Dostanic,R,188.0,USA,24.266,AG08,2.0,,Andres Andrade,R,180.0,ECU,27.157,4-6 6-2 7-5,3,SF,136.0,8.0,0.0,86,71.0,49,8.0,15.0,2.0,5.0,1.0,3.0,113.0,69.0,48.0,16.0,15.0,9.0,14,505.0,82,254.0,211
2026-3063,Baton Rouge,Hard,32,C,20260209.0,3,K0DB,,,Cannon Kingsley,R,191.0,USA,24.764,M0NP,3.0,,Andres Martin,R,183.0,USA,24.594,6-3 7-5,3,R32,84.0,3.0,1.0,71,41.0,28,22.0,11.0,5.0,5.0,3.0,2.0,59.0,41.0,26.0,11.0,10.0,3.0,5,495.0,86,270.0,198
2026-3063,Baton Rouge,Hard,32,C,20260209.0,4,Z0AK,7.0,,Tyler Zink,R,185.0,USA,25.027,A0DV,,,Arda Azkara,,,TUR,22.91,6-4 6-1,3,R32,88.0,6.0,0.0,52,28.0,24,13.0,9.0,0.0,1.0,1.0,6.0,70.0,30.0,15.0,19.0,8.0,11.0,15,330.0,150,574.0,67
2026-3063,Baton Rouge,Hard,32,C,20260209.0,5,M0RG,,,Daniel Milavsky,R,193.0,USA,24.411,S0DQ,8.0,,Keegan Smith,R,201.0,USA,27.633,6-3 7-5,3,R32,75.0,8.0,1.0,72,46.0,33,14.0,11.0,3.0,4.0,11.0,0.0,57.0,35.0,24.0,12.0,10.0,4.0,7,404.0,117,308.0,165
2026-3063,Baton Rouge,Hard,32,C,20260209.0,6,A0IA,,,Erik Arutiunian,R,191.0,BLR,21.309,J732,,,Ben Jones,R,193.0,GBR,27.729,6-4 6-4,3,R32,75.0,12.0,3.0,60,31.0,25,20.0,10.0,0.0,0.0,4.0,3.0,62.0,44.0,28.0,11.0,10.0,1.0,3,440.0,107,752.0,40
2026-3063,Baton Rouge,Hard,32,C,20260209.0,7,B0I5,,,Blaise Bicknell,R,191.0,JAM,24.205,B0F8,,,Justin Boulais,L,183.0,CAN,24.307,3-6 6-2 6-1,3,R32,92.0,3.0,1.0,87,68.0,43,12.0,12.0,7.0,9.0,2.0,10.0,82.0,50.0,32.0,13.0,12.0,6.0,11,468.0,95,524.0,77
2026-3063,Baton Rouge,Hard,32,C,20260209.0,8,D0D4,,,Stefan Dostanic,R,188.0,USA,24.266,G0MH,,,Benjamin Thomas George,L,188.0,CAN,23.14,6-2 6-4,3,R32,83.0,1.0,2.0,59,43.0,29,8.0,9.0,2.0,4.0,1.0,6.0,57.0,30.0,18.0,11.0,9.0,5.0,10,505.0,82,976.0,18
2026-3063,Baton Rouge,Hard,32,C,20260209.0,9,K0NP,,,Jack Kennedy,R,170.0,USA,17.684,G0IW,,,Antoine Ghibaudo,R,191.0,FRA,21.04,6-4 6-4,3,R32,92.0,1.0,0.0,59,31.0,21,16.0,10.0,5.0,7.0,7.0,2.0,73.0,38.0,23.0,16.0,10.0,7.0,11,886.0,25,347.0,140
2026-3063,Baton Rouge,Hard,32,C,20260209.0,10,P0MG,,,Raphael Perot,R,175.0,FRA,24.613,CN15,,,Felix Corwin,R,188.0,USA,29.708,4-6 6-2 7-5,3,R32,138.0,3.0,3.0,95,59.0,42,17.0,15.0,2.0,5.0,11.0,11.0,97.0,52.0,37.0,18.0,15.0,5.0,10,381.0,123,652.0,53
2026-3063,Baton Rouge,Hard,32,C,20260209.0,11,P0IT,,,Olaf Pieczkowski,R,183.0,POL,21.859,S0JB,,,Noah Schachter,R,188.0,USA,26.428,6-0 6-0,3,R32,56.0,4.0,1.0,35,20.0,17,8.0,6.0,0.0,0.0,1.0,2.0,43.0,25.0,10.0,5.0,6.0,4.0,10,507.0,81,869.0,27
2026-3063,Baton Rouge,Hard,32,C,20260209.0,12,S0S5,,,Braden Shick,R,183.0,USA,22.297,F0HI,,,Ryan Fishback,R,175.0,USA,23.789,4-6 7-6(5) 6-2,3,R32,150.0,9.0,5.0,115,63.0,50,20.0,15.0,4.0,8.0,1.0,5.0,99.0,61.0,40.0,17.0,15.0,3.0,8,483.0,89,655.0,53
2026-3063,Baton Rouge,Hard,32,C,20260209.0,13,S0GV,,,Robert Strombachs,R,191.0,LAT,26.404,M0EG,,,Tristan Mccormick,R,196.0,USA,26.861,7-6(6) 6-4,3,R32,94.0,12.0,4.0,68,46.0,37,14.0,11.0,2.0,3.0,6.0,1.0,85.0,58.0,33.0,18.0,11.0,6.0,8,431.0,109,504.0,83
2026-3063,Baton Rouge,Hard,32,C,20260209.0,14,LI10,,,Christian Langmo,R,191.0,USA,29.692,J0B5,5.0,,Garrett Johns,R,180.0,USA,25.147,7-5 6-3,3,R32,95.0,6.0,1.0,64,37.0,27,15.0,10.0,6.0,8.0,0.0,1.0,64.0,40.0,21.0,11.0,11.0,0.0,5,369.0,128,303.0,171
2026-9162,Pau,Hard,32,C,20260209.0,27,BM95,7.0,,Benjamin Bonzi,R,183.0,FRA,29.67,B0ER,,,Arthur Bouquier,R,188.0,FRA,25.125,6-7(9) 6-4 6-4,3,QF,134.0,10.0,0.0,101,60.0,48,23.0,16.0,5.0,6.0,15.0,3.0,108.0,69.0,55.0,17.0,16.0,3.0,6,131.0,484,402.0,117
2026-9162,Pau,Hard,32,C,20260209.0,28,T09X,,,Clement Tabur,R,173.0,FRA,26.045,EA13,8.0,,Moez Echargui,R,178.0,TUN,33.081,6-7(4) 6-2 6-4,3,QF,161.0,11.0,3.0,94,64.0,44,15.0,15.0,6.0,9.0,9.0,2.0,94.0,60.0,41.0,14.0,15.0,4.0,10,213.0,273,146.0,434
2026-9162,Pau,Hard,32,C,20260209.0,29,C0JP,1.0,,Raphael Collignon,R,191.0,BEL,24.074,T09X,,,Clement Tabur,R,173.0,FRA,26.045,7-5 6-4,3,SF,93.0,6.0,5.0,62,42.0,34,4.0,11.0,2.0,5.0,4.0,0.0,69.0,49.0,30.0,6.0,11.0,3.0,8,69.0,777,213.0,273
2026-9162,Pau,Hard,32,C,20260209.0,30,BM95,7.0,,Benjamin Bonzi,R,183.0,FRA,29.67,S0AK,,,Henri Squire,R,196.0,GER,25.369,7-6(6) 6-4,3,SF,92.0,6.0,0.0,67,50.0,36,8.0,11.0,0.0,2.0,3.0,3.0,66.0,44.0,36.0,6.0,11.0,3.0,6,131.0,484,282.0,183
2026-9162,Pau,Hard,32,C,20260209.0,1,C0JP,1.0,,Raphael Collignon,R,191.0,BEL,24.074,Z09F,,,Patrick Zahraj,R,191.0,GER,26.568,7-5 6-2,3,R32,93.0,9.0,2.0,54,40.0,31,8.0,10.0,3.0,4.0,2.0,2.0,70.0,39.0,22.0,16.0,10.0,6.0,10,69.0,777,261.0,204
2026-9162,Pau,Hard,32,C,20260209.0,2,S0H2,2.0,,Alexander Shevchenko,R,188.0,KAZ,25.196,C0BH,,,Clement Chidekh,R,180.0,FRA,24.66,6-4 7-6(6),3,R32,114.0,11.0,1.0,114,71.0,46,20.0,11.0,14.0,17.0,2.0,1.0,66.0,41.0,30.0,11.0,11.0,1.0,5,84.0,690,198.0,304
2026-9162,Pau,Hard,32,C,20260209.0,3,BM95,7.0,,Benjamin Bonzi,R,183.0,FRA,29.67,K926,,,Mikhail Kukushkin,R,183.0,KAZ,38.125,5-7 7-6(3) 7-6(3),3,R32,196.0,15.0,2.0,134,90.0,63,23.0,18.0,7.0,9.0,6.0,0.0,129.0,89.0,63.0,20.0,18.0,2.0,3,131.0,484,256.0,208
2026-9162,Pau,Hard,32,C,20260209.0,4,G0BY,,,Daniil Glinka,L,188.0,EST,25.747,L0GH,,,Mark Lajal,R,191.0,EST,22.749,6-3 4-3 RET,3,R32,69.0,6.0,3.0,41,22.0,18,15.0,8.0,1.0,1.0,5.0,1.0,40.0,25.0,22.0,5.0,8.0,1.0,3,170.0,355,158.0,378
2026-9162,Pau,Hard,32,C,20260209.0,5,T09X,,,Clement Tabur,R,173.0,FRA,26.045,B0PG,3.0,,Alexander Blockx,R,193.0,BEL,20.841,6-1 6-4,3,R32,63.0,3.0,0.0,42,25.0,24,12.0,9.0,0.0,0.0,6.0,0.0,53.0,36.0,25.0,5.0,8.0,4.0,7,213.0,273,103.0,570
2026-9162,Pau,Hard,32,C,20260209.0,6,V0DZ,6.0,,Luca Van Assche,R,178.0,FRA,21.749,K09F,,,Pavel Kotov,R,191.0,RUS,27.228,6-3 3-0 RET,3,R32,67.0,3.0,1.0,39,23.0,17,10.0,6.0,3.0,3.0,1.0,0.0,40.0,25.0,14.0,6.0,6.0,3.0,6,126.0,493,340.0,142
2026-9162,Pau,Hard,32,C,20260209.0,7,EA13,8.0,,Moez Echargui,R,178.0,TUN,33.081,E0DD,,,Justin Engel,R,185.0,GER,18.36,7-6(2) 6-4,3,R32,101.0,6.0,0.0,69,37.0,25,23.0,11.0,1.0,2.0,3.0,4.0,74.0,46.0,29.0,15.0,11.0,6.0,8,146.0,434,194.0,309
2026-9162,Pau,Hard,32,C,20260209.0,8,B0ER,,,Arthur Bouquier,R,188.0,FRA,25.125,S0GR,,,Timofey Skatov,R,173.0,KAZ,25.051,4-6 6-4 7-6(5),3,R32,174.0,20.0,1.0,116,76.0,59,18.0,16.0,5.0,7.0,2.0,4.0,117.0,70.0,45.0,26.0,16.0,7.0,9,402.0,117,191.0,314
2026-9162,Pau,Hard,32,C,20260209.0,9,D0DT,,,Martin Damm,L,203.0,USA,,BU70,,,Remy Bertola,R,175.0,SUI,27.444,7-5 6-3,3,R32,71.0,20.0,2.0,62,44.0,37,12.0,11.0,4.0,4.0,7.0,1.0,58.0,33.0,22.0,17.0,10.0,1.0,3,130.0,486,212.0,274
2026-9162,Pau,Hard,32,C,20260209.0,10,KI63,,,Lukas Klein,R,193.0,SVK,27.888,A09T,,,Dan Added,R,183.0,FRA,26.828,5-2 RET,3,R32,31.0,1.0,0.0,18,13.0,10,3.0,3.0,1.0,1.0,1.0,1.0,27.0,18.0,9.0,4.0,4.0,1.0,3,150.0,420,201.0,299
2026-3063,Baton Rouge,Hard,32,C,20260209.0,19,S0S5,,,Braden Shick,R,183.0,USA,22.297,Z0AK,7.0,,Tyler Zink,R,185.0,USA,25.027,7-6(7) 6-4,3,R16,109.0,6.0,1.0,85,51.0,38,17.0,11.0,8.0,9.0,5.0,2.0,70.0,42.0,35.0,12.0,11.0,4.0,6,483.0,89,330.0,150
2026-3063,Baton Rouge,Hard,32,C,20260209.0,20,M0RG,,,Daniel Milavsky,R,193.0,USA,24.411,P0MG,,,Raphael Perot,R,175.0,FRA,24.613,7-5 1-6 6-1,3,R16,117.0,4.0,3.0,80,48.0,35,15.0,13.0,4.0,7.0,5.0,1.0,90.0,56.0,33.0,20.0,13.0,7.0,11,404.0,117,381.0,123
2026-3063,Baton Rouge,Hard,32,C,20260209.0,21,D0D4,,,Stefan Dostanic,R,188.0,USA,24.266,S0GV,,,Robert Strombachs,R,191.0,LAT,26.404,6-3 6-3,3,R16,64.0,4.0,0.0,52,39.0,28,6.0,9.0,2.0,4.0,1.0,5.0,54.0,39.0,23.0,3.0,9.0,7.0,12,505.0,82,431.0,109
2026-3063,Baton Rouge,Hard,32,C,20260209.0,22,I0B0,,,Andre Ilagan,L,173.0,USA,,LI10,,,Christian Langmo,R,191.0,USA,29.692,7-5 6-2,3,R16,85.0,3.0,4.0,59,43.0,35,6.0,10.0,2.0,3.0,10.0,1.0,74.0,45.0,29.0,10.0,10.0,4.0,8,361.0,132,369.0,128
2026-3063,Baton Rouge,Hard,32,C,20260209.0,23,K0DB,,,Cannon Kingsley,R,191.0,USA,24.764,A0IA,,,Erik Arutiunian,R,191.0,BLR,21.309,6-2 7-5,3,R16,68.0,6.0,1.0,54,28.0,23,15.0,10.0,2.0,4.0,6.0,8.0,63.0,30.0,20.0,13.0,10.0,2.0,7,495.0,86,440.0,107
2026-3063,Baton Rouge,Hard,32,C,20260209.0,24,P0IT,,,Olaf Pieczkowski,R,183.0,POL,21.859,V0DG,,,Quinn Vandecasteele,R,191.0,USA,23.441,6-3 7-6(4),3,R16,119.0,2.0,2.0,91,54.0,34,22.0,10.0,13.0,14.0,2.0,5.0,79.0,40.0,27.0,19.0,11.0,1.0,4,507.0,81,515.0,80
2026-3063,Baton Rouge,Hard,32,C,20260209.0,25,GK06,1.0,,Alexis Galarneau,R,180.0,CAN,26.943,M0RG,,,Daniel Milavsky,R,193.0,USA,24.411,6-4 6-4,3,QF,82.0,4.0,1.0,61,37.0,29,13.0,10.0,0.0,1.0,6.0,1.0,61.0,39.0,25.0,13.0,10.0,6.0,9,236.0,237,404.0,117
2026-3063,Baton Rouge,Hard,32,C,20260209.0,26,AG08,2.0,,Andres Andrade,R,180.0,ECU,27.157,S0S5,,,Braden Shick,R,183.0,USA,22.297,W/O,3,QF,,,,,,,,,,,,,,,,,,,,254.0,211,483.0,89
2026-9162,Pau,Hard,32,C,20260209.0,11,KH56,,,Zdenek Kolar,R,183.0,CZE,29.336,T0BW,,,James Trotter,R,183.0,JPN,26.535,3-6 7-6(5) 6-4,3,R32,137.0,2.0,4.0,106,75.0,55,16.0,15.0,4.0,5.0,14.0,2.0,91.0,53.0,39.0,27.0,16.0,0.0,1,189.0,316,325.0,153
2026-9162,Pau,Hard,32,C,20260209.0,12,L0IL,,,Martin Landaluce,R,193.0,ESP,20.088,PL64,,,Oleg Prihodko,R,180.0,UKR,28.353,6-4 2-6 7-6(4),3,R32,130.0,10.0,2.0,91,66.0,47,17.0,15.0,5.0,7.0,6.0,4.0,105.0,75.0,53.0,17.0,15.0,5.0,6,155.0,388,355.0,136
2026-9162,Pau,Hard,32,C,20260209.0,13,R0FS,,,Leandro Riedi,R,191.0,SUI,24.036,B0WL,,,Felix Balshaw,R,191.0,FRA,19.655,6-7(0) 6-3 6-2,3,R32,119.0,8.0,0.0,91,59.0,44,20.0,15.0,1.0,1.0,16.0,4.0,90.0,49.0,40.0,18.0,14.0,8.0,11,173.0,348,641.0,55
2026-9162,Pau,Hard,32,C,20260209.0,14,S0AK,,,Henri Squire,R,196.0,GER,25.369,K0O4,,,Moise Kouame,R,191.0,FRA,16.931,6-3 7-5,3,R32,90.0,1.0,0.0,71,57.0,36,9.0,11.0,8.0,10.0,3.0,0.0,61.0,35.0,17.0,15.0,10.0,1.0,5,282.0,183,503.0,83
2026-7874,Lille,Hard,32,C,20260216.0,4,K0EP,,,Jerome Kym,R,198.0,SUI,23.012,D0DW,,,Titouan Droguet,R,191.0,FRA,24.674,6-4 5-7 6-2,3,QF,120.0,8.0,1.0,79,56.0,42,14.0,15.0,4.0,7.0,15.0,2.0,92.0,53.0,38.0,16.0,15.0,4.0,9,197.0,307,120.0,510
2026-7874,Lille,Hard,32,C,20260216.0,3,B0PG,4.0,,Alexander Blockx,R,193.0,BEL,20.86,BM95,8.0,,Benjamin Bonzi,R,183.0,FRA,29.689,6-3 6-4,3,QF,80.0,5.0,0.0,52,31.0,27,14.0,10.0,1.0,1.0,4.0,3.0,73.0,48.0,29.0,13.0,9.0,7.0,9,104.0,570,112.0,548
2026-3075,Metepec,Hard,32,C,20260216.0,1,GH92,5.0,,Borna Gojo,R,196.0,CRO,27.97,GK06,4.0,,Alexis Galarneau,R,180.0,CAN,26.962,6-1 6-4,3,F,76.0,11.0,4.0,63,42.0,32,9.0,9.0,1.0,1.0,2.0,8.0,45.0,25.0,16.0,9.0,8.0,2.0,5,237.0,236,230.0,246
2026-3075,Metepec,Hard,32,C,20260216.0,2,GH92,5.0,,Borna Gojo,R,196.0,CRO,27.97,P0J1,3.0,,Rodrigo Pacheco Mendez,L,191.0,MEX,20.813,7-6(5) 6-4,3,SF,99.0,14.0,8.0,80,52.0,45,10.0,11.0,2.0,3.0,4.0,6.0,71.0,41.0,32.0,16.0,11.0,1.0,3,237.0,236,228.0,248
2026-3075,Metepec,Hard,32,C,20260216.0,3,GK06,4.0,,Alexis Galarneau,R,180.0,CAN,26.962,AG08,6.0,,Andres Andrade,R,180.0,ECU,27.176,5-7 7-5 6-4,3,SF,160.0,3.0,14.0,118,70.0,50,20.0,17.0,9.0,13.0,6.0,6.0,101.0,54.0,36.0,25.0,17.0,2.0,7,230.0,246,252.0,219
2026-3075,Metepec,Hard,32,C,20260216.0,4,AG08,6.0,,Andres Andrade,R,180.0,ECU,27.176,FA43,1.0,,Juan Pablo Ficovich,R,188.0,ARG,29.062,1-6 7-5 7-6(4),3,QF,127.0,3.0,4.0,89,58.0,42,20.0,15.0,3.0,5.0,10.0,2.0,99.0,67.0,51.0,20.0,16.0,4.0,5,252.0,219,183.0,331
2026-3075,Metepec,Hard,32,C,20260216.0,5,GH92,5.0,,Borna Gojo,R,196.0,CRO,27.97,TA46,2.0,,Bernard Tomic,R,196.0,AUS,33.322,6-3 4-6 6-4,3,QF,103.0,21.0,5.0,82,53.0,47,14.0,15.0,0.0,1.0,6.0,0.0,84.0,58.0,38.0,18.0,14.0,6.0,8,237.0,236,187.0,319
2026-3075,Metepec,Hard,32,C,20260216.0,6,P0J1,3.0,,Rodrigo Pacheco Mendez,L,191.0,MEX,20.813,KE64,8.0,,Stefan Kozlov,R,183.0,USA,28.041,6-4 6-2,3,QF,90.0,6.0,2.0,63,39.0,29,14.0,9.0,3.0,3.0,3.0,5.0,55.0,26.0,19.0,12.0,9.0,2.0,5,228.0,248,272.0,196
2026-7874,Lille,Hard,32,C,20260216.0,5,V0DZ,7.0,,Luca Van Assche,R,178.0,FRA,21.769,C0BH,,,Clement Chidekh,R,180.0,FRA,24.679,6-2 6-3,3,QF,88.0,2.0,2.0,65,40.0,24,15.0,8.0,9.0,10.0,3.0,5.0,50.0,32.0,17.0,7.0,9.0,5.0,10,130.0,477,205.0,292
2026-7874,Lille,Hard,32,C,20260216.0,6,K0O4,,,Moise Kouame,,,,,B0NN,,,Nishesh Basavareddy,R,180.0,USA,20.794,6-3 6-3,3,QF,108.0,5.0,3.0,71,44.0,30,15.0,9.0,8.0,8.0,7.0,6.0,68.0,38.0,29.0,9.0,9.0,7.0,10,507.0,83,192.0,310
2026-7874,Lille,Hard,32,C,20260216.0,7,B0PG,4.0,,Alexander Blockx,R,193.0,BEL,20.86,B0ER,,,Arthur Bouquier,R,188.0,FRA,25.144,6-1 7-6(3),3,R16,70.0,8.0,0.0,54,35.0,29,16.0,10.0,0.0,0.0,4.0,2.0,66.0,46.0,30.0,10.0,9.0,7.0,9,104.0,570,358.0,133
2026-7874,Lille,Hard,32,C,20260216.0,8,BM95,8.0,,Benjamin Bonzi,R,183.0,FRA,29.689,E0DD,,,Justin Engel,R,185.0,GER,18.379,6-2 6-2,3,R16,62.0,6.0,0.0,40,22.0,19,13.0,8.0,0.0,0.0,2.0,1.0,55.0,37.0,20.0,7.0,8.0,8.0,12,112.0,548,194.0,309
2026-7874,Lille,Hard,32,C,20260216.0,9,K0O4,,,Moise Kouame,,,,,S0WT,,,Joel Schwaerzler,L,188.0,AUT,20.055,6-3 6-4,3,R16,77.0,3.0,1.0,48,29.0,28,12.0,10.0,0.0,0.0,4.0,0.0,59.0,36.0,25.0,11.0,9.0,3.0,5,507.0,83,246.0,226
2026-7874,Lille,Hard,32,C,20260216.0,10,K0EP,,,Jerome Kym,R,198.0,SUI,23.012,L0IL,,,Martin Landaluce,R,193.0,ESP,20.107,6-4 6-3,3,R16,80.0,11.0,0.0,57,43.0,34,5.0,10.0,1.0,2.0,2.0,3.0,56.0,33.0,19.0,12.0,9.0,4.0,7,197.0,307,159.0,390
2026-7874,Lille,Hard,32,C,20260216.0,11,B0NN,,,Nishesh Basavareddy,R,180.0,USA,20.794,G09O,3.0,,Hugo Gaston,L,173.0,FRA,25.391,6-4 6-1,3,R16,65.0,5.0,1.0,47,30.0,24,10.0,8.0,2.0,2.0,2.0,4.0,53.0,27.0,18.0,9.0,9.0,1.0,5,192.0,310,96.0,619
2026-7874,Lille,Hard,32,C,20260216.0,12,D0DW,,,Titouan Droguet,R,191.0,FRA,24.674,S0GR,,,Timofey Skatov,R,173.0,KAZ,25.07,7-6(6) 6-2,3,R16,110.0,5.0,0.0,69,39.0,30,17.0,10.0,3.0,3.0,3.0,1.0,62.0,39.0,27.0,12.0,10.0,0.0,2,120.0,510,195.0,308
2026-3075,Metepec,Hard,32,C,20260216.0,15,KE64,8.0,,Stefan Kozlov,R,183.0,USA,28.041,P0C1,,,Karl Poling,L,185.0,USA,26.538,6-4 7-6(4),3,R16,96.0,5.0,9.0,64,38.0,31,10.0,11.0,3.0,6.0,0.0,3.0,72.0,49.0,31.0,9.0,11.0,4.0,8,272.0,196,599.0,63
2026-3075,Metepec,Hard,32,C,20260216.0,16,FA43,1.0,,Juan Pablo Ficovich,R,188.0,ARG,29.062,F0HI,,,Ryan Fishback,R,175.0,USA,23.808,6-4 6-4,3,R32,75.0,9.0,1.0,59,36.0,27,15.0,10.0,7.0,8.0,1.0,6.0,60.0,35.0,24.0,13.0,10.0,2.0,5,183.0,331,646.0,55
2026-3075,Metepec,Hard,32,C,20260216.0,17,P0J1,3.0,,Rodrigo Pacheco Mendez,L,191.0,MEX,20.813,D0K3,,,Guillaume Dalmasso,R,193.0,FRA,23.343,6-2 6-1,3,R32,51.0,4.0,2.0,36,24.0,19,9.0,7.0,0.0,0.0,2.0,11.0,42.0,24.0,14.0,5.0,8.0,1.0,6,228.0,248,764.0,39
2026-3075,Metepec,Hard,32,C,20260216.0,18,GK06,4.0,,Alexis Galarneau,R,180.0,CAN,26.962,H0A4,,,Nick Hardt,R,185.0,DOM,25.407,6-3 6-0,3,R32,56.0,1.0,3.0,40,19.0,17,15.0,8.0,0.0,0.0,1.0,0.0,47.0,31.0,14.0,8.0,7.0,4.0,8,230.0,246,607.0,60
2026-3075,Metepec,Hard,32,C,20260216.0,19,AG08,6.0,,Andres Andrade,R,180.0,ECU,27.176,GB41,,,Juan Sebastian Gomez,,,COL,33.952,6-2 6-3,3,R32,78.0,5.0,5.0,50,26.0,21,13.0,8.0,2.0,3.0,1.0,8.0,58.0,35.0,21.0,7.0,9.0,4.0,9,252.0,219,581.0,65
2026-3075,Metepec,Hard,32,C,20260216.0,20,M0NP,7.0,,Andres Martin,R,183.0,USA,24.613,A09W,,,Juan Carlos Aguilar,R,170.0,CAN,27.242,6-2 6-3,3,R32,79.0,2.0,4.0,68,44.0,26,14.0,9.0,4.0,6.0,0.0,5.0,50.0,28.0,15.0,7.0,8.0,3.0,8,270.0,198,759.0,39
2026-3075,Metepec,Hard,32,C,20260216.0,21,A09P,,,Alafia Ayeni,R,191.0,USA,26.522,M0C2,,,Dan Martin,R,175.0,CAN,26.776,7-5 RET,3,R32,58.0,5.0,3.0,31,20.0,18,7.0,6.0,1.0,1.0,2.0,2.0,69.0,47.0,31.0,7.0,6.0,6.0,7,608.0,60,386.0,122
2026-3075,Metepec,Hard,32,C,20260216.0,22,J732,,,Ben Jones,R,193.0,GBR,27.748,D0JM,,,Rafael De Alba,R,175.0,MEX,23.926,6-1 7-6(9),3,R32,112.0,4.0,10.0,76,44.0,33,16.0,10.0,3.0,4.0,4.0,0.0,66.0,44.0,26.0,15.0,9.0,4.0,7,746.0,41,1101.0,12
2026-7874,Lille,Hard,32,C,20260216.0,21,B0NN,,,Nishesh Basavareddy,R,180.0,USA,20.794,BV16,,,Ugo Blanchet,R,175.0,FRA,27.116,6-2 6-2,3,R32,78.0,6.0,2.0,42,23.0,21,12.0,8.0,3.0,3.0,7.0,1.0,71.0,46.0,26.0,9.0,8.0,6.0,10,192.0,310,164.0,375
2026-7874,Lille,Hard,32,C,20260216.0,22,B0ER,,,Arthur Bouquier,R,188.0,FRA,25.144,CG33,,,Kimmer Coppejans,R,178.0,BEL,32.025,7-5 0-6 7-5,3,R32,134.0,15.0,7.0,123,84.0,57,12.0,15.0,18.0,23.0,5.0,1.0,95.0,61.0,40.0,17.0,15.0,5.0,9,358.0,133,251.0,220
2026-7874,Lille,Hard,32,C,20260216.0,23,E0DD,,,Justin Engel,R,185.0,GER,18.379,M0QK,,,Loann Massard,R,180.0,FRA,20.559,7-6(5) 6-3,3,R32,92.0,5.0,3.0,69,51.0,37,10.0,11.0,3.0,4.0,7.0,1.0,77.0,42.0,28.0,17.0,10.0,4.0,6,194.0,309,609.0,60
2026-7874,Lille,Hard,32,C,20260216.0,24,K0O4,,,Moise Kouame,,,,,D0L3,,,Matej Dodig,R,188.0,CRO,20.58,6-4 6-2,3,R32,95.0,7.0,3.0,73,48.0,36,8.0,9.0,7.0,8.0,2.0,1.0,64.0,45.0,27.0,8.0,9.0,3.0,7,507.0,83,232.0,244
2026-7874,Lille,Hard,32,C,20260216.0,25,K926,,,Mikhail Kukushkin,R,183.0,KAZ,38.144,Z0A1,,,Giulio Zeppieri,L,183.0,ITA,24.194,6-3 6-1,3,R32,65.0,2.0,1.0,46,33.0,27,8.0,8.0,3.0,3.0,5.0,1.0,57.0,38.0,26.0,3.0,8.0,10.0,14,263.0,203,156.0,397
2026-7874,Lille,Hard,32,C,20260216.0,26,S0GR,,,Timofey Skatov,R,173.0,KAZ,25.07,HB48,,,Calvin Hemery,R,191.0,FRA,31.053,6-1 6-3,3,R32,79.0,0.0,1.0,56,35.0,27,10.0,8.0,6.0,6.0,3.0,0.0,47.0,35.0,19.0,5.0,8.0,1.0,5,195.0,308,294.0,177
2026-7874,Lille,Hard,32,C,20260216.0,27,G09O,3.0,,Hugo Gaston,L,173.0,FRA,25.391,O513,,,Sebastian Ofner,R,191.0,AUT,29.766,6-2 3-6 6-4,3,R32,101.0,1.0,2.0,68,35.0,25,19.0,13.0,2.0,5.0,4.0,1.0,85.0,54.0,35.0,14.0,14.0,3.0,8,96.0,619,132.0,471
2026-7874,Lille,Hard,32,C,20260216.0,28,D0DW,,,Titouan Droguet,R,191.0,FRA,24.674,SS25,,,Vitaliy Sachko,R,188.0,UKR,28.594,6-0 4-6 6-3,3,R32,122.0,10.0,1.0,76,46.0,36,15.0,13.0,3.0,5.0,3.0,2.0,83.0,53.0,32.0,14.0,12.0,6.0,11,120.0,510,181.0,333
2026-3075,Metepec,Hard,32,C,20260216.0,31,P0C1,,,Karl Poling,L,185.0,USA,26.538,B0I5,,,Blaise Bicknell,R,191.0,JAM,24.225,4-6 7-5 6-1,3,R32,116.0,1.0,6.0,93,59.0,46,18.0,15.0,2.0,3.0,10.0,4.0,96.0,73.0,44.0,14.0,14.0,7.0,10,599.0,63,460.0,99
2026-6961,New Delhi,Hard,32,C,20260216.0,1,S0KT,,,Stefanos Sakellaridis,R,198.0,GRE,21.426,C0AK,5.0,,Oliver Crawford,R,180.0,GBR,26.801,7-5 4-6 7-6(6),3,F,189.0,8.0,5.0,105,59.0,37,27.0,17.0,2.0,8.0,3.0,4.0,118.0,77.0,47.0,19.0,17.0,6.0,12,275.0,193,215.0,273
2026-6961,New Delhi,Hard,32,C,20260216.0,2,C0AK,5.0,,Oliver Crawford,R,180.0,GBR,26.801,S0UV,2.0,,Rei Sakamoto,R,193.0,JPN,19.65,6-4 6-3,3,SF,98.0,0.0,3.0,57,40.0,32,10.0,10.0,2.0,2.0,5.0,4.0,68.0,39.0,30.0,11.0,9.0,6.0,8,215.0,273,168.0,364
2026-6961,New Delhi,Hard,32,C,20260216.0,3,S0KT,,,Stefanos Sakellaridis,R,198.0,GRE,21.426,G0EU,,,Felix Gill,L,175.0,GBR,23.713,6-1 7-6(5),3,SF,91.0,6.0,2.0,58,34.0,29,17.0,10.0,1.0,1.0,1.0,0.0,62.0,36.0,25.0,14.0,9.0,3.0,5,275.0,193,322.0,152
2026-6961,New Delhi,Hard,32,C,20260216.0,4,S0UV,2.0,,Rei Sakamoto,R,193.0,JPN,19.65,C0NB,6.0,,Federico Cina,R,185.0,ITA,18.886,6-7(7) 6-3 6-2,3,QF,163.0,12.0,3.0,106,67.0,50,18.0,15.0,3.0,5.0,1.0,2.0,123.0,77.0,45.0,25.0,14.0,14.0,19,168.0,364,225.0,252
2026-6961,New Delhi,Hard,32,C,20260216.0,5,C0AK,5.0,,Oliver Crawford,R,180.0,GBR,26.801,CI14,3.0,,Jay Clarke,R,183.0,GBR,27.559,3-6 7-5 6-3,3,QF,164.0,5.0,2.0,112,67.0,46,25.0,15.0,10.0,12.0,11.0,7.0,84.0,45.0,37.0,15.0,15.0,3.0,6,215.0,273,185.0,329
2026-6961,New Delhi,Hard,32,C,20260216.0,6,S0KT,,,Stefanos Sakellaridis,R,198.0,GRE,21.426,N09U,8.0,,Rio Noguchi,R,168.0,JPN,27.138,6-0 6-3,3,QF,60.0,12.0,1.0,42,27.0,25,8.0,8.0,1.0,1.0,0.0,4.0,42.0,26.0,12.0,7.0,7.0,2.0,6,275.0,193,250.0,221
2026-6961,New Delhi,Hard,32,C,20260216.0,7,G0EU,,,Felix Gill,L,175.0,GBR,23.713,GG65,,,Michael Geerts,R,178.0,BEL,31.083,4-6 6-3 6-4,3,QF,120.0,8.0,0.0,93,63.0,46,18.0,15.0,7.0,8.0,7.0,7.0,81.0,52.0,41.0,13.0,14.0,3.0,5,322.0,152,299.0,173
2026-3075,Metepec,Hard,32,C,20260216.0,7,GK06,4.0,,Alexis Galarneau,R,180.0,CAN,26.962,W0C4,,,Edward Winter,R,178.0,AUS,21.421,5-7 7-5 7-5,3,QF,180.0,2.0,15.0,112,72.0,50,13.0,18.0,7.0,14.0,3.0,11.0,120.0,84.0,54.0,9.0,18.0,5.0,13,230.0,246,494.0,87
2026-3075,Metepec,Hard,32,C,20260216.0,8,FA43,1.0,,Juan Pablo Ficovich,R,188.0,ARG,29.062,N0BA,,,Axel Nefve,L,193.0,USA,25.572,6-3 6-3,3,R16,78.0,3.0,1.0,51,28.0,23,16.0,9.0,0.0,0.0,3.0,4.0,62.0,38.0,25.0,9.0,9.0,3.0,6,183.0,331,939.0,21
2026-3075,Metepec,Hard,32,C,20260216.0,9,GK06,4.0,,Alexis Galarneau,R,180.0,CAN,26.962,K0DB,,,Cannon Kingsley,R,191.0,USA,24.783,6-4 3-6 6-3,3,R16,115.0,4.0,7.0,94,55.0,41,18.0,14.0,1.0,3.0,9.0,1.0,77.0,55.0,39.0,10.0,14.0,2.0,5,230.0,246,475.0,93
2026-3075,Metepec,Hard,32,C,20260216.0,10,AG08,6.0,,Andres Andrade,R,180.0,ECU,27.176,R0EK,,,Natan Rodrigues,,,,,6-4 6-4,3,R16,82.0,4.0,6.0,63,35.0,25,20.0,10.0,4.0,4.0,5.0,2.0,51.0,31.0,25.0,10.0,10.0,1.0,3,252.0,219,946.0,20
2026-3075,Metepec,Hard,32,C,20260216.0,11,W0C4,,,Edward Winter,R,178.0,AUS,21.421,M0NP,7.0,,Andres Martin,R,183.0,USA,24.613,6-2 3-6 6-3,3,R16,128.0,3.0,3.0,85,51.0,39,22.0,13.0,10.0,11.0,1.0,5.0,91.0,74.0,52.0,4.0,13.0,10.0,13,494.0,87,270.0,198
2026-3075,Metepec,Hard,32,C,20260216.0,12,TA46,2.0,,Bernard Tomic,R,196.0,AUS,33.322,BO10,,,Gijs Brouwer,L,191.0,NED,29.927,4-6 6-3 6-2,3,R16,85.0,11.0,0.0,84,62.0,47,11.0,14.0,2.0,3.0,2.0,2.0,71.0,42.0,30.0,17.0,13.0,2.0,5,187.0,319,1688.0,2
2026-3075,Metepec,Hard,32,C,20260216.0,13,P0J1,3.0,,Rodrigo Pacheco Mendez,L,191.0,MEX,20.813,A09P,,,Alafia Ayeni,R,191.0,USA,26.522,3-6 6-1 6-4,3,R16,128.0,5.0,5.0,97,55.0,37,22.0,13.0,10.0,13.0,9.0,9.0,89.0,61.0,40.0,7.0,13.0,9.0,14,228.0,248,608.0,60
2026-3075,Metepec,Hard,32,C,20260216.0,14,GH92,5.0,,Borna Gojo,R,196.0,CRO,27.97,J732,,,Ben Jones,R,193.0,GBR,27.748,6-3 4-2 RET,3,R16,60.0,8.0,1.0,40,26.0,23,9.0,8.0,0.0,0.0,1.0,6.0,48.0,31.0,18.0,8.0,7.0,1.0,3,237.0,236,746.0,41
2026-6961,New Delhi,Hard,32,C,20260216.0,16,Z09Z,,,Beibit Zhukayev,R,198.0,KAZ,25.347,S0IA,1.0,,Dane Sweeny,R,170.0,AUS,25.01,6-7(6) 6-2 6-2,3,R32,135.0,15.0,3.0,95,67.0,50,17.0,14.0,9.0,9.0,6.0,6.0,101.0,62.0,40.0,19.0,14.0,7.0,11,292.0,178,134.0,468
2026-6961,New Delhi,Hard,32,C,20260216.0,17,S0UV,2.0,,Rei Sakamoto,R,193.0,JPN,19.65,SN54,,,Frederico Ferreira Silva,L,178.0,POR,30.919,6-2 6-2,3,R32,70.0,4.0,0.0,41,26.0,23,7.0,8.0,1.0,2.0,0.0,2.0,49.0,33.0,15.0,8.0,8.0,2.0,7,168.0,364,224.0,254
2026-6961,New Delhi,Hard,32,C,20260216.0,18,CI14,3.0,,Jay Clarke,R,183.0,GBR,27.559,K0HC,,,Maks Kasnikowski,R,180.0,POL,22.617,7-6(4) 6-4,3,R32,132.0,2.0,3.0,77,43.0,33,16.0,11.0,2.0,4.0,2.0,1.0,73.0,48.0,28.0,17.0,11.0,4.0,7,185.0,329,371.0,127
2026-6961,New Delhi,Hard,32,C,20260216.0,19,G0EU,,,Felix Gill,L,175.0,GBR,23.713,GJ16,4.0,,Federico Agustin Gomez,R,191.0,ARG,29.224,6-4 3-6 7-6(2),3,R32,145.0,4.0,1.0,104,66.0,50,18.0,15.0,7.0,9.0,8.0,4.0,102.0,66.0,48.0,19.0,16.0,8.0,10,322.0,152,182.0,331
2026-6961,New Delhi,Hard,32,C,20260216.0,20,C0NB,6.0,,Federico Cina,R,185.0,ITA,18.886,X01C,,,Ioannis Xilas,R,178.0,GRE,24.767,6-2 6-4,3,R32,63.0,0.0,2.0,49,35.0,25,7.0,9.0,1.0,3.0,0.0,5.0,48.0,25.0,13.0,10.0,9.0,4.0,9,225.0,252,367.0,129
2026-6961,New Delhi,Hard,32,C,20260216.0,21,N09U,8.0,,Rio Noguchi,R,168.0,JPN,27.138,D0JI,,,Manas Dhamne,R,183.0,IND,18.136,7-5 6-4,3,R32,99.0,0.0,2.0,71,48.0,30,11.0,11.0,2.0,6.0,0.0,4.0,60.0,39.0,20.0,10.0,11.0,0.0,6,250.0,221,488.0,89
2026-6961,New Delhi,Hard,32,C,20260216.0,22,B0LQ,,,Petr Bar Biryukov,L,196.0,RUS,23.967,SY71,,,Digvijaypratap Singh,R,191.0,IND,25.708,6-3 6-4,3,R32,65.0,10.0,2.0,60,37.0,31,13.0,10.0,1.0,1.0,6.0,1.0,42.0,27.0,21.0,9.0,9.0,2.0,4,303.0,172,590.0,64
2026-6961,New Delhi,Hard,32,C,20260216.0,23,B0GI,,,Alexander Binda,,,,,Y171,,,Denis Yevseyev,R,188.0,KAZ,32.739,6-7(7) 6-1 6-2,3,R32,138.0,6.0,5.0,107,59.0,39,24.0,14.0,8.0,12.0,1.0,2.0,90.0,70.0,34.0,9.0,13.0,3.0,11,468.0,96,350.0,138
2026-3075,Metepec,Hard,32,C,20260216.0,23,K0DB,,,Cannon Kingsley,R,191.0,USA,24.783,B0D6,,,Taha Baadi,R,183.0,MAR,24.58,6-3 6-0,3,R32,47.0,13.0,1.0,45,32.0,25,8.0,8.0,0.0,0.0,2.0,4.0,36.0,14.0,7.0,9.0,7.0,1.0,5,475.0,93,577.0,67
2026-3075,Metepec,Hard,32,C,20260216.0,24,N0BA,,,Axel Nefve,L,193.0,USA,25.572,S0BB,,,Alan Raul Sau Franco,,,,,7-6(3) 6-4,3,R32,116.0,5.0,9.0,73,45.0,29,9.0,11.0,3.0,8.0,1.0,1.0,81.0,49.0,26.0,12.0,11.0,8.0,14,939.0,21,1813.0,2
2026-3075,Metepec,Hard,32,C,20260216.0,25,R0EK,,,Natan Rodrigues,,,,,T0I3,,,Miguel Tobon,R,188.0,COL,,6-2 4-3 RET,3,R32,57.0,6.0,2.0,35,24.0,19,8.0,7.0,1.0,2.0,2.0,1.0,53.0,30.0,17.0,8.0,8.0,1.0,5,946.0,20,602.0,62
2026-3075,Metepec,Hard,32,C,20260216.0,26,W0C4,,,Edward Winter,R,178.0,AUS,21.421,D0IN,,,Ryan Dickerson,R,188.0,USA,28.778,6-2 7-5,3,R32,78.0,6.0,1.0,56,36.0,27,10.0,10.0,3.0,5.0,3.0,8.0,56.0,36.0,23.0,5.0,10.0,3.0,8,494.0,87,688.0,49
2026-3075,Metepec,Hard,32,C,20260216.0,27,TA46,2.0,,Bernard Tomic,R,196.0,AUS,33.322,RH88,,,Alan Fernando Rubio Fierros,R,175.0,MEX,27.036,7-6(6) 6-3,3,R32,91.0,5.0,0.0,65,48.0,37,11.0,10.0,1.0,1.0,1.0,1.0,84.0,60.0,37.0,15.0,11.0,8.0,10,187.0,319,585.0,65
2026-3075,Metepec,Hard,32,C,20260216.0,28,GH92,5.0,,Borna Gojo,R,196.0,CRO,27.97,MJ98,,,Facundo Mena,R,183.0,ARG,33.402,6-7(7) 6-4 7-6(5),3,R32,171.0,15.0,4.0,124,77.0,64,22.0,17.0,9.0,10.0,12.0,4.0,106.0,67.0,53.0,22.0,17.0,2.0,4,237.0,236,333.0,145
2026-3075,Metepec,Hard,32,C,20260216.0,29,KE64,8.0,,Stefan Kozlov,R,183.0,USA,28.041,M0EG,,,Tristan Mccormick,R,196.0,USA,26.88,6-3 6-7(4) 6-4,3,R32,162.0,7.0,7.0,103,60.0,44,23.0,16.0,4.0,6.0,6.0,6.0,100.0,63.0,47.0,14.0,15.0,5.0,9,272.0,196,509.0,83
2026-3075,Metepec,Hard,32,C,20260216.0,30,BO10,,,Gijs Brouwer,L,191.0,NED,29.927,G0EQ,,,Sebastian Gima,L,0.0,ROU,23.754,6-2 6-3,3,R32,56.0,2.0,5.0,48,29.0,25,10.0,8.0,3.0,3.0,6.0,4.0,47.0,26.0,18.0,8.0,9.0,5.0,9,1688.0,2,568.0,68
2026-9678,Tigre,Clay,32,C,20260216.0,1,J0AW,,,Guido Ivan Justo,R,178.0,ARG,28.167,M0OH,5.0,,Lautaro Midon,R,180.0,ARG,21.886,4-6 6-3 6-0,3,F,147.0,2.0,0.0,94,61.0,38,15.0,13.0,5.0,9.0,2.0,5.0,78.0,45.0,26.0,11.0,12.0,4.0,11,347.0,139,226.0,252
2026-9678,Tigre,Clay,32,C,20260216.0,2,J0AW,,,Guido Ivan Justo,R,178.0,ARG,28.167,B0GR,2.0,,Gonzalo Bueno,R,173.0,PER,21.873,4-6 6-2 6-2,3,SF,144.0,2.0,1.0,88,51.0,33,18.0,13.0,7.0,10.0,0.0,2.0,79.0,51.0,27.0,11.0,13.0,7.0,13,347.0,139,218.0,265
2026-9678,Tigre,Clay,32,C,20260216.0,3,M0OH,5.0,,Lautaro Midon,R,180.0,ARG,21.886,S0CG,,,Carlos Sanchez Jover,L,173.0,ESP,25.574,6-4 7-5,3,SF,97.0,0.0,0.0,67,40.0,26,8.0,11.0,2.0,7.0,0.0,5.0,67.0,40.0,18.0,11.0,11.0,5.0,12,226.0,252,342.0,141
2026-9678,Tigre,Clay,32,C,20260216.0,4,B0GR,2.0,,Gonzalo Bueno,R,173.0,PER,21.873,CC66,6.0,,Andrea Collarini,L,183.0,ARG,34.045,7-6(11) 6-2,3,QF,113.0,3.0,3.0,72,44.0,33,13.0,10.0,1.0,3.0,0.0,2.0,69.0,40.0,26.0,15.0,10.0,2.0,6,218.0,265,233.0,244
2026-9678,Tigre,Clay,32,C,20260216.0,5,M0OH,5.0,,Lautaro Midon,R,180.0,ARG,21.886,L0GR,,,Juan Manuel La Serna,L,188.0,ARG,22.031,7-6(1) 2-6 7-5,3,QF,194.0,3.0,3.0,137,85.0,50,21.0,16.0,16.0,24.0,1.0,1.0,105.0,68.0,37.0,18.0,16.0,8.0,15,226.0,252,360.0,132
2026-9678,Tigre,Clay,32,C,20260216.0,6,J0AW,,,Guido Ivan Justo,R,178.0,ARG,28.167,F0FL,,,Bruno Fernandez,R,185.0,BRA,21.561,6-1 6-3,3,QF,67.0,4.0,1.0,48,36.0,28,7.0,8.0,1.0,1.0,2.0,4.0,57.0,39.0,22.0,6.0,8.0,3.0,7,347.0,139,792.0,35
2026-9678,Tigre,Clay,32,C,20260216.0,7,S0CG,,,Carlos Sanchez Jover,L,173.0,ESP,25.574,V821,,,Gonzalo Villanueva,R,175.0,ARG,31.094,6-2 6-1,3,QF,69.0,0.0,3.0,44,23.0,18,13.0,7.0,1.0,1.0,0.0,2.0,51.0,32.0,17.0,5.0,8.0,4.0,9,342.0,141,352.0,137
2026-9678,Tigre,Clay,32,C,20260216.0,8,L0GR,,,Juan Manuel La Serna,L,188.0,ARG,22.031,G0DH,1.0,,Alvaro Guillen Meza,R,175.0,ECU,23.124,1-6 6-3 6-1,3,R16,149.0,2.0,8.0,90,62.0,39,13.0,12.0,9.0,12.0,1.0,5.0,80.0,57.0,37.0,8.0,11.0,6.0,10,360.0,132,202.0,298
2026-6961,New Delhi,Hard,32,C,20260216.0,8,S0UV,2.0,,Rei Sakamoto,R,193.0,JPN,19.65,G0AO,,,Alastair Gray,R,193.0,GBR,27.655,1-6 6-1 6-4,3,R16,131.0,4.0,0.0,75,43.0,28,17.0,12.0,4.0,7.0,2.0,6.0,88.0,53.0,36.0,14.0,12.0,5.0,9,168.0,364,408.0,116
2026-6961,New Delhi,Hard,32,C,20260216.0,9,CI14,3.0,,Jay Clarke,R,183.0,GBR,27.559,B0GI,,,Alexander Binda,,,,,6-4 6-4,3,R16,103.0,7.0,5.0,61,24.0,17,20.0,10.0,2.0,4.0,0.0,1.0,67.0,36.0,23.0,14.0,10.0,2.0,6,185.0,329,468.0,96
2026-6961,New Delhi,Hard,32,C,20260216.0,10,C0AK,5.0,,Oliver Crawford,R,180.0,GBR,26.801,I305,,,Ilya Ivashka,R,193.0,BLR,31.978,6-1 6-4,3,R16,82.0,5.0,1.0,57,38.0,30,11.0,9.0,3.0,3.0,1.0,1.0,51.0,32.0,20.0,10.0,8.0,4.0,7,215.0,273,799.0,34
2026-6961,New Delhi,Hard,32,C,20260216.0,11,C0NB,6.0,,Federico Cina,R,185.0,ITA,18.886,N897,,,Sumit Nagal,R,178.0,IND,28.504,6-4 6-4,3,R16,100.0,5.0,4.0,75,52.0,38,9.0,10.0,6.0,7.0,2.0,3.0,67.0,46.0,30.0,6.0,10.0,6.0,9,225.0,252,297.0,175
2026-6961,New Delhi,Hard,32,C,20260216.0,12,GG65,,,Michael Geerts,R,178.0,BEL,31.083,M0E1,7.0,,Daniel Michalski,R,180.0,POL,26.1,7-6(8) 6-4,3,R16,121.0,5.0,3.0,69,43.0,35,11.0,11.0,1.0,3.0,3.0,1.0,86.0,48.0,31.0,20.0,11.0,2.0,5,299.0,173,260.0,206
2026-6961,New Delhi,Hard,32,C,20260216.0,13,N09U,8.0,,Rio Noguchi,R,168.0,JPN,27.138,KC33,,,Dimitar Kuzmanov,R,183.0,BUL,32.556,6-4 6-3,3,R16,96.0,0.0,2.0,55,39.0,28,8.0,9.0,1.0,2.0,1.0,1.0,57.0,37.0,21.0,11.0,10.0,3.0,7,250.0,221,265.0,202
2026-6961,New Delhi,Hard,32,C,20260216.0,14,G0EU,,,Felix Gill,L,175.0,GBR,23.713,B0LQ,,,Petr Bar Biryukov,L,196.0,RUS,23.967,6-3 7-6(3),3,R16,95.0,1.0,2.0,63,47.0,37,12.0,11.0,0.0,0.0,12.0,2.0,82.0,52.0,39.0,12.0,10.0,10.0,11,322.0,152,303.0,172
2026-6961,New Delhi,Hard,32,C,20260216.0,15,S0KT,,,Stefanos Sakellaridis,R,198.0,GRE,21.426,Z09Z,,,Beibit Zhukayev,R,198.0,KAZ,25.347,4-6 6-1 6-4,3,R16,111.0,10.0,2.0,70,37.0,33,22.0,14.0,1.0,2.0,3.0,5.0,77.0,48.0,34.0,13.0,13.0,4.0,7,275.0,193,292.0,178
2026-9678,Tigre,Clay,32,C,20260216.0,17,CC66,6.0,,Andrea Collarini,L,183.0,ARG,34.045,R0HP,,,Lucio Ratti,R,183.0,ARG,22.056,7-6(4) 6-4,3,R32,126.0,0.0,3.0,78,45.0,32,16.0,11.0,2.0,5.0,2.0,2.0,77.0,60.0,38.0,6.0,11.0,3.0,7,233.0,244,556.0,71
2026-9678,Tigre,Clay,32,C,20260216.0,18,D0CG,,,Facundo Diaz Acosta,L,183.0,ARG,25.172,A0JW,,,Joaquin Aguilar Cardozo,R,168.0,URY,20.86,5-7 7-6(5) 6-3,3,R32,216.0,4.0,7.0,120,70.0,46,21.0,16.0,14.0,20.0,2.0,5.0,156.0,96.0,55.0,27.0,17.0,12.0,19,284.0,182,579.0,66
2026-9678,Tigre,Clay,32,C,20260216.0,19,F0FL,,,Bruno Fernandez,R,185.0,BRA,21.561,DC48,,,Murkel Dellien,R,193.0,BOL,28.419,6-4 6-2,3,R32,82.0,1.0,1.0,50,31.0,27,11.0,9.0,3.0,3.0,0.0,0.0,67.0,45.0,29.0,8.0,9.0,8.0,11,792.0,35,278.0,186
2026-9678,Tigre,Clay,32,C,20260216.0,20,L0GR,,,Juan Manuel La Serna,L,188.0,ARG,22.031,Z0BY,,,Nicolas Zanellato,R,168.0,BRA,24.068,6-2 6-7(5) 6-4,3,R32,190.0,7.0,6.0,99,71.0,49,13.0,15.0,2.0,4.0,3.0,1.0,119.0,86.0,52.0,12.0,15.0,6.0,11,360.0,132,935.0,21
2026-9678,Tigre,Clay,32,C,20260216.0,21,R0BT,,,Franco Roncadelli,L,185.0,URU,26.029,Z0CO,,,Maximo Zeitune,R,196.0,ARG,20.041,6-4 6-1,3,R32,74.0,0.0,1.0,55,38.0,26,9.0,9.0,1.0,3.0,2.0,2.0,43.0,25.0,11.0,7.0,8.0,1.0,6,338.0,142,802.0,34
2026-9678,Tigre,Clay,32,C,20260216.0,22,V821,,,Gonzalo Villanueva,R,175.0,ARG,31.094,S0T1,,,Joao Eduardo Schiessl,L,180.0,BRA,21.495,6-3 6-4,3,R32,85.0,1.0,0.0,55,39.0,27,9.0,9.0,1.0,2.0,8.0,2.0,55.0,36.0,24.0,7.0,10.0,2.0,6,352.0,137,504.0,84
2026-9678,Tigre,Clay,32,C,20260216.0,23,G0DH,1.0,,Alvaro Guillen Meza,R,175.0,ECU,23.124,V836,,,Juan Pablo Varillas,R,185.0,PER,30.366,3-6 6-2 6-4,3,R32,156.0,3.0,3.0,80,47.0,30,18.0,13.0,3.0,7.0,0.0,1.0,86.0,45.0,23.0,22.0,14.0,2.0,8,202.0,298,280.0,184
2026-9678,Tigre,Clay,32,C,20260216.0,24,B0GR,2.0,,Gonzalo Bueno,R,173.0,PER,21.873,SG56,,,Daniel Dutra Da Silva,L,,BRA,37.618,7-5 1-6 6-1,3,R32,138.0,7.0,5.0,92,46.0,29,24.0,13.0,6.0,10.0,1.0,4.0,77.0,39.0,19.0,23.0,13.0,6.0,11,218.0,265,320.0,155
2026-6961,New Delhi,Hard,32,C,20260216.0,24,G0AO,,,Alastair Gray,R,193.0,GBR,27.655,CH27,,,Hyeon Chung,R,188.0,KOR,29.747,6-0 7-6(6),3,R32,103.0,3.0,0.0,55,37.0,30,5.0,9.0,2.0,4.0,1.0,7.0,71.0,38.0,21.0,12.0,9.0,3.0,8,408.0,116,396.0,120
2026-6961,New Delhi,Hard,32,C,20260216.0,25,I305,,,Ilya Ivashka,R,193.0,BLR,31.978,S09P,,,Sanhui Shin,R,178.0,KOR,28.917,6-3 6-3,3,R32,79.0,1.0,1.0,48,31.0,21,11.0,9.0,0.0,2.0,1.0,3.0,52.0,25.0,12.0,14.0,9.0,1.0,6,799.0,34,349.0,138
2026-6961,New Delhi,Hard,32,C,20260216.0,26,KC33,,,Dimitar Kuzmanov,R,183.0,BUL,32.556,S0TI,,,Philip Sekulic,R,191.0,AUS,22.45,6-4 7-5,3,R32,115.0,4.0,0.0,65,44.0,32,13.0,11.0,0.0,1.0,3.0,3.0,77.0,56.0,35.0,10.0,11.0,8.0,11,265.0,202,501.0,84
2026-6961,New Delhi,Hard,32,C,20260216.0,27,N897,,,Sumit Nagal,R,178.0,IND,28.504,J476,,,David Jorda Sanchis,R,198.0,ESP,31.677,6-3 7-5,3,R32,87.0,1.0,0.0,62,47.0,36,10.0,11.0,3.0,3.0,3.0,1.0,56.0,33.0,28.0,9.0,10.0,1.0,3,297.0,175,385.0,124
2026-6961,New Delhi,Hard,32,C,20260216.0,28,S0KT,,,Stefanos Sakellaridis,R,198.0,GRE,21.426,SY74,,,Manish Sureshkumar,R,180.0,IND,26.513,6-4 7-5,3,R32,85.0,12.0,5.0,67,50.0,38,6.0,11.0,6.0,8.0,2.0,2.0,59.0,41.0,27.0,9.0,11.0,4.0,8,275.0,193,890.0,25
2026-6961,New Delhi,Hard,32,C,20260216.0,29,C0AK,5.0,,Oliver Crawford,R,180.0,GBR,26.801,A0CJ,,,Duje Ajdukovic,R,188.0,CRO,25.029,7-6(3) 7-5,3,R32,110.0,3.0,0.0,74,46.0,31,20.0,12.0,2.0,4.0,1.0,2.0,70.0,40.0,29.0,13.0,12.0,1.0,4,215.0,273,346.0,139
2026-6961,New Delhi,Hard,32,C,20260216.0,30,M0E1,7.0,,Daniel Michalski,R,180.0,POL,26.1,S0RI,,,Karan Singh,R,185.0,IND,22.634,4-6 7-6(5) 6-3,3,R32,148.0,4.0,3.0,99,61.0,43,21.0,16.0,2.0,6.0,7.0,4.0,105.0,61.0,42.0,20.0,15.0,4.0,8,260.0,206,436.0,108
2026-6961,New Delhi,Hard,32,C,20260216.0,31,GG65,,,Michael Geerts,R,178.0,BEL,31.083,B0MM,,,Edas Butvilas,R,191.0,LTU,21.569,6-3 7-5,3,R32,83.0,1.0,4.0,60,38.0,31,11.0,10.0,4.0,5.0,6.0,3.0,60.0,46.0,28.0,6.0,11.0,1.0,5,299.0,173,254.0,217
2026-9678,Tigre,Clay,32,C,20260216.0,25,O660,3.0,,Genaro Alberto Olivieri,R,175.0,ARG,27.537,A0IK,,,Luciano Emanuel Ambrogi,R,188.0,ARG,22.245,6-3 4-1 RET,3,R32,73.0,0.0,0.0,46,41.0,28,4.0,7.0,3.0,3.0,1.0,4.0,51.0,22.0,14.0,13.0,7.0,5.0,8,229.0,247,388.0,122
2026-9678,Tigre,Clay,32,C,20260216.0,26,M0OH,5.0,,Lautaro Midon,R,180.0,ARG,21.886,P0MJ,,,Dante Pagani,R,185.0,ARG,17.547,6-2 6-2,3,R32,84.0,1.0,3.0,58,38.0,28,10.0,8.0,8.0,9.0,0.0,1.0,52.0,31.0,15.0,8.0,8.0,4.0,9,226.0,252,971.0,18
2026-9678,Tigre,Clay,32,C,20260216.0,27,J0AW,,,Guido Ivan Justo,R,178.0,ARG,28.167,AA27,7.0,,Franco Agamenone,R,191.0,ITA,32.841,6-2 6-2,3,R32,82.0,0.0,0.0,45,29.0,17,12.0,8.0,4.0,6.0,0.0,8.0,57.0,32.0,14.0,8.0,8.0,4.0,10,347.0,139,262.0,204
2026-9678,Tigre,Clay,32,C,20260216.0,28,KC29,8.0,,Nicolas Kicker,R,178.0,ARG,33.503,C0NN,,,Gianluca Cadenasso,R,175.0,ITA,21.383,6-2 6-4,3,R32,101.0,0.0,0.0,64,42.0,25,11.0,9.0,8.0,11.0,2.0,3.0,63.0,38.0,20.0,8.0,9.0,8.0,14,268.0,200,306.0,166
2026-9678,Tigre,Clay,32,C,20260216.0,29,S0CG,,,Carlos Sanchez Jover,L,173.0,ESP,25.574,SL94,,,Pedro Sakamoto,R,178.0,BRA,32.635,6-3 7-5,3,R32,90.0,0.0,2.0,64,43.0,31,10.0,11.0,4.0,6.0,4.0,1.0,61.0,39.0,23.0,10.0,10.0,7.0,11,342.0,141,382.0,124
2026-9678,Tigre,Clay,32,C,20260216.0,30,T0DM,,,Juan Bautista Torres,R,178.0,ARG,23.877,KE69,,,Mariano Kestelboim,R,185.0,ARG,30.029,6-4 6-3,3,R32,80.0,0.0,3.0,56,35.0,24,9.0,10.0,1.0,4.0,0.0,2.0,50.0,31.0,16.0,7.0,9.0,4.0,9,356.0,134,420.0,114
2026-9678,Tigre,Clay,32,C,20260216.0,31,Z0DA,,,Carlos Maria Zarate,R,191.0,ARG,20.884,D0CN,,,Miguel Damas,R,208.0,ESP,26.157,6-7(4) 7-6(4) 6-3,3,R32,206.0,5.0,7.0,150,80.0,53,36.0,17.0,20.0,24.0,0.0,6.0,126.0,88.0,55.0,20.0,16.0,3.0,8,598.0,63,305.0,168
2026-9678,Tigre,Clay,32,C,20260216.0,9,B0GR,2.0,,Gonzalo Bueno,R,173.0,PER,21.873,R0BT,,,Franco Roncadelli,L,185.0,URU,26.029,6-3 6-4,3,R16,112.0,1.0,4.0,79,40.0,27,16.0,9.0,3.0,6.0,1.0,3.0,58.0,38.0,19.0,7.0,10.0,0.0,6,218.0,265,338.0,142
2026-9678,Tigre,Clay,32,C,20260216.0,10,F0FL,,,Bruno Fernandez,R,185.0,BRA,21.561,O660,3.0,,Genaro Alberto Olivieri,R,175.0,ARG,27.537,6-1 6-7(5) 7-5,3,R16,154.0,2.0,0.0,103,76.0,49,16.0,15.0,4.0,6.0,1.0,1.0,119.0,104.0,63.0,6.0,16.0,5.0,11,792.0,35,229.0,247
2026-9678,Tigre,Clay,32,C,20260216.0,11,M0OH,5.0,,Lautaro Midon,R,180.0,ARG,21.886,Z0DA,,,Carlos Maria Zarate,R,191.0,ARG,20.884,6-4 6-2,3,R16,88.0,0.0,2.0,57,39.0,26,9.0,9.0,1.0,3.0,0.0,2.0,54.0,27.0,15.0,12.0,9.0,4.0,9,226.0,252,598.0,63
2026-9678,Tigre,Clay,32,C,20260216.0,12,CC66,6.0,,Andrea Collarini,L,183.0,ARG,34.045,T0DM,,,Juan Bautista Torres,R,178.0,ARG,23.877,5-7 6-3 6-3,3,R16,160.0,0.0,3.0,82,54.0,35,15.0,15.0,2.0,6.0,2.0,1.0,98.0,72.0,45.0,10.0,15.0,11.0,17,233.0,244,356.0,134
2026-9678,Tigre,Clay,32,C,20260216.0,13,V821,,,Gonzalo Villanueva,R,175.0,ARG,31.094,KC29,8.0,,Nicolas Kicker,R,178.0,ARG,33.503,6-4 1-6 6-4,3,R16,132.0,1.0,1.0,77,53.0,33,7.0,13.0,1.0,8.0,1.0,2.0,89.0,59.0,33.0,13.0,14.0,8.0,15,352.0,137,268.0,200
2026-9678,Tigre,Clay,32,C,20260216.0,14,J0AW,,,Guido Ivan Justo,R,178.0,ARG,28.167,D0CG,,,Facundo Diaz Acosta,L,183.0,ARG,25.172,7-5 6-0,3,R16,106.0,1.0,2.0,61,42.0,29,11.0,9.0,1.0,2.0,1.0,5.0,63.0,34.0,19.0,11.0,9.0,7.0,12,347.0,139,284.0,182
2026-9678,Tigre,Clay,32,C,20260216.0,15,S0CG,,,Carlos Sanchez Jover,L,173.0,ESP,25.574,P0CY,,,Stefan Palosi,R,180.0,ROU,26.053,0-6 6-1 6-0,3,R16,83.0,0.0,2.0,48,26.0,14,12.0,9.0,2.0,5.0,1.0,1.0,60.0,47.0,21.0,8.0,10.0,4.0,10,342.0,141,449.0,104
2026-9678,Tigre,Clay,32,C,20260216.0,16,P0CY,,,Stefan Palosi,R,180.0,ROU,26.053,RH59,4.0,,Santiago Rodriguez Taverna,R,191.0,ARG,26.59,6-4 3-6 6-4,3,R32,144.0,0.0,0.0,78,60.0,44,13.0,14.0,4.0,5.0,8.0,3.0,97.0,64.0,46.0,17.0,15.0,6.0,8,449.0,104,231.0,246
2026-7874,Lille,Hard,32,C,20260216.0,13,V0DZ,7.0,,Luca Van Assche,R,178.0,FRA,21.769,K926,,,Mikhail Kukushkin,R,183.0,KAZ,38.144,6-3 6-2,3,R16,85.0,5.0,1.0,57,37.0,31,8.0,9.0,2.0,3.0,4.0,0.0,47.0,34.0,19.0,6.0,8.0,3.0,7,130.0,477,263.0,203
2026-7874,Lille,Hard,32,C,20260216.0,14,C0BH,,,Clement Chidekh,R,180.0,FRA,24.679,G0GW,,,Sascha Gueymard Wayenburg,R,191.0,FRA,22.546,7-6(5) 7-6(4),3,R16,121.0,0.0,3.0,88,60.0,40,18.0,12.0,2.0,4.0,12.0,3.0,79.0,47.0,39.0,11.0,12.0,3.0,5,205.0,292,267.0,201
2026-7874,Lille,Hard,32,C,20260216.0,15,BM95,8.0,,Benjamin Bonzi,R,183.0,FRA,29.689,G0BY,,,Daniil Glinka,L,188.0,EST,25.766,6-4 6-4,3,R32,74.0,4.0,0.0,59,38.0,28,17.0,10.0,3.0,3.0,8.0,1.0,53.0,29.0,21.0,16.0,10.0,0.0,2,112.0,548,171.0,359
2026-7874,Lille,Hard,32,C,20260216.0,16,K0EP,,,Jerome Kym,R,198.0,SUI,23.012,HG86,,,Lloyd Harris,R,193.0,RSA,28.977,5-7 7-6(6) 6-4,3,R32,157.0,12.0,2.0,100,67.0,56,17.0,17.0,5.0,7.0,15.0,3.0,127.0,88.0,65.0,17.0,17.0,7.0,9,197.0,307,155.0,399
2026-7874,Lille,Hard,32,C,20260216.0,17,L0IL,,,Martin Landaluce,R,193.0,ESP,20.107,M0JZ,1.0,,Filip Misolic,R,180.0,AUT,24.526,6-1 1-1 RET,3,R32,50.0,3.0,2.0,30,20.0,16,5.0,4.0,2.0,2.0,2.0,0.0,44.0,33.0,19.0,2.0,5.0,4.0,7,159.0,390,81.0,687
2026-7874,Lille,Hard,32,C,20260216.0,18,C0BH,,,Clement Chidekh,R,180.0,FRA,24.679,F0BY,2.0,,Jacob Fearnley,R,183.0,GBR,24.591,6-3 2-6 6-2,3,R32,118.0,2.0,2.0,82,53.0,33,18.0,13.0,5.0,8.0,9.0,9.0,84.0,50.0,35.0,13.0,12.0,6.0,10,205.0,292,84.0,668
2026-7874,Lille,Hard,32,C,20260216.0,19,B0PG,4.0,,Alexander Blockx,R,193.0,BEL,20.86,SX50,,,Roman Safiullin,R,185.0,RUS,28.528,6-2 6-2,3,R32,69.0,5.0,0.0,46,32.0,23,10.0,8.0,0.0,0.0,1.0,1.0,55.0,38.0,18.0,10.0,8.0,4.0,8,104.0,570,186.0,328
2026-7874,Lille,Hard,32,C,20260216.0,20,S0WT,,,Joel Schwaerzler,L,188.0,AUT,20.055,GB88,5.0,,David Goffin,R,180.0,BEL,35.195,4-6 6-3 6-4,3,R32,136.0,10.0,4.0,110,65.0,44,21.0,15.0,15.0,19.0,1.0,1.0,81.0,56.0,37.0,11.0,14.0,7.0,12,246.0,226,119.0,515
2026-7874,Lille,Hard,32,C,20260216.0,29,V0DZ,7.0,,Luca Van Assche,R,178.0,FRA,21.769,R0FS,,,Leandro Riedi,R,191.0,SUI,24.055,3-6 7-6(2) 6-4,3,R32,146.0,3.0,1.0,109,65.0,49,23.0,15.0,11.0,13.0,10.0,0.0,91.0,58.0,45.0,16.0,16.0,2.0,4,130.0,477,173.0,356
2026-7874,Lille,Hard,32,C,20260216.0,30,G0GW,,,Sascha Gueymard Wayenburg,R,191.0,FRA,22.546,H09N,,,August Holmgren,R,188.0,DEN,27.822,6-3 7-5,3,R32,91.0,11.0,2.0,63,46.0,36,9.0,11.0,2.0,3.0,2.0,1.0,69.0,46.0,28.0,11.0,10.0,5.0,8,267.0,201,199.0,303
2026-7874,Lille,Hard,32,C,20260216.0,1,B0PG,4.0,,Alexander Blockx,R,193.0,BEL,20.86,K0EP,,,Jerome Kym,R,198.0,SUI,23.012,6-3 7-6(4),3,SF,83.0,12.0,0.0,76,48.0,40,15.0,11.0,2.0,2.0,8.0,2.0,60.0,46.0,34.0,9.0,10.0,2.0,3,104.0,570,197.0,307
2026-7874,Lille,Hard,32,C,20260216.0,2,V0DZ,7.0,,Luca Van Assche,R,178.0,FRA,21.769,K0O4,,,Moise Kouame,,,,,6-1 6-1,3,SF,60.0,0.0,1.0,35,24.0,19,9.0,7.0,0.0,0.0,2.0,2.0,43.0,23.0,13.0,3.0,7.0,1.0,6,130.0,477,507.0,83
2026-1796,Saint-Brieuc,Hard,32,C,20260223.0,7,BU54,,,Geoffrey Blancaneaux,R,180.0,FRA,27.546,S0DQ,,,Keegan Smith,R,201.0,USA,27.671,6-3 7-6(5),3,R32,88.0,6.0,1.0,65,43.0,31,16.0,11.0,1.0,2.0,3.0,1.0,63.0,47.0,33.0,7.0,10.0,1.0,3,324.0,153,306.0,164
2026-1796,Saint-Brieuc,Hard,32,C,20260223.0,6,R09X,7.0,,Jurij Rodionov,L,191.0,AUT,26.776,Z09F,,,Patrick Zahraj,R,191.0,GER,26.606,6-3 7-5,3,R32,100.0,6.0,1.0,62,38.0,29,14.0,11.0,4.0,6.0,8.0,3.0,81.0,52.0,33.0,10.0,10.0,8.0,12,176.0,349,341.0,140
2026-1796,Saint-Brieuc,Hard,32,C,20260223.0,5,L0GH,5.0,,Mark Lajal,R,191.0,EST,22.787,BU10,,,Jacopo Berrettini,R,191.0,ITA,27.242,6-3 6-1,3,R32,66.0,5.0,0.0,41,22.0,21,12.0,8.0,0.0,0.0,7.0,4.0,65.0,46.0,28.0,4.0,8.0,5.0,9,160.0,378,301.0,172
2026-1796,Saint-Brieuc,Hard,32,C,20260223.0,4,G09O,2.0,,Hugo Gaston,L,173.0,FRA,25.41,G0GW,,,Sascha Gueymard Wayenburg,R,191.0,FRA,22.565,6-2 6-4,3,R32,75.0,3.0,3.0,54,27.0,20,10.0,9.0,4.0,7.0,11.0,5.0,67.0,40.0,23.0,7.0,9.0,8.0,14,95.0,619,268.0,202
2026-1796,Saint-Brieuc,Hard,32,C,20260223.0,25,G09O,2.0,,Hugo Gaston,L,173.0,FRA,25.41,BV16,6.0,,Ugo Blanchet,R,175.0,FRA,27.135,6-4 6-1,3,QF,69.0,0.0,0.0,47,27.0,20,11.0,8.0,0.0,1.0,4.0,2.0,63.0,33.0,19.0,11.0,9.0,10.0,15,95.0,619,168.0,361
2026-1796,Saint-Brieuc,Hard,32,C,20260223.0,1,D0DW,3.0,,Titouan Droguet,R,191.0,FRA,24.693,K0O4,,,Moise Kouame,,,,,7-6(3) 6-4,3,R32,113.0,10.0,0.0,71,44.0,32,19.0,11.0,2.0,3.0,3.0,3.0,82.0,54.0,38.0,14.0,11.0,5.0,7,122.0,520,397.0,118
2026-7100,Pune,Hard,32,C,20260223.0,3,C0AK,,,Oliver Crawford,R,180.0,GBR,26.82,H0B5,,,Tsung Hao Huang,R,173.0,TPE,26.256,6-2 4-6 6-0,3,R32,113.0,3.0,2.0,72,42.0,28,21.0,12.0,2.0,4.0,4.0,4.0,89.0,52.0,29.0,18.0,12.0,8.0,14,198.0,310,494.0,87
2026-7100,Pune,Hard,32,C,20260223.0,4,SN54,5.0,,Frederico Ferreira Silva,L,178.0,POR,30.938,B0LQ,,,Petr Bar Biryukov,L,196.0,RUS,23.986,6-3 6-4,3,R32,96.0,0.0,1.0,59,39.0,31,13.0,10.0,3.0,3.0,6.0,4.0,68.0,45.0,31.0,7.0,9.0,3.0,5,240.0,235,298.0,174
2026-1796,Saint-Brieuc,Hard,32,C,20260223.0,19,BV16,6.0,,Ugo Blanchet,R,175.0,FRA,27.135,G0CV,,,Buvaysar Gadamauri,R,180.0,BEL,25.624,7-6(0) 6-3,3,R16,87.0,5.0,3.0,70,40.0,31,18.0,11.0,2.0,3.0,6.0,3.0,68.0,45.0,30.0,11.0,10.0,3.0,5,168.0,361,420.0,113
2026-1796,Saint-Brieuc,Hard,32,C,20260223.0,18,H996,,,Pierre Hugues Herbert,R,188.0,FRA,34.938,L0GH,5.0,,Mark Lajal,R,191.0,EST,22.787,6-4 7-6(1),3,R16,99.0,7.0,5.0,68,35.0,27,18.0,11.0,2.0,4.0,8.0,3.0,74.0,48.0,30.0,11.0,11.0,6.0,9,182.0,338,160.0,378
2026-1796,Saint-Brieuc,Hard,32,C,20260223.0,9,K926,,,Mikhail Kukushkin,R,183.0,KAZ,38.163,L0CF,,,George Loffhagen,R,188.0,GBR,24.849,1-0 RET,3,R32,6.0,0.0,0.0,0,0.0,0,0.0,0.0,0.0,0.0,0.0,1.0,8.0,5.0,3.0,0.0,1.0,3.0,4,266.0,203,210.0,281
2026-1796,Saint-Brieuc,Hard,32,C,20260223.0,8,H996,,,Pierre Hugues Herbert,R,188.0,FRA,34.938,P0MG,,,Raphael Perot,R,175.0,FRA,24.652,6-4 6-4,3,R32,82.0,12.0,1.0,64,37.0,27,18.0,10.0,1.0,1.0,1.0,2.0,58.0,33.0,26.0,12.0,10.0,2.0,4,182.0,338,368.0,127
2026-7100,Pune,Hard,32,C,20260223.0,6,N897,,,Sumit Nagal,R,178.0,IND,28.523,N09U,7.0,,Rio Noguchi,R,168.0,JPN,27.157,6-1 6-2,3,R32,69.0,8.0,0.0,50,38.0,26,10.0,8.0,4.0,4.0,1.0,1.0,43.0,23.0,13.0,9.0,7.0,0.0,4,286.0,181,244.0,232
2026-7100,Pune,Hard,32,C,20260223.0,7,B0MM,8.0,,Edas Butvilas,R,191.0,LTU,21.588,V0GI,,,Aditya Vishal Balsekar,,,,,6-0 6-1,3,R32,51.0,5.0,0.0,38,29.0,23,6.0,7.0,0.0,0.0,0.0,1.0,36.0,18.0,8.0,5.0,6.0,1.0,6,254.0,217,1231.0,8
2026-7100,Pune,Hard,32,C,20260223.0,8,D0JI,,,Manas Dhamne,R,183.0,IND,18.155,S0KT,,,Stefanos Sakellaridis,R,198.0,GRE,21.446,6-4 7-6(4),3,R32,110.0,2.0,1.0,65,36.0,24,20.0,11.0,1.0,3.0,4.0,1.0,69.0,36.0,26.0,16.0,11.0,5.0,8,489.0,88,220.0,267
2026-7100,Pune,Hard,32,C,20260223.0,9,G0EU,,,Felix Gill,L,175.0,GBR,23.732,GG65,,,Michael Geerts,R,178.0,BEL,31.102,1-6 7-6(9) 6-4,3,R32,154.0,13.0,1.0,100,74.0,50,16.0,14.0,9.0,11.0,10.0,1.0,105.0,57.0,43.0,29.0,15.0,5.0,6,300.0,173,299.0,174
2026-7100,Pune,Hard,32,C,20260223.0,10,I426,,,Masamichi Imamura,R,178.0,JPN,27.253,J476,,,David Jorda Sanchis,R,198.0,ESP,31.696,7-6(8) 6-4,3,R32,123.0,1.0,0.0,85,65.0,46,11.0,11.0,4.0,5.0,3.0,5.0,80.0,47.0,32.0,17.0,11.0,2.0,4,568.0,68,384.0,124
2026-1796,Saint-Brieuc,Hard,32,C,20260223.0,10,LC12,,,Laurent Lokoli,R,188.0,FRA,31.351,P0D0,,,Jakub Paul,R,180.0,SUI,26.927,1-6 6-4 6-4,3,R32,118.0,6.0,5.0,87,57.0,41,12.0,14.0,9.0,13.0,4.0,0.0,84.0,53.0,36.0,16.0,13.0,7.0,10,502.0,84,496.0,86
2026-1796,Saint-Brieuc,Hard,32,C,20260223.0,11,MW76,,,Matteo Martineau,R,183.0,FRA,27.105,G0IW,,,Antoine Ghibaudo,R,191.0,FRA,21.079,6-7(5) 7-6(3) 7-6(4),3,R32,192.0,19.0,3.0,129,79.0,69,22.0,18.0,5.0,6.0,8.0,2.0,147.0,103.0,74.0,21.0,18.0,11.0,12,350.0,137,340.0,140
2026-1796,Saint-Brieuc,Hard,32,C,20260223.0,12,PJ74,,,Lucas Poullain,R,175.0,FRA,30.22,GB93,,,Norbert Gombos,R,193.0,SVK,35.532,6-4 6-3,3,R32,103.0,3.0,0.0,61,41.0,27,12.0,9.0,5.0,6.0,5.0,4.0,56.0,25.0,20.0,12.0,10.0,1.0,5,459.0,100,296.0,175
2026-1796,Saint-Brieuc,Hard,32,C,20260223.0,13,B0ER,,,Arthur Bouquier,R,188.0,FRA,25.164,F0BY,1.0,,Jacob Fearnley,R,183.0,GBR,24.611,6-3 6-2,3,R32,74.0,6.0,1.0,52,32.0,23,15.0,9.0,1.0,1.0,3.0,7.0,62.0,35.0,24.0,9.0,8.0,7.0,10,439.0,106,90.0,662
2026-1796,Saint-Brieuc,Hard,32,C,20260223.0,14,O513,4.0,,Sebastian Ofner,R,191.0,AUT,29.785,BV21,,,Charles Broom,R,178.0,GBR,27.836,6-7(4) 7-6(5) 6-3,3,R32,114.0,24.0,7.0,111,75.0,59,20.0,17.0,3.0,3.0,8.0,2.0,89.0,64.0,51.0,15.0,16.0,0.0,1,132.0,471,261.0,206
2026-1796,Saint-Brieuc,Hard,32,C,20260223.0,15,C0BH,,,Clement Chidekh,R,180.0,FRA,24.698,SX50,8.0,,Roman Safiullin,R,185.0,RUS,28.548,6-3 6-1,3,R32,74.0,5.0,1.0,54,37.0,23,12.0,8.0,6.0,7.0,5.0,2.0,56.0,38.0,18.0,9.0,8.0,8.0,13,200.0,307,189.0,328
2026-1796,Saint-Brieuc,Hard,32,C,20260223.0,16,T09X,,,Clement Tabur,R,173.0,FRA,26.084,R0FP,,,Daniel Rincon,L,185.0,ESP,23.129,7-6(1) 7-6(5),3,R32,128.0,6.0,3.0,86,53.0,38,15.0,12.0,3.0,6.0,6.0,3.0,87.0,56.0,35.0,16.0,12.0,3.0,6,195.0,311,302.0,169
2026-1796,Saint-Brieuc,Hard,32,C,20260223.0,17,D0DW,3.0,,Titouan Droguet,R,191.0,FRA,24.693,PJ74,,,Lucas Poullain,R,175.0,FRA,30.22,2-6 6-2 6-4,3,R16,117.0,7.0,0.0,75,47.0,33,17.0,13.0,4.0,6.0,2.0,2.0,76.0,53.0,38.0,10.0,13.0,2.0,5,122.0,520,459.0,100
2026-7100,Pune,Hard,32,C,20260223.0,19,G0EU,,,Felix Gill,L,175.0,GBR,23.732,N897,,,Sumit Nagal,R,178.0,IND,28.523,7-6(4) 0-6 6-3,3,R16,157.0,5.0,3.0,92,63.0,40,14.0,14.0,6.0,11.0,2.0,5.0,100.0,66.0,42.0,16.0,13.0,15.0,18,300.0,173,286.0,181
2026-7100,Pune,Hard,32,C,20260223.0,20,G0AO,,,Alastair Gray,R,193.0,GBR,27.674,S0O6,3.0,,Ilia Simakin,R,193.0,RUS,22.327,4-6 7-6(7) 7-5,3,R16,170.0,8.0,1.0,119,78.0,51,24.0,17.0,7.0,10.0,7.0,4.0,124.0,84.0,59.0,20.0,17.0,8.0,11,390.0,120,226.0,259
2026-1796,Saint-Brieuc,Hard,32,C,20260223.0,20,MW76,,,Matteo Martineau,R,183.0,FRA,27.105,R09X,7.0,,Jurij Rodionov,L,191.0,AUT,26.776,6-4 6-1,3,R16,75.0,5.0,3.0,66,40.0,26,16.0,9.0,3.0,4.0,2.0,3.0,52.0,28.0,16.0,12.0,8.0,5.0,9,350.0,137,176.0,349
2026-1796,Saint-Brieuc,Hard,32,C,20260223.0,21,O513,4.0,,Sebastian Ofner,R,191.0,AUT,29.785,BU54,,,Geoffrey Blancaneaux,R,180.0,FRA,27.546,6-4 6-4,3,R16,80.0,11.0,0.0,49,34.0,29,11.0,10.0,0.0,0.0,8.0,1.0,65.0,38.0,26.0,16.0,10.0,3.0,5,132.0,471,324.0,153
2026-1796,Saint-Brieuc,Hard,32,C,20260223.0,22,C0BH,,,Clement Chidekh,R,180.0,FRA,24.698,T09X,,,Clement Tabur,R,173.0,FRA,26.084,6-4 6-3,3,R16,102.0,2.0,3.0,73,41.0,34,12.0,9.0,2.0,2.0,5.0,2.0,65.0,36.0,29.0,9.0,10.0,3.0,6,200.0,307,195.0,311
2026-1796,Saint-Brieuc,Hard,32,C,20260223.0,23,G09O,2.0,,Hugo Gaston,L,173.0,FRA,25.41,K926,,,Mikhail Kukushkin,R,183.0,KAZ,38.163,W/O,3,R16,,,,,,,,,,,,,,,,,,,,95.0,619,266.0,203
2026-1796,Saint-Brieuc,Hard,32,C,20260223.0,24,LC12,,,Laurent Lokoli,R,188.0,FRA,31.351,B0ER,,,Arthur Bouquier,R,188.0,FRA,25.164,6-4 6-7(4) 6-2,3,R16,145.0,9.0,4.0,103,66.0,50,17.0,15.0,4.0,5.0,14.0,3.0,106.0,62.0,39.0,22.0,15.0,7.0,11,502.0,84,439.0,106
2026-7100,Pune,Hard,32,C,20260223.0,1,CI14,2.0,,Jay Clarke,R,183.0,GBR,27.578,TF58,,,Yusuke Takahashi,R,170.0,JPN,28.353,6-4 6-1,3,R32,86.0,2.0,0.0,51,27.0,22,13.0,9.0,3.0,4.0,0.0,4.0,66.0,44.0,26.0,7.0,8.0,4.0,8,184.0,335,510.0,82
2026-1796,Saint-Brieuc,Hard,32,C,20260223.0,31,O513,4.0,,Sebastian Ofner,R,191.0,AUT,29.785,H996,,,Pierre Hugues Herbert,R,188.0,FRA,34.938,6-4 7-6(4),3,F,90.0,8.0,0.0,70,41.0,33,19.0,11.0,3.0,4.0,9.0,2.0,66.0,42.0,33.0,12.0,11.0,2.0,4,132.0,471,182.0,338
2026-1796,Saint-Brieuc,Hard,32,C,20260223.0,30,O513,4.0,,Sebastian Ofner,R,191.0,AUT,29.785,C0BH,,,Clement Chidekh,R,180.0,FRA,24.698,3-6 6-3 6-4,3,SF,91.0,10.0,5.0,76,41.0,32,20.0,14.0,0.0,2.0,4.0,6.0,69.0,36.0,31.0,19.0,14.0,1.0,4,132.0,471,200.0,307
2026-1796,Saint-Brieuc,Hard,32,C,20260223.0,29,H996,,,Pierre Hugues Herbert,R,188.0,FRA,34.938,G09O,2.0,,Hugo Gaston,L,173.0,FRA,25.41,7-5 6-2,3,SF,76.0,7.0,3.0,57,34.0,25,13.0,10.0,4.0,6.0,3.0,3.0,64.0,35.0,21.0,11.0,10.0,2.0,7,182.0,338,95.0,619
2026-7100,Pune,Hard,32,C,20260223.0,5,C0NB,6.0,,Federico Cina,R,185.0,ITA,18.905,K0DE,,,Takuya Kumasaka,R,175.0,JPN,27.368,6-1 6-0,3,R32,71.0,1.0,0.0,35,26.0,20,8.0,7.0,0.0,0.0,3.0,3.0,64.0,31.0,16.0,12.0,6.0,11.0,16,223.0,264,477.0,92
2026-9516,Lugano,Hard,32,C,20260223.0,5,H09N,8.0,,August Holmgren,R,188.0,DEN,27.841,U120,,,Kaichi Uchida,R,180.0,JPN,31.504,7-6(10) 5-7 6-2,3,R32,126.0,19.0,3.0,93,66.0,56,18.0,16.0,0.0,1.0,6.0,2.0,103.0,54.0,43.0,28.0,16.0,2.0,4,201.0,303,243.0,233
2026-9516,Lugano,Hard,32,C,20260223.0,4,S0LA,,,Dominic Stricker,L,183.0,SUI,23.524,GF95,6.0,,Hugo Grenier,R,196.0,FRA,29.922,6-4 6-3,3,R32,82.0,5.0,0.0,51,31.0,24,12.0,9.0,2.0,3.0,10.0,4.0,73.0,54.0,35.0,5.0,10.0,5.0,9,373.0,126,197.0,310
2026-7100,Pune,Hard,32,C,20260223.0,2,S0O6,3.0,,Ilia Simakin,R,193.0,RUS,22.327,L0I5,,,Mitsuki Wei Kang Leong,R,175.0,MAS,21.55,4-6 6-2 7-6(10),3,R32,144.0,6.0,2.0,96,59.0,43,23.0,15.0,5.0,7.0,1.0,6.0,108.0,80.0,54.0,12.0,15.0,7.0,10,226.0,259,684.0,49
2026-1796,Saint-Brieuc,Hard,32,C,20260223.0,28,C0BH,,,Clement Chidekh,R,180.0,FRA,24.698,LC12,,,Laurent Lokoli,R,188.0,FRA,31.351,6-3 3-6 6-4,3,QF,150.0,8.0,2.0,99,60.0,43,15.0,14.0,6.0,10.0,8.0,5.0,87.0,48.0,33.0,15.0,14.0,9.0,14,200.0,307,502.0,84
2026-1796,Saint-Brieuc,Hard,32,C,20260223.0,27,O513,4.0,,Sebastian Ofner,R,191.0,AUT,29.785,MW76,,,Matteo Martineau,R,183.0,FRA,27.105,6-4 6-1,3,QF,72.0,6.0,1.0,38,21.0,19,13.0,8.0,0.0,0.0,8.0,4.0,81.0,57.0,34.0,8.0,9.0,10.0,14,132.0,471,350.0,137
2026-1796,Saint-Brieuc,Hard,32,C,20260223.0,26,H996,,,Pierre Hugues Herbert,R,188.0,FRA,34.938,D0DW,3.0,,Titouan Droguet,R,191.0,FRA,24.693,4-6 6-2 6-2,3,QF,116.0,6.0,3.0,81,49.0,35,21.0,13.0,7.0,8.0,10.0,4.0,98.0,57.0,38.0,17.0,13.0,13.0,17,182.0,338,122.0,520
2026-7100,Pune,Hard,32,C,20260223.0,26,B0MM,8.0,,Edas Butvilas,R,191.0,LTU,21.588,I426,,,Masamichi Imamura,R,178.0,JPN,27.253,6-3 6-3,3,QF,81.0,5.0,2.0,58,34.0,22,12.0,9.0,4.0,7.0,0.0,3.0,63.0,44.0,18.0,9.0,9.0,4.0,10,254.0,217,568.0,68
2026-9516,Lugano,Hard,32,C,20260223.0,7,GE28,,,Ivan Gakhov,L,191.0,RUS,29.303,P0I6,,,Gabriele Piraino,L,188.0,ITA,22.283,2-6 6-2 7-6(6),3,R32,131.0,9.0,3.0,87,61.0,49,11.0,14.0,3.0,5.0,8.0,1.0,95.0,59.0,44.0,17.0,14.0,7.0,9,253.0,219,355.0,132
2026-9516,Lugano,Hard,32,C,20260223.0,8,HH06,,,Marc Andrea Huesler,L,196.0,SUI,29.667,T0FI,,,Marko Topo,R,185.0,GER,22.448,2-6 6-4 RET,3,R32,68.0,7.0,4.0,53,35.0,27,8.0,9.0,6.0,8.0,2.0,1.0,50.0,31.0,23.0,11.0,9.0,0.0,1,229.0,250,241.0,234
2026-9516,Lugano,Hard,32,C,20260223.0,9,M0HT,,,Alejandro Moro Canas,R,183.0,ESP,25.213,F840,,,Nerman Fatic,R,191.0,BIH,31.335,2-6 6-3 7-6(3),3,R32,141.0,2.0,2.0,100,67.0,48,17.0,15.0,4.0,8.0,4.0,8.0,93.0,59.0,45.0,14.0,14.0,7.0,10,245.0,229,228.0,254
2026-9516,Lugano,Hard,32,C,20260223.0,10,M0SE,,,Maxim Mrva,R,178.0,CZE,18.563,RG42,,,Alex Rybakov,L,185.0,USA,29.073,6-4 2-6 7-5,3,R32,126.0,5.0,1.0,92,46.0,31,26.0,15.0,5.0,9.0,1.0,0.0,102.0,79.0,50.0,9.0,15.0,8.0,12,323.0,154,295.0,176
2026-9516,Lugano,Hard,32,C,20260223.0,11,N0CJ,,,Petr Nesterov,R,,BUL,22.968,C0HT,,,Murphy Cassone,R,188.0,USA,23.524,7-6(3) 4-6 6-4,3,R32,122.0,8.0,0.0,90,65.0,47,16.0,16.0,5.0,8.0,3.0,5.0,93.0,65.0,51.0,11.0,16.0,4.0,7,499.0,85,255.0,217
2026-7100,Pune,Hard,32,C,20260223.0,11,K0HC,,,Maks Kasnikowski,R,180.0,POL,22.637,S0RI,,,Karan Singh,R,185.0,IND,22.653,6-3 6-1,3,R32,58.0,5.0,1.0,46,38.0,29,4.0,8.0,1.0,1.0,5.0,5.0,44.0,23.0,13.0,8.0,8.0,1.0,5,359.0,131,432.0,108
2026-7100,Pune,Hard,32,C,20260223.0,12,W857,,,Tung Lin Wu,R,188.0,TPE,27.786,B0GI,,,Alexander Binda,,,,,6-1 6-2,3,R32,54.0,4.0,0.0,31,19.0,16,12.0,7.0,0.0,0.0,2.0,1.0,44.0,23.0,11.0,9.0,8.0,0.0,5,370.0,127,448.0,105
2026-7100,Pune,Hard,32,C,20260223.0,13,I305,,,Ilya Ivashka,R,193.0,BLR,31.997,GJ16,1.0,,Federico Agustin Gomez,R,191.0,ARG,29.243,6-4 1-6 7-6(7),3,R32,145.0,5.0,2.0,108,86.0,52,11.0,14.0,8.0,12.0,9.0,9.0,101.0,61.0,48.0,15.0,15.0,7.0,10,750.0,40,187.0,331
2026-7100,Pune,Hard,32,C,20260223.0,14,A0CJ,,,Duje Ajdukovic,R,188.0,CRO,25.049,S09P,,,Sanhui Shin,R,178.0,KOR,28.936,6-2 6-4,3,R32,78.0,5.0,1.0,63,36.0,27,14.0,9.0,6.0,7.0,1.0,0.0,47.0,28.0,19.0,8.0,9.0,1.0,5,346.0,139,347.0,138
2026-7100,Pune,Hard,32,C,20260223.0,15,G0AO,,,Alastair Gray,R,193.0,GBR,27.674,M0E1,,,Daniel Michalski,R,180.0,POL,26.119,6-3 3-6 6-3,3,R32,150.0,8.0,3.0,97,59.0,40,23.0,14.0,6.0,7.0,2.0,4.0,75.0,43.0,32.0,17.0,13.0,2.0,4,390.0,120,257.0,210
2026-7100,Pune,Hard,32,C,20260223.0,16,S0AQ,,,Yuta Shimizu,L,163.0,JPN,26.71,C0OW,,,Lorenzo Carboni,R,168.0,ITA,19.989,6-4 6-4,3,R32,92.0,4.0,5.0,63,43.0,33,11.0,10.0,4.0,5.0,3.0,3.0,68.0,43.0,29.0,9.0,10.0,5.0,8,369.0,127,443.0,106
2026-7100,Pune,Hard,32,C,20260223.0,17,I426,,,Masamichi Imamura,R,178.0,JPN,27.253,CI14,2.0,,Jay Clarke,R,183.0,GBR,27.578,6-2 6-4,3,R16,79.0,2.0,3.0,52,35.0,25,13.0,9.0,3.0,3.0,5.0,1.0,48.0,29.0,21.0,8.0,9.0,4.0,7,568.0,68,184.0,335
2026-7100,Pune,Hard,32,C,20260223.0,18,B0MM,8.0,,Edas Butvilas,R,191.0,LTU,21.588,W857,,,Tung Lin Wu,R,188.0,TPE,27.786,6-3 3-0 RET,3,R16,58.0,9.0,1.0,37,27.0,24,5.0,6.0,1.0,1.0,1.0,0.0,45.0,35.0,19.0,4.0,6.0,5.0,8,254.0,217,370.0,127
2026-9516,Lugano,Hard,32,C,20260223.0,20,S0LA,,,Dominic Stricker,L,183.0,SUI,23.524,M0HT,,,Alejandro Moro Canas,R,183.0,ESP,25.213,6-4 6-2,3,R16,84.0,5.0,0.0,57,38.0,32,9.0,9.0,2.0,2.0,2.0,1.0,55.0,36.0,25.0,8.0,9.0,4.0,7,373.0,126,245.0,229
2026-9516,Lugano,Hard,32,C,20260223.0,21,B0U4,1.0,,Nicolai Budkov Kjaer,R,191.0,NOR,19.48,N0CJ,,,Petr Nesterov,R,,BUL,22.968,7-5 6-1,3,R16,76.0,3.0,6.0,55,40.0,28,7.0,9.0,5.0,7.0,3.0,1.0,59.0,42.0,18.0,5.0,10.0,4.0,10,154.0,395,499.0,85
2026-7100,Pune,Hard,32,C,20260223.0,21,A0CJ,,,Duje Ajdukovic,R,188.0,CRO,25.049,SN54,5.0,,Frederico Ferreira Silva,L,178.0,POR,30.938,6-2 6-2,3,R16,74.0,4.0,2.0,48,30.0,23,10.0,8.0,3.0,4.0,1.0,1.0,49.0,34.0,19.0,4.0,8.0,4.0,9,346.0,139,240.0,235
2026-7100,Pune,Hard,32,C,20260223.0,22,C0NB,6.0,,Federico Cina,R,185.0,ITA,18.905,S0AQ,,,Yuta Shimizu,L,163.0,JPN,26.71,6-1 6-4,3,R16,64.0,8.0,0.0,52,40.0,29,9.0,9.0,1.0,1.0,0.0,1.0,57.0,40.0,23.0,7.0,8.0,2.0,5,223.0,264,369.0,127
2026-7100,Pune,Hard,32,C,20260223.0,23,D0JI,,,Manas Dhamne,R,183.0,IND,18.155,I305,,,Ilya Ivashka,R,193.0,BLR,31.997,6-3 RET,3,R16,56.0,1.0,1.0,31,20.0,17,5.0,5.0,2.0,2.0,0.0,0.0,34.0,22.0,13.0,5.0,4.0,1.0,2,489.0,88,750.0,40
2026-7100,Pune,Hard,32,C,20260223.0,24,K0HC,,,Maks Kasnikowski,R,180.0,POL,22.637,C0AK,,,Oliver Crawford,R,180.0,GBR,26.82,W/O,3,R16,,,,,,,,,,,,,,,,,,,,359.0,131,198.0,310
2026-7100,Pune,Hard,32,C,20260223.0,25,C0NB,6.0,,Federico Cina,R,185.0,ITA,18.905,G0AO,,,Alastair Gray,R,193.0,GBR,27.674,6-4 6-2,3,QF,66.0,2.0,0.0,44,27.0,23,13.0,9.0,0.0,0.0,3.0,3.0,54.0,36.0,24.0,7.0,9.0,5.0,8,223.0,264,390.0,120
2026-9516,Lugano,Hard,32,C,20260223.0,26,P09O,3.0,,Zsombor Piros,R,180.0,HUN,26.366,M0SE,,,Maxim Mrva,R,178.0,CZE,18.563,6-4 6-2,3,QF,61.0,3.0,0.0,52,38.0,34,4.0,9.0,1.0,1.0,2.0,0.0,53.0,33.0,19.0,13.0,9.0,3.0,6,180.0,341,323.0,154
2026-9516,Lugano,Hard,32,C,20260223.0,25,D0L3,,,Matej Dodig,R,188.0,CRO,20.6,B0U4,1.0,,Nicolai Budkov Kjaer,R,191.0,NOR,19.48,7-6(4) 7-5,3,QF,140.0,6.0,3.0,100,65.0,42,14.0,12.0,5.0,9.0,2.0,2.0,97.0,62.0,35.0,16.0,12.0,11.0,16,230.0,249,154.0,395
2026-9516,Lugano,Hard,32,C,20260223.0,24,M0SE,,,Maxim Mrva,R,178.0,CZE,18.563,MP01,,,Michael Mmoh,R,188.0,USA,28.12,1-6 6-4 6-4,3,R16,147.0,8.0,2.0,109,54.0,36,25.0,13.0,11.0,15.0,4.0,6.0,89.0,63.0,47.0,8.0,14.0,5.0,9,323.0,154,353.0,134
2026-9516,Lugano,Hard,32,C,20260223.0,23,D0L3,,,Matej Dodig,R,188.0,CRO,20.6,S0GR,7.0,,Timofey Skatov,R,173.0,KAZ,25.09,6-3 4-6 6-4,3,R16,138.0,14.0,1.0,91,58.0,44,20.0,15.0,2.0,3.0,9.0,3.0,92.0,68.0,51.0,9.0,14.0,5.0,7,230.0,249,192.0,316
2026-9516,Lugano,Hard,32,C,20260223.0,22,P09O,3.0,,Zsombor Piros,R,180.0,HUN,26.366,GE28,,,Ivan Gakhov,L,191.0,RUS,29.303,7-6(1) 6-3,3,R16,82.0,7.0,0.0,72,46.0,38,15.0,11.0,3.0,3.0,6.0,0.0,58.0,37.0,31.0,9.0,10.0,1.0,2,180.0,341,253.0,219
2026-9695,Tigre 2,Clay,32,C,20260223.0,22,D0CN,,,Miguel Damas,R,208.0,ESP,26.177,S0CG,,,Carlos Sanchez Jover,L,173.0,ESP,25.593,6-4 6-1,3,R16,76.0,3.0,0.0,53,27.0,20,15.0,9.0,1.0,3.0,1.0,5.0,55.0,38.0,19.0,6.0,8.0,8.0,13,303.0,168,343.0,140
2026-9695,Tigre 2,Clay,32,C,20260223.0,21,C0NN,,,Gianluca Cadenasso,R,175.0,ITA,21.402,SG56,,,Daniel Dutra Da Silva,L,,BRA,37.637,4-6 6-1 7-5,3,R16,137.0,6.0,4.0,94,62.0,43,13.0,15.0,6.0,11.0,0.0,3.0,94.0,53.0,31.0,16.0,14.0,9.0,16,305.0,166,319.0,155
2026-9516,Lugano,Hard,32,C,20260223.0,19,S0WT,,,Joel Schwaerzler,L,188.0,AUT,20.074,B0OV,,,Petr Brunclik,L,188.0,CZE,19.606,7-6(2) 3-6 7-6(4),3,R16,172.0,13.0,2.0,116,62.0,42,33.0,16.0,6.0,10.0,14.0,3.0,109.0,62.0,48.0,23.0,17.0,7.0,10,242.0,234,288.0,181
2026-9516,Lugano,Hard,32,C,20260223.0,18,B0LW,,,Mika Brunold,R,191.0,SUI,21.394,H09N,8.0,,August Holmgren,R,188.0,DEN,27.841,7-5 7-6(3),3,R16,110.0,8.0,2.0,76,54.0,37,16.0,12.0,1.0,3.0,5.0,0.0,88.0,59.0,42.0,11.0,12.0,7.0,10,461.0,99,201.0,303
2026-9516,Lugano,Hard,32,C,20260223.0,17,HH06,,,Marc Andrea Huesler,L,196.0,SUI,29.667,G0BY,2.0,,Daniil Glinka,L,188.0,EST,25.785,7-6(5) 6-4,3,R16,100.0,18.0,3.0,71,47.0,42,10.0,11.0,1.0,1.0,7.0,4.0,82.0,53.0,37.0,15.0,11.0,4.0,5,229.0,250,171.0,359
2026-9516,Lugano,Hard,32,C,20260223.0,16,MP01,,,Michael Mmoh,R,188.0,USA,28.12,BU70,,,Remy Bertola,R,175.0,SUI,27.483,6-4 6-7(2) 6-4,3,R32,158.0,5.0,6.0,100,69.0,50,14.0,16.0,6.0,8.0,6.0,5.0,105.0,62.0,48.0,17.0,16.0,4.0,8,353.0,134,214.0,276
2026-9516,Lugano,Hard,32,C,20260223.0,15,S0GR,7.0,,Timofey Skatov,R,173.0,KAZ,25.09,G0IB,,,Tom Gentzsch,R,191.0,GER,22.47,6-3 7-5,3,R32,86.0,7.0,2.0,58,42.0,35,10.0,11.0,1.0,1.0,4.0,4.0,65.0,48.0,36.0,5.0,10.0,2.0,4,192.0,316,247.0,227
2026-9516,Lugano,Hard,32,C,20260223.0,14,P09O,3.0,,Zsombor Piros,R,180.0,HUN,26.366,S0AK,,,Henri Squire,R,196.0,GER,25.407,7-5 7-6(5),3,R32,102.0,3.0,2.0,88,57.0,41,20.0,12.0,4.0,5.0,8.0,1.0,73.0,56.0,41.0,10.0,12.0,6.0,8,180.0,341,249.0,223
2026-9516,Lugano,Hard,32,C,20260223.0,13,B0U4,1.0,,Nicolai Budkov Kjaer,R,191.0,NOR,19.48,B0TP,,,Henry Bernet,R,191.0,SUI,19.08,6-1 6-4,3,R32,77.0,3.0,1.0,48,36.0,24,11.0,9.0,1.0,2.0,4.0,2.0,68.0,45.0,29.0,5.0,8.0,7.0,11,154.0,395,506.0,83
2026-9516,Lugano,Hard,32,C,20260223.0,12,S0WT,,,Joel Schwaerzler,L,188.0,AUT,20.074,BE67,,,Mirza Basic,R,188.0,BIH,34.62,6-3 6-3,3,R32,66.0,10.0,2.0,47,30.0,29,8.0,9.0,0.0,0.0,4.0,1.0,61.0,46.0,31.0,3.0,9.0,7.0,10,242.0,234,497.0,86
2026-9695,Tigre 2,Clay,32,C,20260223.0,12,P0CY,,,Stefan Palosi,R,180.0,ROU,26.073,SL94,,,Pedro Sakamoto,R,178.0,BRA,32.654,6-3 7-5,3,R32,98.0,2.0,0.0,65,54.0,34,6.0,10.0,4.0,6.0,2.0,2.0,68.0,38.0,19.0,15.0,11.0,4.0,9,431.0,109,379.0,124
2026-9695,Tigre 2,Clay,32,C,20260223.0,11,L0GR,,,Juan Manuel La Serna,L,188.0,ARG,22.051,A0G7,,,Valerio Aboian,L,183.0,ARG,23.696,7-6(7) 6-2,3,R32,138.0,0.0,2.0,79,55.0,33,14.0,10.0,6.0,8.0,2.0,4.0,85.0,41.0,27.0,17.0,10.0,7.0,11,345.0,139,470.0,95
2026-9695,Tigre 2,Clay,32,C,20260223.0,10,J0AW,,,Guido Ivan Justo,R,178.0,ARG,28.186,V821,,,Gonzalo Villanueva,R,175.0,ARG,31.113,7-5 7-5,3,R32,130.0,1.0,2.0,82,52.0,34,14.0,12.0,6.0,9.0,2.0,3.0,65.0,35.0,24.0,11.0,12.0,2.0,7,277.0,187,339.0,141
2026-9695,Tigre 2,Clay,32,C,20260223.0,9,D0CG,,,Facundo Diaz Acosta,L,183.0,ARG,25.191,S0T1,,,Joao Eduardo Schiessl,L,180.0,BRA,21.514,6-1 6-0,3,R32,63.0,3.0,1.0,44,27.0,20,11.0,7.0,2.0,2.0,0.0,1.0,34.0,23.0,8.0,2.0,6.0,1.0,6,278.0,186,495.0,87
2026-9695,Tigre 2,Clay,32,C,20260223.0,8,A0JW,,,Joaquin Aguilar Cardozo,R,168.0,URY,20.879,R09V,,,Eduardo Ribeiro,R,178.0,BRA,27.94,6-1 2-6 6-1,3,R32,80.0,1.0,0.0,59,38.0,26,12.0,11.0,1.0,4.0,1.0,1.0,65.0,45.0,26.0,5.0,11.0,4.0,10,566.0,68,453.0,102
2026-9516,Lugano,Hard,32,C,20260223.0,6,D0L3,,,Matej Dodig,R,188.0,CRO,20.6,F0BT,,,Jonas Forejtek,R,183.0,CZE,24.958,6-2 6-4,3,R32,65.0,6.0,1.0,49,36.0,29,10.0,9.0,2.0,2.0,2.0,0.0,51.0,23.0,19.0,12.0,9.0,0.0,3,230.0,249,360.0,131
2026-9695,Tigre 2,Clay,32,C,20260223.0,6,S0GZ,,,Nikolas Sanchez Izquierdo,R,185.0,ESP,26.946,RH59,7.0,,Santiago Rodriguez Taverna,R,191.0,ARG,26.609,6-4 6-2,3,R32,83.0,1.0,1.0,46,27.0,22,14.0,9.0,0.0,0.0,3.0,0.0,47.0,30.0,19.0,9.0,9.0,2.0,5,275.0,192,236.0,241
2026-9695,Tigre 2,Clay,32,C,20260223.0,5,O660,6.0,,Genaro Alberto Olivieri,R,175.0,ARG,27.556,A0IK,,,Luciano Emanuel Ambrogi,R,188.0,ARG,22.264,7-5 6-1,3,R32,94.0,0.0,1.0,64,56.0,38,7.0,10.0,5.0,5.0,1.0,2.0,55.0,26.0,20.0,14.0,9.0,5.0,8,231.0,248,433.0,108
2026-9516,Lugano,Hard,32,C,20260223.0,3,B0OV,,,Petr Brunclik,L,188.0,CZE,19.606,SS25,4.0,,Vitaliy Sachko,R,188.0,UKR,28.613,7-6(5) 6-2,3,R32,100.0,7.0,0.0,64,47.0,37,10.0,10.0,1.0,1.0,8.0,0.0,78.0,58.0,39.0,8.0,10.0,3.0,5,288.0,181,185.0,333
2026-9516,Lugano,Hard,32,C,20260223.0,2,B0LW,,,Mika Brunold,R,191.0,SUI,21.394,KJ00,,,Alex Knaff,R,193.0,LUX,28.244,7-5 6-7(2) 6-3,3,R32,162.0,5.0,1.0,90,59.0,44,17.0,16.0,0.0,2.0,2.0,0.0,119.0,87.0,54.0,14.0,17.0,9.0,14,461.0,99,681.0,49
2026-9516,Lugano,Hard,32,C,20260223.0,1,G0BY,2.0,,Daniil Glinka,L,188.0,EST,25.785,D0HX,,,Dylan Dietrich,R,193.0,SUI,21.421,6-3 6-4,3,R32,76.0,8.0,1.0,56,36.0,32,10.0,10.0,3.0,3.0,8.0,1.0,62.0,43.0,31.0,9.0,9.0,3.0,5,171.0,359,1050.0,14
2026-7100,Pune,Hard,32,C,20260223.0,31,C0NB,6.0,,Federico Cina,R,185.0,ITA,18.905,G0EU,,,Felix Gill,L,175.0,GBR,23.732,6-3 5-7 7-6(1),3,F,149.0,9.0,4.0,111,77.0,61,20.0,17.0,10.0,11.0,7.0,2.0,93.0,55.0,43.0,23.0,16.0,5.0,6,223.0,264,300.0,173
2026-7100,Pune,Hard,32,C,20260223.0,30,G0EU,,,Felix Gill,L,175.0,GBR,23.732,B0MM,8.0,,Edas Butvilas,R,191.0,LTU,21.588,6-4 7-5,3,SF,104.0,5.0,2.0,69,51.0,38,10.0,11.0,1.0,1.0,4.0,0.0,76.0,51.0,37.0,10.0,11.0,7.0,9,300.0,173,254.0,217
2026-7100,Pune,Hard,32,C,20260223.0,29,C0NB,6.0,,Federico Cina,R,185.0,ITA,18.905,A0CJ,,,Duje Ajdukovic,R,188.0,CRO,25.049,7-5 6-2,3,SF,75.0,6.0,1.0,69,49.0,30,13.0,10.0,4.0,6.0,5.0,5.0,58.0,35.0,25.0,4.0,10.0,5.0,10,223.0,264,346.0,139
2026-7100,Pune,Hard,32,C,20260223.0,28,G0EU,,,Felix Gill,L,175.0,GBR,23.732,K0HC,,,Maks Kasnikowski,R,180.0,POL,22.637,0-6 7-6(2) 6-1,3,QF,125.0,7.0,4.0,85,53.0,37,15.0,13.0,4.0,8.0,5.0,3.0,74.0,45.0,31.0,14.0,12.0,2.0,5,300.0,173,359.0,131
2026-7100,Pune,Hard,32,C,20260223.0,27,A0CJ,,,Duje Ajdukovic,R,188.0,CRO,25.049,D0JI,,,Manas Dhamne,R,183.0,IND,18.155,3-6 7-6(8) 6-4,3,QF,136.0,10.0,2.0,92,55.0,38,21.0,15.0,0.0,4.0,0.0,5.0,102.0,59.0,43.0,21.0,16.0,3.0,7,346.0,139,489.0,88
2026-9516,Lugano,Hard,32,C,20260223.0,27,B0LW,,,Mika Brunold,R,191.0,SUI,21.394,HH06,,,Marc Andrea Huesler,L,196.0,SUI,29.667,6-4 6-4,3,QF,90.0,7.0,1.0,71,44.0,34,15.0,10.0,5.0,5.0,5.0,2.0,64.0,40.0,30.0,11.0,10.0,5.0,7,461.0,99,229.0,250
2026-9516,Lugano,Hard,32,C,20260223.0,30,S0WT,,,Joel Schwaerzler,L,188.0,AUT,20.074,D0L3,,,Matej Dodig,R,188.0,CRO,20.6,7-6(4) 6-4,3,SF,94.0,9.0,2.0,69,49.0,40,10.0,11.0,1.0,1.0,8.0,0.0,63.0,50.0,39.0,7.0,11.0,1.0,2,242.0,234,230.0,249
2026-9516,Lugano,Hard,32,C,20260223.0,29,P09O,3.0,,Zsombor Piros,R,180.0,HUN,26.366,B0LW,,,Mika Brunold,R,191.0,SUI,21.394,7-5 6-3,3,SF,99.0,0.0,1.0,66,51.0,39,8.0,11.0,3.0,3.0,5.0,3.0,72.0,45.0,30.0,13.0,10.0,2.0,4,180.0,341,461.0,99
2026-9695,Tigre 2,Clay,32,C,20260223.0,1,D0LJ,,,Diego Dedura,,,,,D0H9,1.0,,Guy Den Ouden,R,183.0,NED,23.88,6-4 2-0 RET,3,R32,66.0,0.0,0.0,46,32.0,21,5.0,6.0,4.0,6.0,1.0,2.0,41.0,29.0,16.0,2.0,6.0,2.0,6,311.0,162,151.0,401
2026-9516,Lugano,Hard,32,C,20260223.0,31,P09O,3.0,,Zsombor Piros,R,180.0,HUN,26.366,S0WT,,,Joel Schwaerzler,L,188.0,AUT,20.074,7-5 4-6 6-3,3,F,144.0,10.0,2.0,114,71.0,51,23.0,16.0,8.0,9.0,9.0,2.0,86.0,51.0,42.0,19.0,15.0,8.0,10,180.0,341,242.0,234
2026-9695,Tigre 2,Clay,32,C,20260223.0,7,SG56,,,Daniel Dutra Da Silva,L,,BRA,37.637,CC66,8.0,,Andrea Collarini,L,183.0,ARG,34.064,6-4 6-3,3,R32,100.0,5.0,1.0,63,41.0,29,13.0,10.0,2.0,4.0,2.0,3.0,57.0,34.0,23.0,8.0,9.0,5.0,9,319.0,155,233.0,246
2026-9695,Tigre 2,Clay,32,C,20260223.0,4,V836,,,Juan Pablo Varillas,R,185.0,PER,30.385,M0OH,5.0,,Lautaro Midon,R,180.0,ARG,21.906,6-4 6-1,3,R32,75.0,4.0,0.0,37,24.0,18,10.0,8.0,0.0,1.0,4.0,0.0,65.0,30.0,17.0,15.0,9.0,3.0,8,280.0,184,216.0,271
2026-9695,Tigre 2,Clay,32,C,20260223.0,2,G0DH,2.0,,Alvaro Guillen Meza,R,175.0,ECU,23.143,R0BT,,,Franco Roncadelli,L,185.0,URU,26.048,6-4 6-4,3,R32,130.0,1.0,5.0,82,48.0,29,18.0,10.0,11.0,14.0,1.0,4.0,73.0,55.0,32.0,5.0,10.0,10.0,15,205.0,298,331.0,146
2026-9695,Tigre 2,Clay,32,C,20260223.0,3,T0DM,,,Juan Bautista Torres,R,178.0,ARG,23.896,B0GR,4.0,,Gonzalo Bueno,R,173.0,PER,21.892,7-5 6-1,3,R32,86.0,1.0,0.0,55,41.0,27,9.0,9.0,3.0,4.0,1.0,4.0,63.0,36.0,22.0,9.0,10.0,4.0,9,348.0,138,215.0,273
2026-9516,Lugano,Hard,32,C,20260223.0,28,S0WT,,,Joel Schwaerzler,L,188.0,AUT,20.074,S0LA,,,Dominic Stricker,L,183.0,SUI,23.524,6-4 6-3,3,QF,72.0,11.0,1.0,60,41.0,32,11.0,10.0,2.0,2.0,5.0,1.0,47.0,32.0,22.0,10.0,9.0,4.0,6,242.0,234,373.0,126
2026-9695,Tigre 2,Clay,32,C,20260223.0,28,D0CG,,,Facundo Diaz Acosta,L,183.0,ARG,25.191,T0DM,,,Juan Bautista Torres,R,178.0,ARG,23.896,6-2 6-3,3,QF,75.0,2.0,2.0,47,34.0,24,7.0,9.0,1.0,3.0,0.0,0.0,41.0,26.0,13.0,7.0,8.0,2.0,7,278.0,186,348.0,138
2026-9695,Tigre 2,Clay,32,C,20260223.0,20,V836,,,Juan Pablo Varillas,R,185.0,PER,30.385,A0JW,,,Joaquin Aguilar Cardozo,R,168.0,URY,20.879,6-7(4) 6-2 2-0 RET,3,R16,124.0,3.0,0.0,67,35.0,23,19.0,11.0,2.0,5.0,1.0,4.0,87.0,51.0,25.0,21.0,11.0,9.0,15,280.0,184,566.0,68
2026-9695,Tigre 2,Clay,32,C,20260223.0,23,D0CG,,,Facundo Diaz Acosta,L,183.0,ARG,25.191,S0GZ,,,Nikolas Sanchez Izquierdo,R,185.0,ESP,26.946,6-4 6-2,3,R16,94.0,1.0,2.0,51,32.0,23,12.0,9.0,3.0,4.0,2.0,0.0,45.0,27.0,15.0,11.0,9.0,0.0,4,278.0,186,275.0,192
2026-9695,Tigre 2,Clay,32,C,20260223.0,24,T0DM,,,Juan Bautista Torres,R,178.0,ARG,23.896,RD48,,,Igor Marcondes,L,185.0,BRA,28.69,6-2 6-0,3,R16,60.0,1.0,0.0,46,33.0,24,9.0,7.0,4.0,4.0,1.0,2.0,41.0,30.0,11.0,3.0,7.0,2.0,7,348.0,138,310.0,162
2026-9695,Tigre 2,Clay,32,C,20260223.0,25,G0DH,2.0,,Alvaro Guillen Meza,R,175.0,ECU,23.143,P0CY,,,Stefan Palosi,R,180.0,ROU,26.073,6-3 6-0,3,QF,72.0,2.0,2.0,49,35.0,29,5.0,7.0,4.0,4.0,0.0,2.0,49.0,37.0,17.0,5.0,8.0,3.0,8,205.0,298,431.0,109
2026-1796,Saint-Brieuc,Hard,32,C,20260223.0,2,BV16,6.0,,Ugo Blanchet,R,175.0,FRA,27.135,B0C5,,,Florian Broska,R,175.0,GER,28.145,7-6(3) 6-7(5) 7-6(8),3,R32,182.0,9.0,5.0,138,73.0,60,37.0,18.0,6.0,6.0,6.0,7.0,143.0,82.0,65.0,34.0,18.0,3.0,3,168.0,361,344.0,139
2026-1796,Saint-Brieuc,Hard,32,C,20260223.0,3,G0CV,,,Buvaysar Gadamauri,R,180.0,BEL,25.624,B0JJ,,,Robin Bertrand,R,178.0,FRA,22.946,6-3 6-0,3,R32,68.0,4.0,2.0,47,24.0,22,12.0,8.0,0.0,0.0,2.0,3.0,51.0,23.0,17.0,8.0,7.0,2.0,6,420.0,113,297.0,175
2026-9695,Tigre 2,Clay,32,C,20260223.0,29,D0CG,,,Facundo Diaz Acosta,L,183.0,ARG,25.191,G0DH,2.0,,Alvaro Guillen Meza,R,175.0,ECU,23.143,3-6 7-6(4) 6-2,3,SF,170.0,2.0,6.0,94,56.0,34,14.0,15.0,8.0,16.0,1.0,9.0,98.0,69.0,38.0,10.0,14.0,3.0,11,278.0,186,205.0,298
2026-9695,Tigre 2,Clay,32,C,20260223.0,31,D0CG,,,Facundo Diaz Acosta,L,183.0,ARG,25.191,D0CN,,,Miguel Damas,R,208.0,ESP,26.177,1-6 6-3 6-0,3,F,134.0,3.0,1.0,72,44.0,28,16.0,11.0,5.0,8.0,1.0,1.0,81.0,50.0,28.0,12.0,11.0,8.0,13,278.0,186,303.0,168
2026-9695,Tigre 2,Clay,32,C,20260223.0,30,D0CN,,,Miguel Damas,R,208.0,ESP,26.177,D0LJ,,,Diego Dedura,,,,,6-4 4-6 7-5,3,SF,138.0,2.0,2.0,92,54.0,28,21.0,16.0,7.0,13.0,1.0,0.0,92.0,77.0,43.0,8.0,16.0,1.0,8,303.0,168,311.0,162
2026-9695,Tigre 2,Clay,32,C,20260223.0,13,S0CG,,,Carlos Sanchez Jover,L,173.0,ESP,25.593,E0DI,,,Juan Estevez,R,170.0,ARG,20.422,6-4 7-6(0),3,R32,114.0,2.0,1.0,91,56.0,34,21.0,11.0,8.0,10.0,2.0,4.0,70.0,45.0,28.0,12.0,11.0,0.0,3,343.0,140,444.0,106
2026-9695,Tigre 2,Clay,32,C,20260223.0,16,RD48,,,Igor Marcondes,L,185.0,BRA,28.69,AA27,,,Franco Agamenone,R,191.0,ITA,32.86,7-6(2) 6-1,3,R32,117.0,5.0,5.0,71,46.0,35,9.0,9.0,2.0,4.0,6.0,3.0,89.0,55.0,33.0,11.0,10.0,13.0,18,310.0,162,271.0,197
2026-9695,Tigre 2,Clay,32,C,20260223.0,17,G0DH,2.0,,Alvaro Guillen Meza,R,175.0,ECU,23.143,J0AW,,,Guido Ivan Justo,R,178.0,ARG,28.186,7-6(4) 3-6 6-2,3,R16,198.0,4.0,8.0,117,76.0,48,14.0,15.0,2.0,8.0,3.0,2.0,108.0,69.0,37.0,23.0,14.0,9.0,15,205.0,298,277.0,187
2026-9695,Tigre 2,Clay,32,C,20260223.0,14,D0CN,,,Miguel Damas,R,208.0,ESP,26.177,P0IY,3.0,,Juan Carlos Prado Angelo,R,185.0,BOL,20.969,7-6(5) 6-1,3,R32,102.0,1.0,4.0,60,32.0,20,15.0,9.0,4.0,7.0,2.0,5.0,70.0,40.0,21.0,11.0,10.0,6.0,12,303.0,168,212.0,279
2026-9695,Tigre 2,Clay,32,C,20260223.0,15,C0NN,,,Gianluca Cadenasso,R,175.0,ITA,21.402,Z0DA,,,Carlos Maria Zarate,R,191.0,ARG,20.903,6-2 3-6 7-5,3,R32,131.0,1.0,3.0,74,49.0,32,13.0,14.0,3.0,8.0,1.0,2.0,107.0,54.0,35.0,23.0,15.0,9.0,16,305.0,166,578.0,67
2026-9695,Tigre 2,Clay,32,C,20260223.0,19,D0LJ,,,Diego Dedura,,,,,L0GR,,,Juan Manuel La Serna,L,188.0,ARG,22.051,6-1 6-3,3,R16,86.0,0.0,2.0,44,31.0,21,9.0,8.0,0.0,1.0,0.0,0.0,76.0,57.0,27.0,10.0,8.0,12.0,17,311.0,162,345.0,139
2026-9695,Tigre 2,Clay,32,C,20260223.0,18,P0CY,,,Stefan Palosi,R,180.0,ROU,26.073,O660,6.0,,Genaro Alberto Olivieri,R,175.0,ARG,27.556,4-6 6-4 7-6(4),3,R16,164.0,0.0,0.0,109,85.0,52,14.0,16.0,4.0,9.0,3.0,0.0,97.0,81.0,48.0,10.0,16.0,3.0,8,431.0,109,231.0,248
2026-9695,Tigre 2,Clay,32,C,20260223.0,26,D0CN,,,Miguel Damas,R,208.0,ESP,26.177,C0NN,,,Gianluca Cadenasso,R,175.0,ITA,21.402,6-2 6-3,3,QF,91.0,0.0,1.0,63,39.0,22,12.0,9.0,4.0,8.0,0.0,1.0,54.0,36.0,14.0,6.0,8.0,2.0,9,303.0,168,305.0,166
2026-9695,Tigre 2,Clay,32,C,20260223.0,27,D0LJ,,,Diego Dedura,,,,,V836,,,Juan Pablo Varillas,R,185.0,PER,30.385,6-4 7-6(3),3,QF,98.0,0.0,0.0,78,62.0,39,11.0,11.0,6.0,8.0,3.0,3.0,64.0,44.0,31.0,9.0,11.0,0.0,3,311.0,162,280.0,184
2026-2983,Crete 1,Hard,32,C,20260302.0,22,G0CV,,,Buvaysar Gadamauri,R,180.0,BEL,25.643,H0BF,,,Philip Henning,R,180.0,RSA,25.306,6-3 3-6 6-2,3,R32,142.0,0.0,4.0,88,62.0,39,16.0,13.0,5.0,7.0,0.0,4.0,78.0,47.0,31.0,13.0,13.0,6.0,10,382.0,122,324.0,154
2026-2983,Crete 1,Hard,32,C,20260302.0,23,GG65,,,Michael Geerts,R,178.0,BEL,31.121,P0K4,,,Tiago Pereira,R,0.0,PRT,21.697,6-4 6-4,3,R32,88.0,2.0,1.0,62,34.0,24,19.0,10.0,2.0,2.0,2.0,1.0,65.0,47.0,32.0,9.0,10.0,4.0,6,297.0,174,267.0,201
2026-2983,Crete 1,Hard,32,C,20260302.0,26,W0AH,,,Harry Wendelken,R,178.0,GBR,24.203,M0NJ,,,Lui Maxted,R,180.0,GBR,22.248,4-6 6-1 6-3,3,R32,147.0,12.0,2.0,80,46.0,34,19.0,13.0,7.0,10.0,3.0,4.0,86.0,55.0,30.0,12.0,13.0,9.0,15,277.0,190,403.0,116
2026-2983,Crete 1,Hard,32,C,20260302.0,27,X01C,,,Ioannis Xilas,R,178.0,GRE,24.805,P0I6,,,Gabriele Piraino,L,188.0,ITA,22.303,6-2 6-4,3,R32,107.0,1.0,4.0,63,38.0,25,14.0,9.0,4.0,6.0,1.0,5.0,59.0,37.0,21.0,8.0,9.0,6.0,11,363.0,132,357.0,135
2026-2973,Thionville,Hard,32,C,20260302.0,7,O513,4.0,,Sebastian Ofner,R,191.0,AUT,29.804,R09X,,,Jurij Rodionov,L,191.0,AUT,26.795,6-2 3-6 6-3,3,QF,95.0,4.0,2.0,72,37.0,31,15.0,13.0,3.0,6.0,8.0,6.0,85.0,53.0,36.0,11.0,13.0,4.0,9,108.0,571,177.0,348
2026-2973,Thionville,Hard,32,C,20260302.0,6,V0AM,3.0,,Otto Virtanen,R,193.0,FIN,24.695,BV16,8.0,,Ugo Blanchet,R,175.0,FRA,27.154,7-5 7-6(3),3,QF,94.0,9.0,2.0,64,43.0,35,17.0,12.0,0.0,1.0,8.0,4.0,84.0,44.0,33.0,22.0,12.0,8.0,10,128.0,487,162.0,375
2026-2983,Crete 1,Hard,32,C,20260302.0,6,W0AH,,,Harry Wendelken,R,178.0,GBR,24.203,N0CS,3.0,,Lukas Neumayer,R,183.0,AUT,23.485,6-2 6-7(3) 6-4,3,QF,190.0,9.0,3.0,96,51.0,40,22.0,15.0,7.0,9.0,2.0,2.0,103.0,63.0,38.0,20.0,15.0,2.0,7,277.0,190,230.0,243
2026-2983,Crete 1,Hard,32,C,20260302.0,7,S0TM,5.0,,Toby Samuel,R,191.0,GBR,23.485,S0NV,,,Abdullah Shelbayh,L,180.0,JOR,22.292,6-4 6-3,3,QF,94.0,3.0,3.0,60,35.0,21,14.0,9.0,2.0,5.0,0.0,5.0,72.0,39.0,21.0,13.0,10.0,4.0,10,244.0,228,319.0,156
2026-2983,Crete 1,Hard,32,C,20260302.0,3,W0AH,,,Harry Wendelken,R,178.0,GBR,24.203,KC33,8.0,,Dimitar Kuzmanov,R,183.0,BUL,32.594,6-4 6-2,3,SF,107.0,0.0,0.0,54,23.0,15,20.0,9.0,2.0,4.0,0.0,0.0,63.0,39.0,23.0,7.0,9.0,4.0,9,277.0,190,264.0,204
2026-2983,Crete 1,Hard,32,C,20260302.0,2,S0TM,5.0,,Toby Samuel,R,191.0,GBR,23.485,S0KT,2.0,,Stefanos Sakellaridis,R,198.0,GRE,21.465,6-2 6-0,3,SF,56.0,3.0,0.0,36,27.0,24,4.0,7.0,0.0,0.0,0.0,0.0,47.0,37.0,16.0,3.0,7.0,3.0,8,244.0,228,224.0,253
2026-2983,Crete 1,Hard,32,C,20260302.0,1,S0TM,5.0,,Toby Samuel,R,191.0,GBR,23.485,W0AH,,,Harry Wendelken,R,178.0,GBR,24.203,6-3 6-0,3,F,70.0,4.0,3.0,50,31.0,24,8.0,8.0,4.0,5.0,0.0,1.0,45.0,28.0,11.0,8.0,7.0,8.0,13,244.0,228,277.0,190
2026-2913,Kigali,Clay,32,C,20260302.0,32,J09X,,,Filip Cristian Jianu,R,180.0,ROU,24.452,MF35,,,Andrej Martin,R,183.0,SVK,36.446,6-2 6-2,3,R32,70.0,1.0,1.0,49,35.0,25,6.0,8.0,3.0,4.0,2.0,3.0,53.0,35.0,20.0,5.0,8.0,7.0,12,252.0,219,453.0,101
2026-2983,Crete 1,Hard,32,C,20260302.0,31,RG42,,,Alex Rybakov,L,185.0,USA,29.092,BU10,,,Jacopo Berrettini,R,191.0,ITA,27.261,1-6 6-4 6-4,3,R32,147.0,1.0,7.0,96,57.0,33,17.0,14.0,6.0,12.0,3.0,8.0,83.0,47.0,30.0,17.0,13.0,0.0,5,304.0,167,302.0,169
2026-2983,Crete 1,Hard,32,C,20260302.0,30,R0FP,,,Daniel Rincon,L,185.0,ESP,23.149,DC76,,,Viktor Durasovic,R,185.0,NOR,28.953,6-3 6-1,3,R32,81.0,1.0,2.0,46,29.0,23,9.0,8.0,2.0,3.0,2.0,0.0,48.0,27.0,14.0,7.0,8.0,5.0,10,303.0,169,455.0,100
2026-2983,Crete 1,Hard,32,C,20260302.0,29,EA31,,,Melios Efstathiou,,,,,M0HT,4.0,,Alejandro Moro Canas,R,183.0,ESP,25.232,6-4 3-6 6-3,3,R32,148.0,2.0,2.0,88,57.0,33,15.0,14.0,5.0,10.0,0.0,2.0,95.0,63.0,38.0,15.0,14.0,7.0,13,797.0,35,242.0,231
2026-2983,Crete 1,Hard,32,C,20260302.0,28,N0CS,3.0,,Lukas Neumayer,R,183.0,AUT,23.485,V0J1,,,Jacopo Vasami,L,193.0,ITA,18.201,6-1 3-0 RET,3,R32,48.0,3.0,0.0,28,20.0,14,7.0,5.0,0.0,0.0,5.0,5.0,33.0,16.0,9.0,4.0,5.0,3.0,7,230.0,243,550.0,71
2026-2983,Crete 1,Hard,32,C,20260302.0,18,S0TM,5.0,,Toby Samuel,R,191.0,GBR,23.485,BV24,,,Raul Brancaccio,R,183.0,ITA,28.827,6-3 4-6 6-3,3,R32,116.0,2.0,3.0,82,54.0,35,21.0,14.0,3.0,5.0,1.0,4.0,92.0,49.0,29.0,25.0,14.0,6.0,10,244.0,228,348.0,139
2026-2983,Crete 1,Hard,32,C,20260302.0,19,KC33,8.0,,Dimitar Kuzmanov,R,183.0,BUL,32.594,BV25,,,Javier Barranco Cosano,L,180.0,ESP,27.288,6-3 6-2,3,R32,104.0,2.0,0.0,57,41.0,24,10.0,9.0,5.0,8.0,0.0,7.0,58.0,33.0,11.0,11.0,8.0,4.0,10,264.0,204,373.0,126
2026-2983,Crete 1,Hard,32,C,20260302.0,20,B0JJ,,,Robin Bertrand,R,178.0,FRA,22.965,S0BT,,,Adria Soriano Barrera,R,191.0,COL,26.749,6-0 6-2,3,R32,67.0,2.0,4.0,39,27.0,23,7.0,7.0,1.0,1.0,0.0,2.0,43.0,25.0,11.0,6.0,7.0,1.0,6,295.0,175,372.0,126
2026-2983,Crete 1,Hard,32,C,20260302.0,21,D0D4,,,Stefan Dostanic,R,188.0,USA,24.323,J0D2,,,Maximus Jones,R,185.0,THA,21.487,6-3 6-2,3,R32,75.0,4.0,3.0,41,23.0,20,13.0,8.0,0.0,0.0,1.0,2.0,57.0,36.0,20.0,8.0,9.0,5.0,9,358.0,133,314.0,159
2026-2983,Crete 1,Hard,32,C,20260302.0,4,KC33,8.0,,Dimitar Kuzmanov,R,183.0,BUL,32.594,GA79,1.0,,Lorenzo Giustino,R,180.0,ITA,34.475,6-1 6-1,3,QF,82.0,0.0,0.0,46,35.0,24,10.0,7.0,7.0,7.0,0.0,1.0,50.0,29.0,14.0,7.0,7.0,1.0,6,264.0,204,204.0,292
2026-2983,Crete 1,Hard,32,C,20260302.0,5,S0KT,2.0,,Stefanos Sakellaridis,R,198.0,GRE,21.465,X01C,,,Ioannis Xilas,R,178.0,GRE,24.805,4-6 6-3 6-2,3,QF,161.0,4.0,4.0,101,58.0,40,18.0,14.0,6.0,10.0,1.0,3.0,76.0,44.0,27.0,13.0,13.0,2.0,8,224.0,253,363.0,132
2026-2973,Thionville,Hard,32,C,20260302.0,13,CH12,2.0,,Jan Choinski,R,196.0,GBR,29.725,SX50,,,Roman Safiullin,R,185.0,RUS,28.567,4-6 7-5 7-5,3,R16,136.0,12.0,1.0,111,68.0,52,19.0,17.0,8.0,11.0,14.0,2.0,87.0,49.0,32.0,25.0,17.0,2.0,6,122.0,530,199.0,303
2026-2973,Thionville,Hard,32,C,20260302.0,22,V0AM,3.0,,Otto Virtanen,R,193.0,FIN,24.695,P0GN,,,Tom Paris,R,193.0,FRA,23.496,6-4 1-6 7-6(2),3,R32,115.0,7.0,3.0,79,49.0,34,18.0,14.0,3.0,6.0,11.0,0.0,102.0,72.0,49.0,17.0,15.0,5.0,7,128.0,487,332.0,146
2026-2973,Thionville,Hard,32,C,20260302.0,8,G09O,1.0,,Hugo Gaston,L,173.0,FRA,25.429,S0DQ,,,Keegan Smith,R,201.0,USA,27.691,3-6 6-3 6-2,3,R16,94.0,7.0,2.0,75,40.0,33,20.0,13.0,3.0,5.0,2.0,1.0,75.0,52.0,32.0,11.0,13.0,0.0,4,96.0,631,306.0,166
2026-2973,Thionville,Hard,32,C,20260302.0,11,BV16,8.0,,Ugo Blanchet,R,175.0,FRA,27.154,C0BH,,,Clement Chidekh,R,180.0,FRA,24.717,6-2 6-2,3,R16,68.0,3.0,1.0,52,32.0,23,13.0,8.0,4.0,4.0,2.0,4.0,48.0,29.0,17.0,7.0,8.0,2.0,6,162.0,375,187.0,330
2026-2973,Thionville,Hard,32,C,20260302.0,23,BV16,8.0,,Ugo Blanchet,R,175.0,FRA,27.154,WB08,,,Yosuke Watanuki,R,180.0,JPN,27.888,6-7(5) 6-2 3-0 RET,3,R32,96.0,8.0,3.0,60,40.0,35,10.0,11.0,0.0,1.0,5.0,8.0,89.0,41.0,27.0,20.0,12.0,4.0,9,162.0,375,175.0,349
2026-2973,Thionville,Hard,32,C,20260302.0,12,R09X,,,Jurij Rodionov,L,191.0,AUT,26.795,K0FY,,,Martin Krumich,R,188.0,CZE,23.181,6-3 6-2,3,R16,65.0,5.0,3.0,53,30.0,25,13.0,9.0,2.0,2.0,5.0,0.0,46.0,30.0,19.0,8.0,8.0,1.0,4,177.0,348,346.0,140
2026-2973,Thionville,Hard,32,C,20260302.0,5,B0U4,6.0,,Nicolai Budkov Kjaer,R,191.0,NOR,19.499,CH12,2.0,,Jan Choinski,R,196.0,GBR,29.725,6-4 7-6(5),3,QF,106.0,10.0,2.0,73,40.0,31,16.0,11.0,3.0,5.0,7.0,1.0,83.0,53.0,35.0,13.0,11.0,5.0,8,150.0,407,122.0,530
2026-3065,Brasilia,Clay,32,C,20260302.0,7,R09V,,,Eduardo Ribeiro,R,178.0,BRA,27.959,H0DU,,,Gustavo Heide,R,191.0,BRA,24.005,6-4 4-6 6-4,3,QF,156.0,2.0,2.0,86,45.0,31,24.0,15.0,2.0,5.0,4.0,7.0,107.0,67.0,45.0,17.0,15.0,10.0,14,441.0,105,301.0,169
2026-3065,Brasilia,Clay,32,C,20260302.0,8,V0DP,1.0,,Adolfo Daniel Vallejo,R,183.0,PAR,21.843,S0T1,,,Joao Eduardo Schiessl,L,180.0,BRA,21.533,6-4 6-2,3,R16,91.0,1.0,2.0,65,40.0,26,15.0,9.0,5.0,6.0,1.0,3.0,64.0,35.0,24.0,12.0,9.0,8.0,12,104.0,593,494.0,88
2026-2973,Thionville,Hard,32,C,20260302.0,4,G09O,1.0,,Hugo Gaston,L,173.0,FRA,25.429,K0O4,,,Moise Kouame,,,,,3-6 6-3 6-4,3,QF,131.0,5.0,1.0,101,58.0,42,16.0,14.0,11.0,15.0,2.0,8.0,93.0,62.0,38.0,16.0,14.0,5.0,10,96.0,631,393.0,118
2026-2973,Thionville,Hard,32,C,20260302.0,1,O513,4.0,,Sebastian Ofner,R,191.0,AUT,29.804,B0U4,6.0,,Nicolai Budkov Kjaer,R,191.0,NOR,19.499,6-7(5) 6-3 7-6(7),3,Final,134.0,15.0,1.0,105,63.0,52,29.0,17.0,2.0,3.0,10.0,5.0,123.0,75.0,56.0,25.0,16.0,9.0,11,108.0,571,150.0,407
2026-2973,Thionville,Hard,32,C,20260302.0,2,O513,4.0,,Sebastian Ofner,R,191.0,AUT,29.804,G09O,1.0,,Hugo Gaston,L,173.0,FRA,25.429,6-4 6-2,3,SF,66.0,9.0,2.0,62,39.0,29,12.0,9.0,7.0,8.0,2.0,2.0,64.0,40.0,24.0,12.0,9.0,5.0,9,108.0,571,96.0,631
2026-2973,Thionville,Hard,32,C,20260302.0,10,O513,4.0,,Sebastian Ofner,R,191.0,AUT,29.804,C0HT,,,Murphy Cassone,R,188.0,USA,23.543,7-5 6-2,3,R16,67.0,10.0,1.0,48,34.0,31,9.0,10.0,0.0,0.0,2.0,4.0,69.0,42.0,28.0,12.0,10.0,5.0,8,108.0,571,275.0,191
2026-2973,Thionville,Hard,32,C,20260302.0,9,V0AM,3.0,,Otto Virtanen,R,193.0,FIN,24.695,H996,,,Pierre Hugues Herbert,R,188.0,FRA,34.957,7-5 6-4,3,R16,91.0,5.0,1.0,69,48.0,35,12.0,11.0,9.0,10.0,6.0,6.0,72.0,36.0,26.0,16.0,11.0,3.0,6,128.0,487,157.0,388
2026-2973,Thionville,Hard,32,C,20260302.0,28,R09X,,,Jurij Rodionov,L,191.0,AUT,26.795,GF95,,,Hugo Grenier,R,196.0,FRA,29.941,6-3 1-0 RET,3,R32,38.0,4.0,1.0,26,17.0,14,6.0,5.0,0.0,0.0,1.0,2.0,26.0,17.0,13.0,2.0,5.0,1.0,3,177.0,348,195.0,310
2026-2973,Thionville,Hard,32,C,20260302.0,27,N552,,,Kei Nishikori,R,178.0,JPN,36.172,T09X,,,Clement Tabur,R,173.0,FRA,26.103,7-5 4-6 6-2,3,R32,121.0,3.0,1.0,73,53.0,44,11.0,15.0,0.0,2.0,3.0,4.0,102.0,52.0,34.0,26.0,15.0,6.0,10,284.0,182,190.0,318
2026-2973,Thionville,Hard,32,C,20260302.0,26,K0FY,,,Martin Krumich,R,188.0,CZE,23.181,A09T,,,Dan Added,R,183.0,FRA,26.886,6-4 6-2,3,R32,73.0,11.0,1.0,49,29.0,25,13.0,9.0,0.0,0.0,7.0,3.0,62.0,34.0,23.0,11.0,9.0,5.0,8,346.0,140,203.0,295
2026-2973,Thionville,Hard,32,C,20260302.0,25,K0O4,,,Moise Kouame,,,,,SO20,,,Jelle Sels,R,188.0,NED,30.56,6-3 6-0,3,R32,67.0,2.0,5.0,48,27.0,22,9.0,7.0,5.0,6.0,0.0,4.0,51.0,33.0,16.0,4.0,8.0,6.0,12,393.0,118,343.0,142
2026-2973,Thionville,Hard,32,C,20260302.0,24,C0BH,,,Clement Chidekh,R,180.0,FRA,24.717,BU70,,,Remy Bertola,R,175.0,SUI,27.502,6-3 7-6(3),3,R32,95.0,2.0,4.0,70,39.0,29,17.0,10.0,2.0,3.0,6.0,4.0,72.0,45.0,33.0,8.0,11.0,3.0,6,187.0,330,212.0,273
2026-3065,Brasilia,Clay,32,C,20260302.0,24,R09V,,,Eduardo Ribeiro,R,178.0,BRA,27.959,R0BT,,,Franco Roncadelli,L,185.0,URU,26.067,6-4 6-3,3,R32,91.0,3.0,1.0,56,30.0,23,17.0,9.0,2.0,2.0,2.0,1.0,67.0,47.0,29.0,9.0,10.0,2.0,5,441.0,105,333.0,146
2026-3065,Brasilia,Clay,32,C,20260302.0,23,MJ08,,,Thiago Monteiro,L,183.0,BRA,31.754,SG56,,,Daniel Dutra Da Silva,L,,BRA,37.656,6-4 6-4,3,R32,93.0,1.0,0.0,50,32.0,25,13.0,10.0,1.0,2.0,7.0,2.0,83.0,42.0,32.0,16.0,10.0,5.0,8,232.0,240,321.0,156
2026-2973,Thionville,Hard,32,C,20260302.0,21,CH12,2.0,,Jan Choinski,R,196.0,GBR,29.725,M0TO,,,Mae Malige,R,173.0,FRA,19.926,7-6(3) 6-1,3,R32,85.0,6.0,0.0,64,46.0,33,12.0,10.0,0.0,1.0,1.0,1.0,64.0,43.0,26.0,8.0,9.0,5.0,8,122.0,530,518.0,79
2026-2973,Thionville,Hard,32,C,20260302.0,20,G09O,1.0,,Hugo Gaston,L,173.0,FRA,25.429,G0BY,,,Daniil Glinka,L,188.0,EST,25.804,6-3 4-2 RET,3,R32,54.0,4.0,1.0,48,32.0,27,8.0,8.0,2.0,2.0,5.0,2.0,39.0,16.0,13.0,11.0,7.0,3.0,5,96.0,631,176.0,349
2026-2973,Thionville,Hard,32,C,20260302.0,19,S0DQ,,,Keegan Smith,R,201.0,USA,27.691,H09N,,,August Holmgren,R,188.0,DEN,27.86,6-3 3-6 6-3,3,R32,82.0,4.0,2.0,67,51.0,39,11.0,14.0,0.0,2.0,10.0,5.0,76.0,44.0,35.0,11.0,13.0,0.0,3,306.0,166,201.0,301
2026-2973,Thionville,Hard,32,C,20260302.0,18,H996,,,Pierre Hugues Herbert,R,188.0,FRA,34.957,B0QC,,,Gilles Arnaud Bailly,R,180.0,BEL,20.449,6-3 6-7(3) 6-3,3,R32,129.0,12.0,2.0,85,49.0,39,24.0,16.0,1.0,2.0,5.0,4.0,99.0,61.0,45.0,17.0,14.0,4.0,7,157.0,388,209.0,280
2026-2973,Thionville,Hard,32,C,20260302.0,17,C0HT,,,Murphy Cassone,R,188.0,USA,23.543,BV21,,,Charles Broom,R,178.0,GBR,27.855,6-4 6-3,3,R32,85.0,11.0,6.0,82,48.0,37,12.0,10.0,10.0,12.0,11.0,3.0,61.0,39.0,30.0,5.0,9.0,5.0,9,275.0,191,260.0,206
2026-2973,Thionville,Hard,32,C,20260302.0,16,O513,4.0,,Sebastian Ofner,R,191.0,AUT,29.804,L0CF,,,George Loffhagen,R,188.0,GBR,24.868,4-6 7-5 7-6(5),3,R32,146.0,11.0,3.0,120,70.0,51,29.0,17.0,7.0,9.0,9.0,4.0,106.0,58.0,47.0,26.0,17.0,1.0,3,108.0,571,208.0,281
2026-2973,Thionville,Hard,32,C,20260302.0,15,B0U4,6.0,,Nicolai Budkov Kjaer,R,191.0,NOR,19.499,N552,,,Kei Nishikori,R,178.0,JPN,36.172,3-6 6-4 6-2,3,R16,100.0,13.0,3.0,72,46.0,38,14.0,14.0,3.0,5.0,5.0,2.0,79.0,51.0,32.0,18.0,13.0,4.0,7,150.0,407,284.0,182
2026-2973,Thionville,Hard,32,C,20260302.0,14,K0O4,,,Moise Kouame,,,,,Z0A1,5.0,,Giulio Zeppieri,L,183.0,ITA,24.233,6-1 1-0 RET,3,R16,28.0,1.0,1.0,25,18.0,12,5.0,4.0,3.0,3.0,1.0,1.0,20.0,11.0,4.0,4.0,4.0,0.0,3,393.0,118,153.0,397
2026-3065,Brasilia,Clay,32,C,20260302.0,14,H0DU,,,Gustavo Heide,R,191.0,BRA,24.005,RD48,,,Igor Marcondes,L,185.0,BRA,28.709,6-4 4-6 6-4,3,R16,144.0,2.0,11.0,94,56.0,41,15.0,15.0,3.0,7.0,3.0,2.0,86.0,48.0,33.0,19.0,15.0,3.0,8,301.0,169,307.0,165
2026-3065,Brasilia,Clay,32,C,20260302.0,13,R0GO,5.0,,Henrique Rocha,R,180.0,POR,21.903,S0CG,,,Carlos Sanchez Jover,L,173.0,ESP,25.613,7-6(3) 6-2,3,R16,87.0,5.0,1.0,57,32.0,23,12.0,10.0,1.0,4.0,1.0,4.0,65.0,44.0,27.0,6.0,10.0,3.0,8,169.0,364,351.0,138
2026-3065,Brasilia,Clay,32,C,20260302.0,12,R09V,,,Eduardo Ribeiro,R,178.0,BRA,27.959,F0F2,3.0,,Jaime Faria,R,188.0,POR,22.571,7-6(7) 6-4,3,R16,112.0,3.0,0.0,77,46.0,34,11.0,11.0,4.0,7.0,5.0,9.0,87.0,44.0,33.0,15.0,11.0,5.0,9,441.0,105,163.0,375
2026-3065,Brasilia,Clay,32,C,20260302.0,11,MJ08,,,Thiago Monteiro,L,183.0,BRA,31.754,D0CN,,,Miguel Damas,R,208.0,ESP,26.196,6-4 7-5,3,R16,131.0,5.0,1.0,86,60.0,42,12.0,11.0,8.0,9.0,1.0,3.0,72.0,44.0,27.0,14.0,11.0,6.0,9,232.0,240,278.0,190
2026-3065,Brasilia,Clay,32,C,20260302.0,10,D0CG,,,Facundo Diaz Acosta,L,183.0,ARG,25.21,M0WY,,,Guto Miguel,,,,,6-4 6-3,3,R16,95.0,1.0,2.0,64,41.0,29,14.0,10.0,3.0,4.0,2.0,3.0,48.0,24.0,17.0,11.0,9.0,1.0,4,238.0,236,1616.0,3
2026-3065,Brasilia,Clay,32,C,20260302.0,9,B0FI,,,Pedro Boscardin Dias,R,180.0,BRA,23.091,V836,,,Juan Pablo Varillas,R,185.0,PER,30.404,6-2 7-6(1),3,R16,130.0,3.0,8.0,76,37.0,27,25.0,10.0,2.0,2.0,1.0,0.0,78.0,41.0,24.0,20.0,10.0,8.0,10,258.0,209,281.0,185
2026-2913,Kigali,Clay,32,C,20260302.0,9,TA29,1.0,,Marco Trungelliti,R,178.0,ARG,36.082,B0BU,,,Florent Bax,R,185.0,FRA,26.71,6-3 6-4,3,R16,79.0,2.0,3.0,50,35.0,30,8.0,10.0,1.0,2.0,5.0,1.0,50.0,30.0,20.0,8.0,9.0,1.0,4,132.0,465,268.0,197
2026-2913,Kigali,Clay,32,C,20260302.0,8,N679,,,Stefano Napolitano,R,196.0,ITA,30.891,P0AY,8.0,,Luka Pavlovic,R,196.0,FRA,25.922,6-4 6-3,3,QF,73.0,4.0,0.0,49,30.0,23,15.0,9.0,0.0,0.0,11.0,5.0,62.0,40.0,30.0,9.0,10.0,2.0,5,422.0,111,211.0,276
2026-3065,Brasilia,Clay,32,C,20260302.0,6,MJ08,,,Thiago Monteiro,L,183.0,BRA,31.754,B0FI,,,Pedro Boscardin Dias,R,180.0,BRA,23.091,6-1 6-2,3,QF,72.0,2.0,3.0,48,34.0,25,10.0,8.0,2.0,2.0,5.0,1.0,44.0,25.0,12.0,9.0,7.0,2.0,6,232.0,240,258.0,209
2026-3065,Brasilia,Clay,32,C,20260302.0,5,R0GO,5.0,,Henrique Rocha,R,180.0,POR,21.903,P0IY,,,Juan Carlos Prado Angelo,R,185.0,BOL,20.988,6-3 6-3,3,QF,69.0,1.0,3.0,53,35.0,26,10.0,9.0,0.0,1.0,1.0,2.0,43.0,32.0,20.0,4.0,9.0,3.0,7,169.0,364,210.0,279
2026-3065,Brasilia,Clay,32,C,20260302.0,4,V0DP,1.0,,Adolfo Daniel Vallejo,R,183.0,PAR,21.843,D0CG,,,Facundo Diaz Acosta,L,183.0,ARG,25.21,7-6(6) 6-3,3,QF,172.0,2.0,3.0,75,52.0,29,11.0,11.0,8.0,12.0,0.0,5.0,63.0,36.0,16.0,15.0,10.0,4.0,9,104.0,593,238.0,236
2026-3065,Brasilia,Clay,32,C,20260302.0,3,R0GO,5.0,,Henrique Rocha,R,180.0,POR,21.903,MJ08,,,Thiago Monteiro,L,183.0,BRA,31.754,6-0 6-7(3) 6-3,3,SF,142.0,5.0,4.0,65,44.0,38,13.0,13.0,0.0,1.0,7.0,1.0,95.0,66.0,44.0,12.0,14.0,5.0,11,169.0,364,232.0,240
2026-3065,Brasilia,Clay,32,C,20260302.0,2,V0DP,1.0,,Adolfo Daniel Vallejo,R,183.0,PAR,21.843,R09V,,,Eduardo Ribeiro,R,178.0,BRA,27.959,7-5 6-2,3,SF,80.0,5.0,1.0,57,32.0,24,14.0,10.0,3.0,5.0,0.0,0.0,60.0,46.0,22.0,8.0,10.0,1.0,6,104.0,593,441.0,105
2026-3065,Brasilia,Clay,32,C,20260302.0,1,R0GO,5.0,,Henrique Rocha,R,180.0,POR,21.903,V0DP,1.0,,Adolfo Daniel Vallejo,R,183.0,PAR,21.843,6-4 6-4,3,Final,95.0,3.0,1.0,65,45.0,33,10.0,10.0,2.0,3.0,5.0,3.0,61.0,42.0,26.0,11.0,10.0,2.0,5,169.0,364,104.0,593
2026-2973,Thionville,Hard,32,C,20260302.0,31,SX50,,,Roman Safiullin,R,185.0,RUS,28.567,S0GR,,,Timofey Skatov,R,173.0,KAZ,25.109,7-6(3) 6-3,3,R32,118.0,7.0,2.0,81,46.0,35,16.0,10.0,6.0,8.0,2.0,3.0,75.0,41.0,25.0,16.0,11.0,3.0,7,199.0,303,191.0,318
2026-2973,Thionville,Hard,32,C,20260302.0,3,B0U4,6.0,,Nicolai Budkov Kjaer,R,191.0,NOR,19.499,V0AM,3.0,,Otto Virtanen,R,193.0,FIN,24.695,4-6 6-2 7-6(3),3,SF,123.0,2.0,2.0,88,56.0,43,18.0,15.0,1.0,3.0,8.0,5.0,98.0,52.0,42.0,20.0,15.0,5.0,8,150.0,407,128.0,487
2026-2973,Thionville,Hard,32,C,20260302.0,29,Z0A1,5.0,,Giulio Zeppieri,L,183.0,ITA,24.233,E0DD,,,Justin Engel,R,185.0,GER,18.418,4-6 7-5 6-1,3,R32,104.0,19.0,3.0,102,68.0,54,17.0,15.0,6.0,7.0,10.0,1.0,78.0,49.0,37.0,15.0,14.0,1.0,4,153.0,397,192.0,315
2026-3065,Brasilia,Clay,32,C,20260302.0,30,H0DU,,,Gustavo Heide,R,191.0,BRA,24.005,GE33,7.0,,Daniel Elahi Galan,R,191.0,COL,29.703,6-1 4-6 7-6(3),3,R32,170.0,2.0,9.0,94,41.0,31,30.0,15.0,4.0,7.0,6.0,2.0,107.0,57.0,35.0,27.0,14.0,6.0,10,301.0,169,182.0,337
2026-2973,Thionville,Hard,32,C,20260302.0,30,B0U4,6.0,,Nicolai Budkov Kjaer,R,191.0,NOR,19.499,MV14,,,Alex Molcan,L,178.0,SVK,28.249,6-1 6-2,3,R32,63.0,6.0,1.0,48,27.0,24,11.0,8.0,1.0,1.0,3.0,0.0,50.0,31.0,16.0,9.0,7.0,5.0,9,150.0,407,200.0,302
2026-3065,Brasilia,Clay,32,C,20260302.0,29,P0IY,,,Juan Carlos Prado Angelo,R,185.0,BOL,20.988,D0H9,4.0,,Guy Den Ouden,R,183.0,NED,23.899,6-4 6-3,3,R32,83.0,3.0,6.0,64,43.0,30,8.0,9.0,3.0,5.0,2.0,2.0,63.0,43.0,25.0,9.0,10.0,1.0,6,210.0,279,156.0,391
2026-3065,Brasilia,Clay,32,C,20260302.0,28,F0F2,3.0,,Jaime Faria,R,188.0,POR,22.571,C0NN,,,Gianluca Cadenasso,R,175.0,ITA,21.421,7-6(11) 3-6 7-6(9),3,R32,174.0,15.0,5.0,137,84.0,60,22.0,17.0,11.0,15.0,11.0,4.0,112.0,63.0,49.0,28.0,16.0,1.0,3,163.0,375,298.0,173
2026-3065,Brasilia,Clay,32,C,20260302.0,25,S0CG,,,Carlos Sanchez Jover,L,173.0,ESP,25.613,T0I3,,,Miguel Tobon,R,188.0,COL,,7-6(2) 4-6 6-1,3,R32,146.0,6.0,7.0,132,90.0,61,20.0,15.0,11.0,14.0,9.0,3.0,85.0,56.0,35.0,16.0,14.0,2.0,6,351.0,138,607.0,61
2026-2913,Kigali,Clay,32,C,20260302.0,25,N679,,,Stefano Napolitano,R,196.0,ITA,30.891,DF92,,,Corentin Denolly,L,188.0,FRA,28.736,6-3 6-4,3,R32,93.0,4.0,0.0,60,34.0,27,16.0,10.0,1.0,1.0,4.0,5.0,63.0,33.0,21.0,17.0,9.0,6.0,8,422.0,111,390.0,119
2026-3065,Brasilia,Clay,32,C,20260302.0,27,V836,,,Juan Pablo Varillas,R,185.0,PER,30.404,T0H5,,,Benjamin Torrealba,L,180.0,CHI,20.69,6-2 6-1,3,R32,62.0,2.0,0.0,43,22.0,20,12.0,8.0,0.0,0.0,1.0,4.0,35.0,17.0,10.0,5.0,7.0,0.0,4,281.0,185,795.0,35
2026-3065,Brasilia,Clay,32,C,20260302.0,26,S0T1,,,Joao Eduardo Schiessl,L,180.0,BRA,21.533,MW75,,,Felipe Meligeni Alves,R,185.0,BRA,28.03,7-6(5) 7-6(6),3,R32,143.0,4.0,4.0,114,77.0,53,17.0,12.0,13.0,14.0,3.0,1.0,75.0,45.0,36.0,17.0,12.0,2.0,3,494.0,88,248.0,223
2026-3065,Brasilia,Clay,32,C,20260302.0,21,D0CG,,,Facundo Diaz Acosta,L,183.0,ARG,25.21,S0GZ,,,Nikolas Sanchez Izquierdo,R,185.0,ESP,26.965,6-3 7-6(5),3,R32,145.0,2.0,2.0,80,49.0,34,15.0,11.0,5.0,8.0,0.0,2.0,67.0,45.0,24.0,13.0,10.0,2.0,6,238.0,236,271.0,195
2026-3065,Brasilia,Clay,32,C,20260302.0,20,D0CN,,,Miguel Damas,R,208.0,ESP,26.196,G0DH,8.0,,Alvaro Guillen Meza,R,175.0,ECU,23.162,7-6(8) 6-4,3,R32,132.0,3.0,4.0,82,40.0,29,21.0,11.0,6.0,9.0,4.0,6.0,84.0,52.0,35.0,11.0,11.0,4.0,8,278.0,190,207.0,287
2026-3065,Brasilia,Clay,32,C,20260302.0,19,M0WY,,,Guto Miguel,,,,,FA43,6.0,,Juan Pablo Ficovich,R,188.0,ARG,29.101,7-6(1) 7-5,3,R32,135.0,7.0,5.0,77,44.0,32,18.0,12.0,3.0,6.0,0.0,6.0,93.0,59.0,40.0,11.0,12.0,9.0,13,1616.0,3,186.0,330
2026-3065,Brasilia,Clay,32,C,20260302.0,18,R0GO,5.0,,Henrique Rocha,R,180.0,POR,21.903,AA27,,,Franco Agamenone,R,191.0,ITA,32.879,7-5 6-2,3,R32,89.0,3.0,2.0,57,36.0,27,14.0,10.0,3.0,3.0,2.0,2.0,55.0,36.0,26.0,8.0,10.0,5.0,8,169.0,364,269.0,196
2026-3065,Brasilia,Clay,32,C,20260302.0,17,B0FI,,,Pedro Boscardin Dias,R,180.0,BRA,23.091,M0K4,2.0,,Elmer Moller,R,183.0,DEN,22.648,6-2 6-3,3,R32,83.0,4.0,3.0,59,37.0,21,10.0,9.0,2.0,6.0,1.0,9.0,57.0,31.0,11.0,9.0,8.0,6.0,13,258.0,209,121.0,534
2026-3065,Brasilia,Clay,32,C,20260302.0,16,V0DP,1.0,,Adolfo Daniel Vallejo,R,183.0,PAR,21.843,B0EJ,,,Tristan Boyer,R,188.0,USA,24.862,6-2 6-2,3,R32,81.0,2.0,2.0,42,25.0,18,9.0,8.0,0.0,2.0,0.0,2.0,41.0,23.0,7.0,8.0,8.0,2.0,8,104.0,593,218.0,268
2026-2913,Kigali,Clay,32,C,20260302.0,24,DH55,,,Michiel De Krom,,,,,I0A7,,,Nicholas David Ionel,R,,ROU,23.387,5-7 6-3 6-3,3,R32,166.0,5.0,1.0,93,60.0,42,22.0,15.0,4.0,5.0,1.0,1.0,107.0,81.0,54.0,15.0,15.0,11.0,14,758.0,40,615.0,60
2026-3065,Brasilia,Clay,32,C,20260302.0,22,RD48,,,Igor Marcondes,L,185.0,BRA,28.709,SL94,,,Pedro Sakamoto,R,178.0,BRA,32.674,6-7(4) 6-4 6-1,3,R32,136.0,11.0,2.0,75,47.0,38,20.0,14.0,0.0,0.0,4.0,3.0,111.0,68.0,47.0,18.0,15.0,14.0,18,307.0,165,379.0,124
2026-2913,Kigali,Clay,32,C,20260302.0,14,P0AY,8.0,,Luka Pavlovic,R,196.0,FRA,25.922,C0HB,,,Eliakim Coulibaly,L,180.0,CIV,23.825,6-2 6-4,3,R16,68.0,18.0,4.0,53,34.0,28,11.0,9.0,0.0,0.0,2.0,1.0,62.0,36.0,21.0,16.0,9.0,3.0,6,211.0,276,293.0,175
2026-2913,Kigali,Clay,32,C,20260302.0,13,S0WT,,,Joel Schwaerzler,L,188.0,AUT,20.093,KH56,7.0,,Zdenek Kolar,R,183.0,CZE,29.394,4-6 7-6(2) 7-6(6),3,R16,203.0,10.0,7.0,169,104.0,73,25.0,17.0,21.0,25.0,3.0,4.0,119.0,78.0,57.0,20.0,17.0,5.0,8,214.0,272,197.0,308
2026-2913,Kigali,Clay,32,C,20260302.0,12,K0EP,5.0,,Jerome Kym,R,198.0,SUI,23.05,DH55,,,Michiel De Krom,,,,,6-4 6-2,3,R16,95.0,7.0,0.0,46,30.0,22,13.0,9.0,4.0,5.0,6.0,3.0,79.0,40.0,23.0,17.0,9.0,8.0,12,180.0,342,758.0,40
2026-2913,Kigali,Clay,32,C,20260302.0,11,N679,,,Stefano Napolitano,R,196.0,ITA,30.891,M0N1,3.0,,Luka Mikrut,R,188.0,CRO,21.875,1-6 7-6(5) 3-2 RET,3,R16,119.0,5.0,1.0,62,43.0,32,11.0,11.0,2.0,4.0,10.0,0.0,73.0,43.0,33.0,24.0,13.0,4.0,5,422.0,111,165.0,371
2026-2913,Kigali,Clay,32,C,20260302.0,10,G0IX,2.0,,Arthur Gea,R,180.0,FRA,21.161,J09X,,,Filip Cristian Jianu,R,180.0,ROU,24.452,7-6(2) 6-4,3,R16,88.0,10.0,1.0,69,41.0,35,17.0,11.0,2.0,2.0,4.0,0.0,61.0,35.0,25.0,18.0,11.0,0.0,1,161.0,377,252.0,219
2026-2983,Crete 1,Hard,32,C,20260302.0,9,S0KT,2.0,,Stefanos Sakellaridis,R,198.0,GRE,21.465,GG65,,,Michael Geerts,R,178.0,BEL,31.121,6-3 6-2,3,R16,77.0,8.0,3.0,49,30.0,26,9.0,9.0,2.0,3.0,1.0,1.0,45.0,21.0,11.0,12.0,8.0,1.0,5,224.0,253,297.0,174
2026-2983,Crete 1,Hard,32,C,20260302.0,8,GA79,1.0,,Lorenzo Giustino,R,180.0,ITA,34.475,G0CV,,,Buvaysar Gadamauri,R,180.0,BEL,25.643,5-7 6-4 6-3,3,R16,180.0,2.0,3.0,95,57.0,36,25.0,16.0,6.0,10.0,3.0,5.0,92.0,52.0,31.0,22.0,15.0,5.0,10,204.0,292,382.0,122
2026-2913,Kigali,Clay,32,C,20260302.0,7,CF01,,,Marco Cecchinato,R,185.0,ITA,33.418,K0EP,5.0,,Jerome Kym,R,198.0,SUI,23.05,6-7(6) 3-3 RET,3,QF,75.0,3.0,1.0,60,37.0,29,15.0,9.0,2.0,2.0,16.0,0.0,47.0,30.0,27.0,15.0,9.0,0.0,0,225.0,251,180.0,342
2026-2913,Kigali,Clay,32,C,20260302.0,6,G0IX,2.0,,Arthur Gea,R,180.0,FRA,21.161,HB48,,,Calvin Hemery,R,191.0,FRA,31.091,6-3 6-4,3,QF,82.0,6.0,3.0,55,29.0,26,16.0,10.0,0.0,0.0,5.0,3.0,54.0,37.0,24.0,11.0,9.0,4.0,6,161.0,377,316.0,157
2026-2913,Kigali,Clay,32,C,20260302.0,5,S0WT,,,Joel Schwaerzler,L,188.0,AUT,20.093,TA29,1.0,,Marco Trungelliti,R,178.0,ARG,36.082,7-6(3) 6-7(3) 7-6(7),3,QF,203.0,9.0,3.0,122,79.0,59,27.0,18.0,2.0,3.0,7.0,8.0,139.0,83.0,60.0,32.0,18.0,9.0,10,214.0,272,132.0,465
2026-2913,Kigali,Clay,32,C,20260302.0,4,S0WT,,,Joel Schwaerzler,L,188.0,AUT,20.093,CF01,,,Marco Cecchinato,R,185.0,ITA,33.418,6-2 7-6(8),3,SF,100.0,7.0,2.0,73,46.0,38,15.0,10.0,1.0,1.0,9.0,6.0,80.0,48.0,31.0,18.0,10.0,9.0,11,214.0,272,225.0,251
2026-2913,Kigali,Clay,32,C,20260302.0,3,N679,,,Stefano Napolitano,R,196.0,ITA,30.891,G0IX,2.0,,Arthur Gea,R,180.0,FRA,21.161,7-6(3) 5-7 6-3,3,SF,162.0,8.0,3.0,110,69.0,49,24.0,17.0,4.0,7.0,7.0,4.0,92.0,41.0,34.0,30.0,16.0,4.0,7,422.0,111,161.0,377
2026-2913,Kigali,Clay,32,C,20260302.0,2,S0WT,,,Joel Schwaerzler,L,188.0,AUT,20.093,N679,,,Stefano Napolitano,R,196.0,ITA,30.891,7-6(5) 7-6(6),3,Final,43.0,1.0,0.0,69,64.0,48,2.0,12.0,0.0,2.0,3.0,1.0,63.0,57.0,44.0,3.0,12.0,0.0,2,214.0,272,422.0,111
2026-2913,Kigali,Clay,32,C,20260302.0,1,S0WT,,,Joel Schwaerzler,L,188.0,AUT,20.093,N679,,,Stefano Napolitano,R,196.0,ITA,30.891,7-6(5) 7-6(6),3,Final,43.0,1.0,0.0,69,64.0,48,2.0,12.0,0.0,2.0,3.0,1.0,63.0,57.0,44.0,3.0,12.0,0.0,2,214.0,272,422.0,111
2026-3065,Brasilia,Clay,32,C,20260302.0,15,P0IY,,,Juan Carlos Prado Angelo,R,185.0,BOL,20.988,R0A7,,,Joao Lucas Reis Da Silva,R,178.0,BRA,25.933,3-6 6-3 6-4,3,R16,133.0,7.0,3.0,81,45.0,33,20.0,14.0,3.0,5.0,4.0,0.0,82.0,55.0,37.0,16.0,14.0,3.0,6,210.0,279,205.0,291
2026-2913,Kigali,Clay,32,C,20260302.0,15,CF01,,,Marco Cecchinato,R,185.0,ITA,33.418,K0CJ,,,Sandro Kopp,R,185.0,AUT,25.766,6-7(8) 6-4 7-6(4),3,R16,144.0,7.0,2.0,101,61.0,49,30.0,17.0,0.0,1.0,3.0,2.0,111.0,69.0,54.0,25.0,17.0,5.0,7,225.0,251,320.0,156
2026-2913,Kigali,Clay,32,C,20260302.0,31,CF01,,,Marco Cecchinato,R,185.0,ITA,33.418,O09A,,,Aziz Ouakaa,R,185.0,TUN,26.568,7-5 6-1,3,R32,81.0,2.0,1.0,57,37.0,24,13.0,10.0,2.0,4.0,1.0,6.0,53.0,29.0,18.0,7.0,9.0,3.0,8,225.0,251,625.0,58
2026-3065,Brasilia,Clay,32,C,20260302.0,31,R0A7,,,Joao Lucas Reis Da Silva,R,178.0,BRA,25.933,S0EK,,,Matias Soto,R,170.0,CHI,26.847,6-1 4-6 6-4,3,R32,134.0,5.0,1.0,86,52.0,41,18.0,14.0,9.0,11.0,7.0,1.0,86.0,50.0,30.0,20.0,13.0,5.0,9,205.0,291,318.0,157
2026-2913,Kigali,Clay,32,C,20260302.0,30,B0BU,,,Florent Bax,R,185.0,FRA,26.71,P0JG,,,Gabriele Pennaforti,R,191.0,ITA,25.462,6-3 6-4,3,R32,96.0,4.0,3.0,55,34.0,29,11.0,10.0,0.0,0.0,4.0,6.0,53.0,34.0,26.0,9.0,9.0,1.0,3,268.0,197,613.0,60
2026-2913,Kigali,Clay,32,C,20260302.0,29,M0N1,3.0,,Luka Mikrut,R,188.0,CRO,21.875,F0BT,,,Jonas Forejtek,R,183.0,CZE,24.977,6-3 7-6(5),3,R32,101.0,11.0,1.0,66,42.0,34,17.0,11.0,2.0,3.0,5.0,4.0,72.0,41.0,31.0,13.0,10.0,3.0,5,165.0,371,356.0,135
2026-2913,Kigali,Clay,32,C,20260302.0,26,N0B4,,,Ryan Nijboer,R,180.0,NED,26.595,H0CX,,,Max Houkes,L,188.0,NED,25.662,6-3 6-3,3,R32,104.0,2.0,2.0,58,31.0,24,17.0,9.0,4.0,4.0,4.0,4.0,61.0,34.0,23.0,11.0,9.0,7.0,10,524.0,78,245.0,228
2026-2983,Crete 1,Hard,32,C,20260302.0,25,S0NV,,,Abdullah Shelbayh,L,180.0,JOR,22.292,T0GE,,,Pavlos Tsitsipas,R,196.0,GRE,20.608,6-4 6-2,3,R32,96.0,1.0,3.0,59,32.0,24,15.0,9.0,7.0,8.0,2.0,4.0,65.0,33.0,19.0,14.0,9.0,9.0,13,319.0,156,1025.0,16
2026-2913,Kigali,Clay,32,C,20260302.0,28,TA29,1.0,,Marco Trungelliti,R,178.0,ARG,36.082,J0B5,,,Garrett Johns,R,180.0,USA,25.205,6-4 4-6 6-4,3,R32,125.0,8.0,2.0,78,46.0,35,18.0,15.0,0.0,3.0,6.0,0.0,85.0,47.0,32.0,22.0,15.0,5.0,9,132.0,465,325.0,153
2026-2913,Kigali,Clay,32,C,20260302.0,27,S0WT,,,Joel Schwaerzler,L,188.0,AUT,20.093,E0AC,,,Mathys Erhard,R,188.0,FRA,24.348,7-6(5) 7-6(1),3,R32,121.0,10.0,0.0,69,41.0,34,21.0,12.0,1.0,2.0,3.0,2.0,100.0,66.0,46.0,15.0,12.0,4.0,5,214.0,272,330.0,148
2026-2913,Kigali,Clay,32,C,20260302.0,22,P0AY,8.0,,Luka Pavlovic,R,196.0,FRA,25.922,M0EA,,,Pol Martin Tiffon,R,183.0,ESP,26.59,6-1 6-4,3,R32,64.0,7.0,4.0,51,28.0,25,14.0,9.0,3.0,3.0,1.0,1.0,45.0,27.0,17.0,10.0,8.0,0.0,3,211.0,276,254.0,215
2026-2913,Kigali,Clay,32,C,20260302.0,21,KH56,7.0,,Zdenek Kolar,R,183.0,CZE,29.394,C0JX,,,Sean Cuenin,R,183.0,FRA,22.04,7-6(2) 6-3,3,R32,110.0,4.0,3.0,60,44.0,34,11.0,11.0,1.0,2.0,3.0,7.0,75.0,41.0,27.0,17.0,10.0,6.0,8,197.0,308,341.0,143
2026-2913,Kigali,Clay,32,C,20260302.0,20,HB48,,,Calvin Hemery,R,191.0,FRA,31.091,CI14,6.0,,Jay Clarke,R,183.0,GBR,27.598,7-6(5) 3-6 7-6(15),3,R32,241.0,7.0,3.0,122,70.0,56,26.0,16.0,5.0,7.0,8.0,2.0,133.0,79.0,61.0,26.0,17.0,7.0,8,316.0,157,184.0,333
2026-2913,Kigali,Clay,32,C,20260302.0,19,K0EP,5.0,,Jerome Kym,R,198.0,SUI,23.05,P0HY,,,Samuele Pieri,,,,,6-7(3) 6-4 6-4,3,R32,133.0,11.0,2.0,84,44.0,37,29.0,16.0,0.0,0.0,8.0,2.0,101.0,66.0,47.0,24.0,16.0,7.0,9,180.0,342,500.0,85
2026-2913,Kigali,Clay,32,C,20260302.0,18,K0CJ,,,Sandro Kopp,R,185.0,AUT,25.766,CF59,4.0,,Roberto Carballes Baena,R,183.0,ESP,32.942,6-3 6-2,3,R32,73.0,1.0,1.0,53,38.0,28,10.0,9.0,3.0,3.0,7.0,1.0,42.0,25.0,18.0,8.0,8.0,0.0,3,320.0,156,168.0,368
2026-2913,Kigali,Clay,32,C,20260302.0,17,G0IX,2.0,,Arthur Gea,R,180.0,FRA,21.161,DG80,,,Enrico Dalla Valle,,,,,6-3 7-6(4),3,R32,106.0,6.0,6.0,78,44.0,36,17.0,11.0,8.0,9.0,2.0,2.0,64.0,43.0,29.0,11.0,10.0,3.0,5,161.0,377,492.0,88
2026-2983,Crete 1,Hard,32,C,20260302.0,24,M0SE,,,Maxim Mrva,R,178.0,CZE,18.582,G0J9,,,Svyatoslav Gulin,R,178.0,RUS,23.242,4-6 7-6(6) 6-1,3,R32,137.0,1.0,5.0,98,62.0,42,15.0,14.0,2.0,6.0,0.0,8.0,96.0,60.0,36.0,15.0,15.0,4.0,10,305.0,166,437.0,106
2026-2913,Kigali,Clay,32,C,20260302.0,23,C0HB,,,Eliakim Coulibaly,L,180.0,CIV,23.825,B0ME,,,Cesar Bouchelaghem,,,,,6-3 6-2,3,R32,74.0,7.0,0.0,48,29.0,25,12.0,9.0,0.0,0.0,2.0,4.0,54.0,28.0,18.0,12.0,8.0,3.0,6,293.0,175,627.0,57
2026-2983,Crete 1,Hard,32,C,20260302.0,15,W0AH,,,Harry Wendelken,R,178.0,GBR,24.203,D0D4,,,Stefan Dostanic,R,188.0,USA,24.323,4-6 6-3 6-4,3,R16,170.0,3.0,4.0,111,52.0,37,28.0,15.0,7.0,11.0,10.0,4.0,77.0,51.0,35.0,9.0,14.0,0.0,5,277.0,190,358.0,133
2026-2913,Kigali,Clay,32,C,20260302.0,16,HB48,,,Calvin Hemery,R,191.0,FRA,31.091,N0B4,,,Ryan Nijboer,R,180.0,NED,26.595,6-4 6-4,3,R16,112.0,2.0,1.0,47,36.0,31,9.0,10.0,0.0,0.0,5.0,3.0,86.0,48.0,36.0,15.0,10.0,12.0,14,316.0,157,524.0,78
2026-2983,Crete 1,Hard,32,C,20260302.0,14,S0NV,,,Abdullah Shelbayh,L,180.0,JOR,22.292,EA31,,,Melios Efstathiou,,,,,1-6 6-2 6-2,3,R16,107.0,2.0,3.0,68,34.0,19,19.0,12.0,2.0,6.0,3.0,2.0,70.0,42.0,23.0,12.0,11.0,2.0,7,319.0,156,797.0,35
2026-2983,Crete 1,Hard,32,C,20260302.0,13,S0TM,5.0,,Toby Samuel,R,191.0,GBR,23.485,R0FP,,,Daniel Rincon,L,185.0,ESP,23.149,7-6(2) 6-4,3,R16,132.0,0.0,6.0,73,36.0,28,18.0,11.0,3.0,5.0,4.0,1.0,82.0,42.0,32.0,13.0,11.0,6.0,9,244.0,228,303.0,169
2026-2983,Crete 1,Hard,32,C,20260302.0,11,X01C,,,Ioannis Xilas,R,178.0,GRE,24.805,M0SE,,,Maxim Mrva,R,178.0,CZE,18.582,6-3 6-3,3,R16,94.0,0.0,1.0,61,41.0,24,11.0,9.0,3.0,6.0,2.0,4.0,67.0,42.0,24.0,7.0,9.0,5.0,11,363.0,132,305.0,166
2026-2983,Crete 1,Hard,32,C,20260302.0,12,N0CS,3.0,,Lukas Neumayer,R,183.0,AUT,23.485,RG42,,,Alex Rybakov,L,185.0,USA,29.092,6-4 6-4,3,R16,107.0,1.0,2.0,61,41.0,25,9.0,10.0,4.0,7.0,4.0,1.0,59.0,41.0,20.0,13.0,10.0,2.0,7,230.0,243,304.0,167
2026-2983,Crete 1,Hard,32,C,20260302.0,10,KC33,8.0,,Dimitar Kuzmanov,R,183.0,BUL,32.594,B0JJ,,,Robin Bertrand,R,178.0,FRA,22.965,6-2 7-5,3,R16,114.0,0.0,0.0,60,40.0,26,12.0,10.0,4.0,7.0,0.0,2.0,60.0,44.0,25.0,4.0,10.0,4.0,10,264.0,204,295.0,175
2026-2983,Crete 1,Hard,32,C,20260302.0,17,S0KT,2.0,,Stefanos Sakellaridis,R,198.0,GRE,21.465,C0OW,,,Lorenzo Carboni,R,168.0,ITA,20.008,4-6 7-5 3-1 RET,3,R32,153.0,3.0,3.0,83,46.0,24,21.0,13.0,4.0,10.0,0.0,5.0,81.0,49.0,27.0,11.0,13.0,4.0,11,224.0,253,439.0,106
2026-2983,Crete 1,Hard,32,C,20260302.0,16,GA79,1.0,,Lorenzo Giustino,R,180.0,ITA,34.475,F0BP,,,Pietro Fellin,R,193.0,ITA,24.58,6-3 6-3,3,R32,115.0,4.0,2.0,68,42.0,29,12.0,9.0,8.0,10.0,0.0,3.0,61.0,40.0,22.0,9.0,9.0,5.0,10,204.0,292,464.0,98
2026-2915,Kigali 2,Clay,32,C,20260309.0,1,TA29,1.0,,Marco Trungelliti,R,178.0,ARG,36.101,CF01,8.0,,Marco Cecchinato,R,185.0,ITA,33.437,4-6 6-0 6-3,3,F,117.0,0.0,4.0,66,44.0,36,10.0,12.0,1.0,3.0,7.0,4.0,84.0,42.0,25.0,19.0,13.0,8.0,14,132.0,465,225.0,251
2026-2915,Kigali 2,Clay,32,C,20260309.0,2,TA29,1.0,,Marco Trungelliti,R,178.0,ARG,36.101,KH56,5.0,,Zdenek Kolar,R,183.0,CZE,29.413,6-3 6-3,3,SF,88.0,4.0,1.0,57,34.0,25,15.0,9.0,2.0,2.0,3.0,3.0,64.0,46.0,28.0,9.0,9.0,8.0,11,132.0,465,197.0,308
2026-2915,Kigali 2,Clay,32,C,20260309.0,3,CF01,8.0,,Marco Cecchinato,R,185.0,ITA,33.437,G0IX,2.0,,Arthur Gea,R,180.0,FRA,21.18,6-3 6-4,3,SF,94.0,5.0,0.0,64,45.0,33,14.0,10.0,5.0,5.0,2.0,4.0,62.0,28.0,17.0,20.0,9.0,5.0,7,225.0,251,161.0,377
2026-2915,Kigali 2,Clay,32,C,20260309.0,19,H0CX,,,Max Houkes,L,188.0,NED,25.681,P0AY,6.0,,Luka Pavlovic,R,196.0,FRA,25.941,4-6 6-2 6-2,3,R32,103.0,4.0,1.0,67,41.0,34,16.0,13.0,0.0,1.0,14.0,6.0,79.0,56.0,39.0,7.0,13.0,5.0,9,245.0,228,211.0,276
2026-2915,Kigali 2,Clay,32,C,20260309.0,18,CI14,4.0,,Jay Clarke,R,183.0,GBR,27.617,S0GF,,,Maik Steiner,R,185.0,GER,31.721,6-7(5) 6-3 6-3,3,R32,164.0,10.0,2.0,92,51.0,38,26.0,15.0,4.0,6.0,6.0,3.0,98.0,58.0,39.0,19.0,15.0,2.0,7,184.0,333,719.0,44
2026-2915,Kigali 2,Clay,32,C,20260309.0,17,V993,,,Eero Vasa,R,185.0,FIN,29.098,CF59,3.0,,Roberto Carballes Baena,R,183.0,ESP,32.961,6-4 3-6 7-6(3),3,R32,150.0,8.0,12.0,135,82.0,47,28.0,16.0,15.0,20.0,3.0,3.0,84.0,51.0,33.0,21.0,15.0,1.0,5,482.0,91,168.0,368
2026-2915,Kigali 2,Clay,32,C,20260309.0,16,G0IX,2.0,,Arthur Gea,R,180.0,FRA,21.18,B0ME,,,Cesar Bouchelaghem,,,,,2-6 7-6(3) 6-4,3,R32,135.0,11.0,6.0,90,48.0,34,21.0,15.0,3.0,7.0,7.0,4.0,95.0,56.0,45.0,17.0,15.0,6.0,9,161.0,377,627.0,57
2026-2915,Kigali 2,Clay,32,C,20260309.0,15,H0CX,,,Max Houkes,L,188.0,NED,25.681,DH46,,,Alexander Donski,,,,,7-6(8) 7-6(1),3,R16,121.0,8.0,3.0,75,52.0,41,15.0,12.0,0.0,2.0,6.0,4.0,86.0,46.0,36.0,20.0,12.0,3.0,5,245.0,228,779.0,36
2026-2915,Kigali 2,Clay,32,C,20260309.0,14,CF01,8.0,,Marco Cecchinato,R,185.0,ITA,33.437,K0CJ,,,Sandro Kopp,R,185.0,AUT,25.785,4-6 6-3 6-4,3,R16,131.0,17.0,5.0,95,55.0,45,23.0,15.0,4.0,5.0,5.0,5.0,88.0,52.0,40.0,18.0,14.0,8.0,10,225.0,251,320.0,156
2026-2915,Kigali 2,Clay,32,C,20260309.0,13,MF35,,,Andrej Martin,R,183.0,SVK,36.465,CI14,4.0,,Jay Clarke,R,183.0,GBR,27.617,7-6(3) 6-3,3,R16,118.0,5.0,1.0,75,45.0,38,16.0,11.0,2.0,2.0,7.0,6.0,84.0,51.0,39.0,13.0,10.0,5.0,6,453.0,101,184.0,333
2026-2915,Kigali 2,Clay,32,C,20260309.0,12,TA29,1.0,,Marco Trungelliti,R,178.0,ARG,36.101,F0BT,,,Jonas Forejtek,R,183.0,CZE,24.997,7-6(0) 4-6 7-6(5),3,R16,176.0,5.0,1.0,111,71.0,54,21.0,17.0,6.0,8.0,10.0,2.0,116.0,77.0,57.0,21.0,17.0,6.0,7,132.0,465,356.0,135
2026-2915,Kigali 2,Clay,32,C,20260309.0,11,N679,,,Stefano Napolitano,R,196.0,ITA,30.91,N663,,,Maximilian Neuchrist,R,,AUT,34.631,6-3 6-7(6) 6-1,3,R16,136.0,6.0,1.0,93,64.0,50,19.0,15.0,1.0,1.0,8.0,2.0,77.0,50.0,39.0,12.0,13.0,3.0,6,422.0,111,668.0,51
2026-2915,Kigali 2,Clay,32,C,20260309.0,10,J09X,,,Filip Cristian Jianu,R,180.0,ROU,24.471,V993,,,Eero Vasa,R,185.0,FIN,29.098,6-3 7-6(5),3,R16,86.0,3.0,1.0,69,49.0,39,10.0,11.0,0.0,0.0,10.0,5.0,67.0,37.0,27.0,16.0,10.0,2.0,3,252.0,219,482.0,91
2026-2915,Kigali 2,Clay,32,C,20260309.0,9,KH56,5.0,,Zdenek Kolar,R,183.0,CZE,29.413,DF92,,,Corentin Denolly,L,188.0,FRA,28.756,6-1 6-2,3,R16,61.0,0.0,1.0,47,37.0,29,5.0,8.0,1.0,1.0,3.0,1.0,44.0,30.0,17.0,5.0,7.0,5.0,9,197.0,308,390.0,119
2026-2915,Kigali 2,Clay,32,C,20260309.0,8,G0IX,2.0,,Arthur Gea,R,180.0,FRA,21.18,C0JX,,,Sean Cuenin,R,183.0,FRA,22.059,6-1 RET,3,R16,32.0,2.0,1.0,17,9.0,8,5.0,3.0,3.0,3.0,1.0,3.0,26.0,15.0,7.0,4.0,4.0,4.0,7,161.0,377,341.0,143
2026-2915,Kigali 2,Clay,32,C,20260309.0,7,CF01,8.0,,Marco Cecchinato,R,185.0,ITA,33.437,MF35,,,Andrej Martin,R,183.0,SVK,36.465,7-6(7) 6-3,3,QF,83.0,2.0,1.0,56,39.0,31,14.0,10.0,0.0,0.0,0.0,3.0,70.0,41.0,29.0,17.0,11.0,2.0,4,225.0,251,453.0,101
2026-3406,Santiago,Clay,32,C,20260309.0,7,O660,,,Genaro Alberto Olivieri,R,175.0,ARG,27.595,MW18,,,Nicolas Moreno De Alboran,R,185.0,USA,28.652,6-4 7-5,3,QF,103.0,1.0,0.0,75,63.0,46,6.0,11.0,6.0,6.0,2.0,3.0,61.0,46.0,33.0,8.0,11.0,2.0,4,226.0,249,633.0,56
2026-3406,Santiago,Clay,32,C,20260309.0,6,B0FI,,,Pedro Boscardin Dias,R,180.0,BRA,23.11,B0GR,,,Gonzalo Bueno,R,173.0,PER,21.93,7-6(5) 6-2,3,QF,127.0,2.0,4.0,70,43.0,28,12.0,10.0,4.0,8.0,0.0,6.0,71.0,36.0,19.0,15.0,10.0,4.0,10,258.0,209,213.0,273
2026-3406,Santiago,Clay,32,C,20260309.0,5,R0GO,4.0,,Henrique Rocha,R,180.0,POR,21.922,S0GZ,,,Nikolas Sanchez Izquierdo,R,185.0,ESP,26.984,7-6(2) 3-6 6-3,3,QF,170.0,1.0,6.0,105,58.0,39,28.0,15.0,6.0,9.0,2.0,5.0,94.0,60.0,41.0,16.0,15.0,4.0,7,169.0,364,271.0,195
2026-3406,Santiago,Clay,32,C,20260309.0,4,MJ08,,,Thiago Monteiro,L,183.0,BRA,31.773,V0DP,1.0,,Adolfo Daniel Vallejo,R,183.0,PAR,21.862,3-6 6-3 6-4,3,QF,142.0,2.0,4.0,91,62.0,38,15.0,14.0,5.0,9.0,3.0,2.0,85.0,53.0,31.0,17.0,14.0,3.0,8,232.0,240,104.0,593
2026-3406,Santiago,Clay,32,C,20260309.0,3,O660,,,Genaro Alberto Olivieri,R,175.0,ARG,27.595,MJ08,,,Thiago Monteiro,L,183.0,BRA,31.773,3-6 6-4 7-5,3,SF,170.0,2.0,3.0,102,75.0,48,11.0,16.0,4.0,9.0,4.0,0.0,99.0,64.0,42.0,15.0,15.0,1.0,6,226.0,249,232.0,240
2026-3406,Santiago,Clay,32,C,20260309.0,2,R0GO,4.0,,Henrique Rocha,R,180.0,POR,21.922,B0FI,,,Pedro Boscardin Dias,R,180.0,BRA,23.11,6-1 6-2,3,SF,64.0,1.0,1.0,44,25.0,21,13.0,8.0,2.0,2.0,3.0,2.0,40.0,21.0,14.0,5.0,7.0,1.0,5,169.0,364,258.0,209
2026-3406,Santiago,Clay,32,C,20260309.0,1,O660,,,Genaro Alberto Olivieri,R,175.0,ARG,27.595,R0GO,4.0,,Henrique Rocha,R,180.0,POR,21.922,6-4 6-4,3,F,111.0,0.0,3.0,63,45.0,27,7.0,10.0,3.0,7.0,2.0,6.0,70.0,39.0,22.0,13.0,10.0,6.0,12,226.0,249,169.0,364
2026-2915,Kigali 2,Clay,32,C,20260309.0,31,MF35,,,Andrej Martin,R,183.0,SVK,36.465,E0AC,,,Mathys Erhard,R,188.0,FRA,24.367,6-7(5) 6-1 6-3,3,R32,130.0,5.0,2.0,101,63.0,47,22.0,14.0,4.0,4.0,4.0,3.0,89.0,66.0,40.0,14.0,14.0,7.0,11,453.0,101,330.0,148
2026-2915,Kigali 2,Clay,32,C,20260309.0,30,F0BT,,,Jonas Forejtek,R,183.0,CZE,24.997,O09A,,,Aziz Ouakaa,R,185.0,TUN,26.587,6-1 6-2,3,R32,60.0,4.0,2.0,45,31.0,25,8.0,8.0,2.0,2.0,1.0,2.0,37.0,22.0,12.0,5.0,7.0,3.0,7,356.0,135,625.0,58
2026-2915,Kigali 2,Clay,32,C,20260309.0,29,KH56,5.0,,Zdenek Kolar,R,183.0,CZE,29.413,RB60,,,Oriol Roca Batalla,R,175.0,ESP,32.857,6-4 7-5,3,R32,91.0,4.0,1.0,60,39.0,29,16.0,11.0,0.0,1.0,4.0,2.0,63.0,34.0,23.0,18.0,11.0,3.0,6,197.0,308,398.0,117
2026-2915,Kigali 2,Clay,32,C,20260309.0,28,TA29,1.0,,Marco Trungelliti,R,178.0,ARG,36.101,M0EA,,,Pol Martin Tiffon,R,183.0,ESP,26.609,6-4 6-2,3,R32,70.0,5.0,1.0,45,31.0,28,8.0,9.0,0.0,0.0,4.0,6.0,62.0,32.0,22.0,14.0,9.0,4.0,7,132.0,465,254.0,215
2026-2915,Kigali 2,Clay,32,C,20260309.0,27,N663,,,Maximilian Neuchrist,R,,AUT,34.631,B0BU,,,Florent Bax,R,185.0,FRA,26.73,7-6(5) 6-7(4) 7-6(6),3,R32,174.0,26.0,3.0,112,72.0,59,28.0,18.0,3.0,3.0,24.0,1.0,117.0,81.0,68.0,21.0,18.0,1.0,1,668.0,51,268.0,197
2026-2915,Kigali 2,Clay,32,C,20260309.0,26,K0CJ,,,Sandro Kopp,R,185.0,AUT,25.785,M09M,,,Ivan Marrero Curbelo,R,180.0,ESP,27.447,6-4 6-1,3,R32,69.0,4.0,1.0,46,37.0,29,5.0,9.0,0.0,1.0,0.0,3.0,45.0,30.0,19.0,4.0,8.0,2.0,6,320.0,156,540.0,74
2026-2915,Kigali 2,Clay,32,C,20260309.0,25,J09X,,,Filip Cristian Jianu,R,180.0,ROU,24.471,N0B4,,,Ryan Nijboer,R,180.0,NED,26.615,7-6(5) 7-5,3,R32,136.0,2.0,5.0,91,51.0,36,20.0,12.0,10.0,12.0,5.0,0.0,77.0,44.0,28.0,20.0,12.0,2.0,5,252.0,219,524.0,78
2026-2915,Kigali 2,Clay,32,C,20260309.0,24,DH46,,,Alexander Donski,,,,,J0B5,,,Garrett Johns,R,180.0,USA,25.224,7-6(4) 7-6(9),3,R32,111.0,14.0,5.0,84,49.0,41,19.0,12.0,0.0,0.0,6.0,1.0,79.0,56.0,44.0,13.0,12.0,0.0,0,779.0,36,325.0,153
2026-2915,Kigali 2,Clay,32,C,20260309.0,23,DF92,,,Corentin Denolly,L,188.0,FRA,28.756,C0HB,,,Eliakim Coulibaly,L,180.0,CIV,23.844,6-4 6-3,3,R32,95.0,7.0,6.0,64,37.0,28,16.0,9.0,4.0,4.0,7.0,4.0,83.0,54.0,35.0,12.0,10.0,9.0,12,390.0,119,293.0,175
2026-3406,Santiago,Clay,32,C,20260309.0,23,MJ08,,,Thiago Monteiro,L,183.0,BRA,31.773,C0NN,,,Gianluca Cadenasso,R,175.0,ITA,21.44,3-6 6-3 6-2,3,R32,131.0,2.0,4.0,94,66.0,46,13.0,13.0,5.0,7.0,2.0,6.0,78.0,42.0,29.0,19.0,13.0,3.0,7,232.0,240,298.0,173
2026-3406,Santiago,Clay,32,C,20260309.0,22,MW75,,,Felipe Meligeni Alves,R,185.0,BRA,28.049,T0H5,,,Benjamin Torrealba,L,180.0,CHI,20.709,5-7 6-1 6-3,3,R32,124.0,2.0,0.0,97,57.0,36,24.0,14.0,8.0,11.0,5.0,7.0,78.0,44.0,23.0,19.0,14.0,1.0,7,248.0,223,795.0,35
2026-3406,Santiago,Clay,32,C,20260309.0,21,AA27,,,Franco Agamenone,R,191.0,ITA,32.898,J0AW,,,Guido Ivan Justo,R,178.0,ARG,28.225,6-1 6-7(5) 6-1,3,R32,182.0,4.0,6.0,124,74.0,50,27.0,14.0,18.0,19.0,0.0,4.0,88.0,53.0,36.0,12.0,12.0,9.0,14,269.0,196,279.0,188
2026-3406,Santiago,Clay,32,C,20260309.0,20,MJ98,,,Facundo Mena,R,183.0,ARG,33.459,FA43,7.0,,Juan Pablo Ficovich,R,188.0,ARG,29.12,6-4 6-2,3,R32,77.0,5.0,2.0,48,22.0,20,18.0,9.0,1.0,1.0,4.0,1.0,52.0,25.0,15.0,16.0,9.0,6.0,9,336.0,145,186.0,330
2026-3406,Santiago,Clay,32,C,20260309.0,19,D0LJ,,,Diego Dedura,,,,,GE33,6.0,,Daniel Elahi Galan,R,191.0,COL,29.722,6-4 7-5,3,R32,102.0,0.0,3.0,71,43.0,28,16.0,11.0,6.0,8.0,4.0,2.0,89.0,56.0,33.0,15.0,11.0,7.0,11,291.0,176,182.0,337
2026-3406,Santiago,Clay,32,C,20260309.0,18,R0GO,4.0,,Henrique Rocha,R,180.0,POR,21.922,SL94,,,Pedro Sakamoto,R,178.0,BRA,32.693,2-6 6-3 6-3,3,R32,121.0,2.0,0.0,60,36.0,30,13.0,13.0,0.0,3.0,4.0,5.0,99.0,63.0,38.0,17.0,13.0,14.0,18,169.0,364,379.0,124
2026-3406,Santiago,Clay,32,C,20260309.0,17,RD48,,,Igor Marcondes,L,185.0,BRA,28.728,F0F2,3.0,,Jaime Faria,R,188.0,POR,22.59,6-7(3) 6-4 7-5,3,R32,165.0,7.0,5.0,101,60.0,46,25.0,17.0,3.0,5.0,10.0,12.0,130.0,67.0,43.0,35.0,17.0,9.0,13,307.0,165,163.0,375
2026-3406,Santiago,Clay,32,C,20260309.0,16,V0DP,1.0,,Adolfo Daniel Vallejo,R,183.0,PAR,21.862,V821,,,Gonzalo Villanueva,R,175.0,ARG,31.151,6-3 6-4,3,R32,97.0,5.0,2.0,58,35.0,28,13.0,10.0,0.0,1.0,1.0,3.0,67.0,46.0,31.0,7.0,9.0,7.0,10,104.0,593,344.0,141
2026-3406,Santiago,Clay,32,C,20260309.0,15,O660,,,Genaro Alberto Olivieri,R,175.0,ARG,27.595,CC66,,,Andrea Collarini,L,183.0,ARG,34.103,6-1 4-6 7-6(5),3,R16,183.0,5.0,2.0,115,86.0,56,14.0,14.0,13.0,16.0,4.0,6.0,104.0,61.0,38.0,22.0,15.0,4.0,9,226.0,249,228.0,244
2026-3406,Santiago,Clay,32,C,20260309.0,14,MW18,,,Nicolas Moreno De Alboran,R,185.0,USA,28.652,RD48,,,Igor Marcondes,L,185.0,BRA,28.728,5-7 6-3 6-4,3,R16,144.0,2.0,3.0,100,72.0,54,17.0,16.0,3.0,4.0,2.0,2.0,96.0,55.0,40.0,24.0,15.0,6.0,8,633.0,56,307.0,165
2026-3406,Santiago,Clay,32,C,20260309.0,13,B0GR,,,Gonzalo Bueno,R,173.0,PER,21.93,AA27,,,Franco Agamenone,R,191.0,ITA,32.898,6-3 6-3,3,R16,90.0,0.0,1.0,57,38.0,27,10.0,9.0,5.0,6.0,0.0,4.0,57.0,38.0,22.0,8.0,9.0,6.0,10,213.0,273,269.0,196
2026-3406,Santiago,Clay,32,C,20260309.0,12,B0FI,,,Pedro Boscardin Dias,R,180.0,BRA,23.11,R0A7,8.0,,Joao Lucas Reis Da Silva,R,178.0,BRA,25.952,6-1 3-6 6-4,3,R16,133.0,6.0,5.0,93,55.0,41,15.0,13.0,9.0,12.0,0.0,4.0,90.0,55.0,34.0,16.0,13.0,5.0,10,258.0,209,205.0,291
2026-3406,Santiago,Clay,32,C,20260309.0,11,S0GZ,,,Nikolas Sanchez Izquierdo,R,185.0,ESP,26.984,MJ98,,,Facundo Mena,R,183.0,ARG,33.459,7-6(3) 6-4,3,R16,116.0,0.0,3.0,67,39.0,29,19.0,11.0,0.0,1.0,3.0,4.0,76.0,41.0,32.0,15.0,11.0,3.0,5,271.0,195,336.0,145
2026-3406,Santiago,Clay,32,C,20260309.0,10,MJ08,,,Thiago Monteiro,L,183.0,BRA,31.773,D0LJ,,,Diego Dedura,,,,,7-6(7) 6-3,3,R16,101.0,3.0,2.0,67,39.0,32,18.0,11.0,0.0,1.0,1.0,0.0,77.0,53.0,34.0,14.0,10.0,4.0,6,232.0,240,291.0,176
2026-3406,Santiago,Clay,32,C,20260309.0,9,R0GO,4.0,,Henrique Rocha,R,180.0,POR,21.922,RH59,,,Santiago Rodriguez Taverna,R,191.0,ARG,26.648,7-5 4-0 RET,3,R16,75.0,4.0,2.0,42,30.0,28,7.0,8.0,0.0,0.0,1.0,1.0,52.0,30.0,15.0,13.0,8.0,4.0,7,169.0,364,237.0,238
2026-3406,Santiago,Clay,32,C,20260309.0,8,V0DP,1.0,,Adolfo Daniel Vallejo,R,183.0,PAR,21.862,MW75,,,Felipe Meligeni Alves,R,185.0,BRA,28.049,6-4 3-6 6-3,3,R16,135.0,5.0,6.0,97,58.0,39,22.0,14.0,8.0,12.0,1.0,2.0,89.0,53.0,29.0,18.0,14.0,8.0,13,104.0,593,248.0,223
2026-398,Cherbourg,Hard,32,C,20260309.0,8,R09X,5.0,,Jurij Rodionov,L,191.0,AUT,26.815,KJ00,,,Alex Knaff,R,193.0,LUX,28.282,6-1 6-4,3,R16,64.0,4.0,3.0,56,34.0,26,15.0,9.0,0.0,0.0,2.0,1.0,43.0,26.0,16.0,9.0,8.0,3.0,6,177.0,348,644.0,55
2026-398,Cherbourg,Hard,32,C,20260309.0,7,K09F,,,Pavel Kotov,R,191.0,RUS,27.305,C0HT,,,Murphy Cassone,R,188.0,USA,23.562,6-1 6-1,3,QF,57.0,3.0,0.0,40,28.0,23,8.0,7.0,2.0,2.0,1.0,3.0,45.0,23.0,13.0,8.0,7.0,3.0,8,402.0,116,275.0,191
2026-398,Cherbourg,Hard,32,C,20260309.0,6,GH92,8.0,,Borna Gojo,R,196.0,CRO,28.027,BU70,,,Remy Bertola,R,175.0,SUI,27.521,6-4 7-6(6),3,QF,113.0,15.0,2.0,75,53.0,36,10.0,11.0,5.0,8.0,2.0,4.0,84.0,56.0,35.0,12.0,11.0,1.0,5,194.0,311,212.0,273
2026-398,Cherbourg,Hard,32,C,20260309.0,5,R0HK,,,Filippo Romano,R,188.0,ITA,20.671,T09X,7.0,,Clement Tabur,R,173.0,FRA,26.122,6-3 3-6 6-3,3,QF,117.0,17.0,2.0,98,70.0,50,14.0,14.0,8.0,9.0,3.0,0.0,81.0,45.0,33.0,20.0,13.0,3.0,5,541.0,74,190.0,318
2026-398,Cherbourg,Hard,32,C,20260309.0,4,R09X,5.0,,Jurij Rodionov,L,191.0,AUT,26.815,O0A2,,,Gauthier Onclin,R,180.0,BEL,25.029,6-4 6-2,3,QF,79.0,10.0,1.0,61,43.0,30,9.0,9.0,3.0,4.0,4.0,3.0,55.0,32.0,20.0,10.0,9.0,4.0,8,177.0,348,273.0,192
2026-398,Cherbourg,Hard,32,C,20260309.0,3,K09F,,,Pavel Kotov,R,191.0,RUS,27.305,GH92,8.0,,Borna Gojo,R,196.0,CRO,28.027,6-4 3-6 6-3,3,SF,125.0,6.0,2.0,75,48.0,43,13.0,14.0,0.0,2.0,12.0,1.0,95.0,63.0,46.0,15.0,14.0,6.0,9,402.0,116,194.0,311
2026-398,Cherbourg,Hard,32,C,20260309.0,2,R0HK,,,Filippo Romano,R,188.0,ITA,20.671,R09X,5.0,,Jurij Rodionov,L,191.0,AUT,26.815,7-6(5) 2-6 6-4,3,SF,114.0,10.0,3.0,93,59.0,47,18.0,15.0,1.0,3.0,2.0,2.0,95.0,65.0,50.0,20.0,15.0,3.0,4,541.0,74,177.0,348
2026-398,Cherbourg,Hard,32,C,20260309.0,1,K09F,,,Pavel Kotov,R,191.0,RUS,27.305,R0HK,,,Filippo Romano,R,188.0,ITA,20.671,6-2 7-5,3,F,65.0,7.0,0.0,47,38.0,33,5.0,10.0,1.0,2.0,0.0,0.0,55.0,35.0,23.0,9.0,10.0,5.0,9,402.0,116,541.0,74
2026-3406,Santiago,Clay,32,C,20260309.0,31,B0GR,,,Gonzalo Bueno,R,173.0,PER,21.93,V836,,,Juan Pablo Varillas,R,185.0,PER,30.423,6-0 7-5,3,R32,96.0,0.0,7.0,58,29.0,19,14.0,9.0,5.0,7.0,1.0,2.0,54.0,28.0,16.0,7.0,9.0,4.0,10,213.0,273,281.0,185
2026-3406,Santiago,Clay,32,C,20260309.0,30,B0FI,,,Pedro Boscardin Dias,R,180.0,BRA,23.11,S0KY,,,Amador Salazar,,,,,6-1 6-3,3,R32,67.0,3.0,1.0,46,24.0,18,14.0,8.0,3.0,4.0,0.0,6.0,58.0,35.0,19.0,6.0,8.0,2.0,7,258.0,209,1273.0,7
2026-3406,Santiago,Clay,32,C,20260309.0,29,R0A7,8.0,,Joao Lucas Reis Da Silva,R,178.0,BRA,25.952,SG56,,,Daniel Dutra Da Silva,L,,BRA,37.676,3-6 6-4 7-5,3,R32,159.0,5.0,0.0,100,55.0,36,25.0,15.0,8.0,11.0,8.0,1.0,93.0,54.0,33.0,24.0,16.0,5.0,9,205.0,291,321.0,156
2026-3406,Santiago,Clay,32,C,20260309.0,28,CC66,,,Andrea Collarini,L,183.0,ARG,34.103,B0GY,5.0,,Alex Barrena,R,175.0,ARG,23.411,6-0 5-2 RET,3,R32,67.0,0.0,5.0,39,25.0,19,7.0,6.0,1.0,1.0,1.0,8.0,40.0,14.0,7.0,8.0,7.0,3.0,8,228.0,244,179.0,347
2026-3406,Santiago,Clay,32,C,20260309.0,27,S0GZ,,,Nikolas Sanchez Izquierdo,R,185.0,ESP,26.984,K0DB,,,Cannon Kingsley,R,191.0,USA,24.841,6-4 7-5,3,R32,108.0,6.0,2.0,59,40.0,31,10.0,11.0,2.0,4.0,6.0,1.0,84.0,48.0,36.0,12.0,11.0,8.0,12,271.0,195,465.0,97
2026-3406,Santiago,Clay,32,C,20260309.0,26,RH59,,,Santiago Rodriguez Taverna,R,191.0,ARG,26.648,MM24,,,Bastian Malla,,,CHI,29.459,7-6(5) 6-3,3,R32,109.0,5.0,5.0,81,42.0,34,20.0,11.0,5.0,6.0,1.0,6.0,74.0,45.0,30.0,14.0,10.0,5.0,7,237.0,238,1322.0,6
2026-3406,Santiago,Clay,32,C,20260309.0,25,O660,,,Genaro Alberto Olivieri,R,175.0,ARG,27.595,H0DU,,,Gustavo Heide,R,191.0,BRA,24.025,3-6 6-3 4-0 RET,3,R32,123.0,0.0,2.0,74,52.0,30,12.0,11.0,9.0,13.0,3.0,10.0,73.0,34.0,24.0,11.0,11.0,8.0,14,226.0,249,301.0,169
2026-3406,Santiago,Clay,32,C,20260309.0,24,MW18,,,Nicolas Moreno De Alboran,R,185.0,USA,28.652,S0EK,,,Matias Soto,R,170.0,CHI,26.867,7-5 6-3,3,R32,84.0,1.0,1.0,51,36.0,30,10.0,11.0,0.0,1.0,1.0,2.0,62.0,40.0,29.0,9.0,10.0,1.0,4,633.0,56,318.0,157
2026-398,Cherbourg,Hard,32,C,20260309.0,24,KJ00,,,Alex Knaff,R,193.0,LUX,28.282,V0D0,,,Niels Visker,R,191.0,NED,24.424,6-4 6-1,3,R32,68.0,6.0,1.0,55,37.0,27,11.0,8.0,7.0,7.0,4.0,1.0,56.0,32.0,18.0,12.0,9.0,5.0,9,644.0,55,554.0,71
2026-398,Cherbourg,Hard,32,C,20260309.0,23,G0IW,,,Antoine Ghibaudo,R,191.0,FRA,21.117,B0QC,,,Gilles Arnaud Bailly,R,180.0,BEL,20.468,6-3 3-6 6-3,3,R32,118.0,5.0,1.0,70,46.0,35,17.0,14.0,0.0,1.0,3.0,4.0,90.0,58.0,41.0,16.0,13.0,4.0,6,338.0,144,209.0,280
2026-398,Cherbourg,Hard,32,C,20260309.0,22,K09F,,,Pavel Kotov,R,191.0,RUS,27.305,C0BH,6.0,,Clement Chidekh,R,180.0,FRA,24.736,1-6 6-1 7-6(4),3,R32,130.0,14.0,1.0,83,54.0,37,18.0,13.0,1.0,3.0,3.0,2.0,91.0,51.0,36.0,21.0,13.0,7.0,9,402.0,116,187.0,330
2026-398,Cherbourg,Hard,32,C,20260309.0,21,R09X,5.0,,Jurij Rodionov,L,191.0,AUT,26.815,J620,,,Maxime Janvier,R,196.0,FRA,29.388,4-6 6-1 6-4,3,R32,102.0,3.0,2.0,83,50.0,36,17.0,14.0,3.0,6.0,4.0,0.0,88.0,68.0,40.0,7.0,13.0,4.0,9,177.0,348,545.0,74
2026-398,Cherbourg,Hard,32,C,20260309.0,20,A09T,,,Dan Added,R,183.0,FRA,26.905,G0BY,4.0,,Daniil Glinka,L,188.0,EST,25.823,5-7 6-1 6-4,3,R32,127.0,4.0,2.0,105,62.0,39,25.0,15.0,6.0,9.0,9.0,6.0,81.0,42.0,32.0,17.0,14.0,7.0,12,203.0,295,176.0,349
2026-398,Cherbourg,Hard,32,C,20260309.0,19,B0NV,,,Patrick Brady,R,188.0,GBR,21.314,H996,2.0,,Pierre Hugues Herbert,R,188.0,FRA,34.976,7-6(5) 4-6 6-4,3,R32,144.0,4.0,2.0,99,74.0,51,13.0,16.0,3.0,7.0,6.0,7.0,97.0,70.0,52.0,12.0,16.0,4.0,8,1033.0,15,157.0,388
2026-398,Cherbourg,Hard,32,C,20260309.0,18,O0A2,,,Gauthier Onclin,R,180.0,BEL,25.029,G0GW,,,Sascha Gueymard Wayenburg,R,191.0,FRA,22.604,6-0 7-6(4),3,R32,76.0,0.0,0.0,52,40.0,27,7.0,9.0,1.0,3.0,11.0,4.0,58.0,40.0,22.0,5.0,9.0,2.0,7,273.0,192,266.0,202
2026-398,Cherbourg,Hard,32,C,20260309.0,17,H09N,,,August Holmgren,R,188.0,DEN,27.88,F0HO,,,Thomas Faurel,R,178.0,FRA,20.129,6-1 4-6 6-4,3,R32,111.0,5.0,1.0,84,62.0,45,10.0,14.0,2.0,4.0,3.0,1.0,89.0,59.0,36.0,15.0,13.0,6.0,10,201.0,301,405.0,116
2026-398,Cherbourg,Hard,32,C,20260309.0,16,BU70,,,Remy Bertola,R,175.0,SUI,27.521,B0U4,1.0,,Nicolai Budkov Kjaer,R,191.0,NOR,19.518,7-5 6-1,3,R32,64.0,5.0,2.0,48,28.0,26,15.0,10.0,2.0,2.0,0.0,0.0,55.0,35.0,21.0,10.0,9.0,4.0,7,212.0,273,150.0,407
2026-398,Cherbourg,Hard,32,C,20260309.0,15,K09F,,,Pavel Kotov,R,191.0,RUS,27.305,MW76,,,Matteo Martineau,R,183.0,FRA,27.143,6-4 6-7(1) 7-6(3),3,R16,158.0,6.0,1.0,93,64.0,53,17.0,17.0,0.0,1.0,7.0,2.0,101.0,68.0,46.0,21.0,17.0,2.0,4,402.0,116,326.0,151
2026-398,Cherbourg,Hard,32,C,20260309.0,14,C0HT,,,Murphy Cassone,R,188.0,USA,23.562,A09T,,,Dan Added,R,183.0,FRA,26.905,6-2 6-3,3,R16,68.0,7.0,1.0,63,43.0,36,7.0,9.0,2.0,2.0,1.0,0.0,51.0,34.0,22.0,7.0,8.0,2.0,5,275.0,191,203.0,295
2026-398,Cherbourg,Hard,32,C,20260309.0,13,GH92,8.0,,Borna Gojo,R,196.0,CRO,28.027,BU54,,,Geoffrey Blancaneaux,R,180.0,FRA,27.584,7-5 6-7(4) 6-4,3,R16,182.0,18.0,1.0,101,70.0,57,17.0,17.0,1.0,1.0,8.0,0.0,126.0,81.0,57.0,23.0,17.0,12.0,14,194.0,311,315.0,158
2026-398,Cherbourg,Hard,32,C,20260309.0,12,T09X,7.0,,Clement Tabur,R,173.0,FRA,26.122,G0IW,,,Antoine Ghibaudo,R,191.0,FRA,21.117,6-2 6-2,3,R16,61.0,7.0,1.0,38,27.0,26,7.0,8.0,0.0,0.0,3.0,0.0,52.0,33.0,17.0,7.0,8.0,7.0,11,190.0,318,338.0,144
2026-398,Cherbourg,Hard,32,C,20260309.0,11,R0HK,,,Filippo Romano,R,188.0,ITA,20.671,B0NV,,,Patrick Brady,R,188.0,GBR,21.314,6-7(5) 7-6(2) 6-4,3,R16,184.0,10.0,1.0,110,75.0,61,17.0,17.0,5.0,6.0,4.0,2.0,128.0,95.0,63.0,16.0,17.0,8.0,10,541.0,74,1033.0,15
2026-398,Cherbourg,Hard,32,C,20260309.0,10,O0A2,,,Gauthier Onclin,R,180.0,BEL,25.029,PJ74,,,Lucas Poullain,R,175.0,FRA,30.259,6-4 6-4,3,R16,112.0,2.0,1.0,61,33.0,20,17.0,10.0,4.0,6.0,1.0,1.0,80.0,48.0,29.0,13.0,10.0,6.0,10,273.0,192,421.0,112
2026-398,Cherbourg,Hard,32,C,20260309.0,9,BU70,,,Remy Bertola,R,175.0,SUI,27.521,H09N,,,August Holmgren,R,188.0,DEN,27.88,7-6(5) 7-6(3),3,R16,107.0,7.0,2.0,96,64.0,46,21.0,12.0,7.0,7.0,6.0,2.0,84.0,58.0,42.0,16.0,12.0,4.0,4,212.0,273,201.0,301
2026-2985,Crete 2,Hard,32,C,20260309.0,9,N0CJ,,,Petr Nesterov,R,,BUL,23.006,G0IB,3.0,,Tom Gentzsch,R,191.0,GER,22.508,7-6(7) 6-2,3,R16,130.0,3.0,0.0,65,47.0,32,12.0,10.0,1.0,3.0,4.0,6.0,90.0,53.0,35.0,16.0,10.0,9.0,13,477.0,93,246.0,227
2026-2985,Crete 2,Hard,32,C,20260309.0,8,S0TM,2.0,,Toby Samuel,R,191.0,GBR,23.504,R0FP,,,Daniel Rincon,L,185.0,ESP,23.168,6-3 6-0,3,R16,78.0,3.0,1.0,57,34.0,28,11.0,8.0,7.0,7.0,0.0,0.0,49.0,26.0,13.0,9.0,7.0,7.0,11,244.0,228,303.0,169
2026-2985,Crete 2,Hard,32,C,20260309.0,7,M0SE,,,Maxim Mrva,R,178.0,CZE,18.601,N0CJ,,,Petr Nesterov,R,,BUL,23.006,6-3 6-3,3,QF,85.0,0.0,3.0,77,42.0,27,20.0,9.0,9.0,10.0,0.0,0.0,44.0,27.0,14.0,11.0,9.0,1.0,5,305.0,166,477.0,93
2026-2985,Crete 2,Hard,32,C,20260309.0,6,D0D4,,,Stefan Dostanic,R,188.0,USA,24.342,CG33,4.0,,Kimmer Coppejans,R,178.0,BEL,32.082,6-3 6-4,3,QF,115.0,6.0,2.0,84,56.0,35,14.0,10.0,12.0,14.0,2.0,5.0,74.0,47.0,28.0,11.0,9.0,6.0,10,358.0,133,250.0,221
2026-2985,Crete 2,Hard,32,C,20260309.0,5,S0TM,2.0,,Toby Samuel,R,191.0,GBR,23.504,B0JJ,8.0,,Robin Bertrand,R,178.0,FRA,22.984,6-4 7-5,3,QF,131.0,1.0,3.0,79,47.0,25,20.0,11.0,10.0,13.0,1.0,2.0,83.0,64.0,30.0,9.0,11.0,6.0,11,244.0,228,295.0,175
2026-2985,Crete 2,Hard,32,C,20260309.0,4,J0A4,,,Paul Jubb,R,180.0,GBR,26.355,GA79,1.0,,Lorenzo Giustino,R,180.0,ITA,34.494,7-6(0) 6-7(0) 6-4,3,QF,208.0,2.0,6.0,124,76.0,49,18.0,17.0,8.0,14.0,0.0,3.0,123.0,62.0,37.0,31.0,17.0,9.0,16,310.0,163,204.0,292
2026-2985,Crete 2,Hard,32,C,20260309.0,3,M0SE,,,Maxim Mrva,R,178.0,CZE,18.601,J0A4,,,Paul Jubb,R,180.0,GBR,26.355,6-3 6-1,3,SF,63.0,6.0,1.0,48,27.0,18,9.0,8.0,3.0,6.0,0.0,6.0,55.0,35.0,16.0,5.0,8.0,3.0,10,305.0,166,310.0,163
2026-2985,Crete 2,Hard,32,C,20260309.0,2,S0TM,2.0,,Toby Samuel,R,191.0,GBR,23.504,D0D4,,,Stefan Dostanic,R,188.0,USA,24.342,6-2 7-5,3,SF,89.0,0.0,1.0,53,33.0,25,14.0,10.0,0.0,1.0,1.0,3.0,74.0,52.0,31.0,9.0,10.0,8.0,12,244.0,228,358.0,133
2026-2985,Crete 2,Hard,32,C,20260309.0,1,S0TM,2.0,,Toby Samuel,R,191.0,GBR,23.504,M0SE,,,Maxim Mrva,R,178.0,CZE,18.601,6-2 6-3,3,F,62.0,0.0,0.0,58,38.0,23,12.0,9.0,5.0,7.0,0.0,4.0,52.0,31.0,19.0,7.0,8.0,3.0,8,244.0,228,305.0,166
2026-398,Cherbourg,Hard,32,C,20260309.0,31,MW76,,,Matteo Martineau,R,183.0,FRA,27.143,S0DQ,,,Keegan Smith,R,201.0,USA,27.71,3-6 7-6(7) 6-2,3,R32,97.0,7.0,1.0,78,67.0,55,5.0,14.0,0.0,1.0,8.0,0.0,89.0,73.0,51.0,9.0,15.0,3.0,5,326.0,151,306.0,166
2026-398,Cherbourg,Hard,32,C,20260309.0,30,C0HT,,,Murphy Cassone,R,188.0,USA,23.562,K0FY,,,Martin Krumich,R,188.0,CZE,23.201,6-2 7-5,3,R32,87.0,6.0,0.0,56,33.0,26,18.0,10.0,2.0,2.0,8.0,0.0,69.0,44.0,30.0,11.0,10.0,4.0,7,275.0,191,346.0,140
2026-398,Cherbourg,Hard,32,C,20260309.0,29,BU54,,,Geoffrey Blancaneaux,R,180.0,FRA,27.584,SO20,,,Jelle Sels,R,188.0,NED,30.579,7-5 6-3,3,R32,97.0,9.0,1.0,67,37.0,31,17.0,10.0,6.0,6.0,4.0,0.0,62.0,43.0,26.0,11.0,11.0,1.0,4,315.0,158,343.0,142
2026-398,Cherbourg,Hard,32,C,20260309.0,28,GH92,8.0,,Borna Gojo,R,196.0,CRO,28.027,LC12,,,Laurent Lokoli,R,188.0,FRA,31.389,6-3 6-3,3,R32,64.0,8.0,0.0,40,27.0,24,12.0,9.0,0.0,0.0,4.0,2.0,53.0,40.0,23.0,8.0,9.0,4.0,7,194.0,311,448.0,102
2026-398,Cherbourg,Hard,32,C,20260309.0,27,T09X,7.0,,Clement Tabur,R,173.0,FRA,26.122,N552,,,Kei Nishikori,R,178.0,JPN,36.192,7-6(5) 6-4,3,R32,94.0,12.0,1.0,71,52.0,41,9.0,11.0,1.0,2.0,3.0,4.0,80.0,43.0,30.0,20.0,11.0,2.0,4,190.0,318,284.0,182
2026-398,Cherbourg,Hard,32,C,20260309.0,26,R0HK,,,Filippo Romano,R,188.0,ITA,20.671,P0MG,,,Raphael Perot,R,175.0,FRA,24.69,6-3 4-6 6-3,3,R32,131.0,9.0,3.0,92,61.0,46,15.0,14.0,4.0,5.0,1.0,2.0,104.0,56.0,39.0,22.0,14.0,6.0,9,541.0,74,369.0,127
2026-398,Cherbourg,Hard,32,C,20260309.0,25,PJ74,,,Lucas Poullain,R,175.0,FRA,30.259,P0GN,,,Tom Paris,R,193.0,FRA,23.515,6-4 7-6(4),3,R32,113.0,2.0,0.0,75,59.0,39,11.0,11.0,1.0,2.0,2.0,2.0,81.0,53.0,36.0,13.0,11.0,5.0,7,421.0,112,332.0,146
2026-2985,Crete 2,Hard,32,C,20260309.0,25,R0FP,,,Daniel Rincon,L,185.0,ESP,23.168,G0CV,,,Buvaysar Gadamauri,R,180.0,BEL,25.662,6-7(4) 6-4 6-2,3,R32,187.0,5.0,2.0,108,62.0,40,20.0,15.0,7.0,12.0,2.0,7.0,102.0,60.0,34.0,18.0,15.0,4.0,12,303.0,169,382.0,122
2026-2985,Crete 2,Hard,32,C,20260309.0,24,N0CJ,,,Petr Nesterov,R,,BUL,23.006,J0D2,,,Maximus Jones,R,185.0,THA,21.506,3-6 6-3 6-4,3,R32,160.0,6.0,0.0,95,59.0,38,20.0,14.0,7.0,10.0,1.0,2.0,93.0,53.0,33.0,20.0,14.0,5.0,9,477.0,93,314.0,159
2026-2985,Crete 2,Hard,32,C,20260309.0,23,I09N,,,Federico Iannaccone,R,183.0,ITA,26.954,C0OW,,,Lorenzo Carboni,R,168.0,ITA,20.027,6-2 6-3,3,R32,99.0,0.0,4.0,59,45.0,29,5.0,9.0,7.0,10.0,0.0,2.0,40.0,27.0,8.0,6.0,8.0,0.0,6,651.0,54,439.0,106
2026-2985,Crete 2,Hard,32,C,20260309.0,22,H0BF,,,Philip Henning,R,180.0,RSA,25.325,M0DY,,,Peter Makk,R,180.0,HUN,24.383,6-3 6-4,3,R32,99.0,1.0,1.0,53,38.0,27,8.0,9.0,2.0,4.0,1.0,1.0,62.0,37.0,19.0,12.0,10.0,4.0,9,324.0,154,716.0,44
2026-2985,Crete 2,Hard,32,C,20260309.0,21,B0JJ,8.0,,Robin Bertrand,R,178.0,FRA,22.984,LI10,,,Christian Langmo,R,191.0,USA,29.769,6-3 4-6 6-4,3,R32,179.0,0.0,3.0,100,85.0,51,6.0,15.0,5.0,10.0,1.0,7.0,96.0,64.0,38.0,13.0,14.0,6.0,12,295.0,175,443.0,105
2026-2985,Crete 2,Hard,32,C,20260309.0,20,W0AH,7.0,,Harry Wendelken,R,178.0,GBR,24.222,H0DC,,,Giles Hussey,L,185.0,GBR,28.786,7-6(5) 7-5,3,R32,167.0,3.0,2.0,76,44.0,29,17.0,12.0,3.0,7.0,2.0,6.0,88.0,40.0,27.0,22.0,12.0,4.0,9,277.0,190,337.0,145
2026-2985,Crete 2,Hard,32,C,20260309.0,19,M0SE,,,Maxim Mrva,R,178.0,CZE,18.601,KC33,5.0,,Dimitar Kuzmanov,R,183.0,BUL,32.613,6-2 6-4,3,R32,87.0,2.0,1.0,49,22.0,15,17.0,9.0,0.0,2.0,1.0,2.0,62.0,47.0,24.0,6.0,9.0,5.0,10,305.0,166,264.0,204
2026-2985,Crete 2,Hard,32,C,20260309.0,18,CG33,4.0,,Kimmer Coppejans,R,178.0,BEL,32.082,P0I6,,,Gabriele Piraino,L,188.0,ITA,22.322,6-1 4-6 7-5,3,R32,153.0,5.0,7.0,82,53.0,37,14.0,14.0,3.0,7.0,4.0,3.0,92.0,48.0,25.0,21.0,15.0,6.0,13,250.0,221,357.0,135
2026-2985,Crete 2,Hard,32,C,20260309.0,17,G0IB,3.0,,Tom Gentzsch,R,191.0,GER,22.508,BU10,,,Jacopo Berrettini,R,191.0,ITA,27.28,2-6 6-4 6-2,3,R32,128.0,3.0,5.0,85,58.0,39,12.0,13.0,3.0,6.0,0.0,7.0,73.0,47.0,32.0,14.0,13.0,5.0,9,246.0,227,302.0,169
2026-2985,Crete 2,Hard,32,C,20260309.0,16,S0TM,2.0,,Toby Samuel,R,191.0,GBR,23.504,EA31,,,Melios Efstathiou,,,,,7-6(2) 6-1,3,R32,88.0,1.0,3.0,63,36.0,24,18.0,10.0,1.0,3.0,0.0,4.0,58.0,37.0,20.0,11.0,9.0,1.0,5,244.0,228,797.0,35
2026-2985,Crete 2,Hard,32,C,20260309.0,15,D0D4,,,Stefan Dostanic,R,188.0,USA,24.342,GG65,,,Michael Geerts,R,178.0,BEL,31.14,6-3 6-2,3,R16,83.0,4.0,0.0,50,31.0,18,13.0,8.0,2.0,3.0,0.0,4.0,59.0,35.0,18.0,11.0,9.0,2.0,7,358.0,133,297.0,174
2026-2985,Crete 2,Hard,32,C,20260309.0,14,J0A4,,,Paul Jubb,R,180.0,GBR,26.355,W0AH,7.0,,Harry Wendelken,R,178.0,GBR,24.222,6-1 6-2,3,R16,86.0,2.0,3.0,67,43.0,30,11.0,8.0,9.0,10.0,1.0,3.0,43.0,25.0,13.0,5.0,7.0,5.0,10,310.0,163,277.0,190
2026-2985,Crete 2,Hard,32,C,20260309.0,13,CG33,4.0,,Kimmer Coppejans,R,178.0,BEL,32.082,S0NV,,,Abdullah Shelbayh,L,180.0,JOR,22.311,2-6 6-1 7-6(5),3,R16,145.0,3.0,3.0,88,57.0,34,16.0,13.0,5.0,10.0,0.0,6.0,97.0,50.0,32.0,18.0,14.0,7.0,13,250.0,221,319.0,156
2026-2985,Crete 2,Hard,32,C,20260309.0,12,GA79,1.0,,Lorenzo Giustino,R,180.0,ITA,34.494,H0BF,,,Philip Henning,R,180.0,RSA,25.325,6-3 4-6 6-3,3,R16,162.0,4.0,4.0,89,56.0,40,11.0,14.0,5.0,9.0,1.0,2.0,91.0,59.0,34.0,16.0,14.0,6.0,12,204.0,292,324.0,154
2026-2985,Crete 2,Hard,32,C,20260309.0,11,M0SE,,,Maxim Mrva,R,178.0,CZE,18.601,I09N,,,Federico Iannaccone,R,183.0,ITA,26.954,6-4 6-7(3) 6-0,3,R16,139.0,5.0,6.0,83,45.0,29,22.0,14.0,3.0,7.0,0.0,2.0,85.0,51.0,30.0,13.0,14.0,2.0,10,305.0,166,651.0,54
2026-2985,Crete 2,Hard,32,C,20260309.0,10,B0JJ,8.0,,Robin Bertrand,R,178.0,FRA,22.984,RG42,,,Alex Rybakov,L,185.0,USA,29.112,6-2 6-2,3,R16,83.0,1.0,2.0,51,42.0,31,5.0,8.0,2.0,2.0,5.0,1.0,49.0,34.0,22.0,4.0,8.0,3.0,7,295.0,175,304.0,167
2026-9167,Phoenix,Hard,32,C,20260309.0,10,BT72,4.0,,Nuno Borges,R,185.0,POR,29.049,D994,,,James Duckworth,R,183.0,AUS,34.13,3-6 6-4 6-2,3,R16,107.0,19.0,3.0,79,52.0,43,12.0,13.0,1.0,2.0,14.0,4.0,94.0,57.0,48.0,12.0,14.0,6.0,9,49.0,1020,83.0,691
2026-9167,Phoenix,Hard,32,C,20260309.0,9,ME82,3.0,,Adrian Mannarino,L,180.0,FRA,37.692,B0I5,,,Blaise Bicknell,R,191.0,JAM,24.282,6-7(2) 6-2 6-2,3,R16,131.0,5.0,5.0,86,53.0,39,16.0,14.0,5.0,8.0,5.0,2.0,99.0,71.0,39.0,11.0,14.0,6.0,13,48.0,1025,475.0,94
2026-9167,Phoenix,Hard,32,C,20260309.0,8,MW02,1.0,,Corentin Moutet,L,180.0,FRA,26.888,HB64,,,Quentin Halys,R,191.0,FRA,29.366,6-4 6-4,3,R16,84.0,5.0,2.0,56,33.0,25,14.0,10.0,2.0,3.0,3.0,2.0,51.0,34.0,22.0,11.0,10.0,0.0,3,33.0,1383,102.0,600
2026-9167,Phoenix,Hard,32,C,20260309.0,7,Q02L,8.0,,Ethan Quinn,R,191.0,USA,21.99,BM95,,,Benjamin Bonzi,R,183.0,FRA,29.747,7-6(4) 7-6(7),3,QF,106.0,16.0,5.0,88,61.0,50,11.0,12.0,7.0,8.0,4.0,5.0,75.0,48.0,37.0,16.0,12.0,1.0,2,73.0,761,111.0,564
2026-9167,Phoenix,Hard,32,C,20260309.0,6,GC88,7.0,,Marcos Giron,R,180.0,USA,32.624,BT72,4.0,,Nuno Borges,R,185.0,POR,29.049,7-6(8) 6-2,3,QF,88.0,4.0,0.0,69,42.0,32,15.0,10.0,4.0,4.0,4.0,2.0,67.0,42.0,26.0,15.0,10.0,4.0,6,69.0,780,49.0,1020
2026-9167,Phoenix,Hard,32,C,20260309.0,5,HD68,,,Billy Harris,R,193.0,GBR,31.118,ME82,3.0,,Adrian Mannarino,L,180.0,FRA,37.692,6-4 6-7(4) 6-4,3,QF,200.0,14.0,2.0,123,78.0,53,23.0,16.0,11.0,14.0,4.0,3.0,96.0,49.0,35.0,23.0,16.0,1.0,6,151.0,406,48.0,1025
2026-9167,Phoenix,Hard,32,C,20260309.0,4,MW02,1.0,,Corentin Moutet,L,180.0,FRA,26.888,BG23,,,Nikoloz Basilashvili,R,185.0,GEO,34.04,7-6(5) 6-4,3,QF,102.0,3.0,3.0,70,43.0,30,14.0,11.0,2.0,5.0,8.0,7.0,79.0,45.0,30.0,13.0,11.0,9.0,13,33.0,1383,133.0,464
2026-9167,Phoenix,Hard,32,C,20260309.0,3,Q02L,8.0,,Ethan Quinn,R,191.0,USA,21.99,HD68,,,Billy Harris,R,193.0,GBR,31.118,7-6(6) 7-6(5),3,SF,124.0,15.0,4.0,84,53.0,43,14.0,12.0,3.0,4.0,4.0,2.0,85.0,48.0,34.0,21.0,12.0,1.0,2,73.0,761,151.0,406
2026-9167,Phoenix,Hard,32,C,20260309.0,2,GC88,7.0,,Marcos Giron,R,180.0,USA,32.624,MW02,1.0,,Corentin Moutet,L,180.0,FRA,26.888,4-6 6-3 6-4,3,SF,148.0,2.0,1.0,89,52.0,36,15.0,15.0,2.0,7.0,0.0,4.0,93.0,64.0,38.0,11.0,14.0,4.0,10,69.0,780,33.0,1383
2026-9167,Phoenix,Hard,32,C,20260309.0,1,Q02L,8.0,,Ethan Quinn,R,191.0,USA,21.99,GC88,7.0,,Marcos Giron,R,180.0,USA,32.624,7-6(1) 4-6 7-5,3,F,124.0,18.0,2.0,97,57.0,49,22.0,17.0,2.0,4.0,5.0,1.0,89.0,53.0,41.0,24.0,17.0,1.0,3,73.0,761,69.0,780
2026-2985,Crete 2,Hard,32,C,20260309.0,31,J0A4,,,Paul Jubb,R,180.0,GBR,26.355,T0GE,,,Pavlos Tsitsipas,R,196.0,GRE,20.627,7-6(4) 6-3,3,R32,109.0,3.0,4.0,70,49.0,27,12.0,10.0,3.0,7.0,2.0,8.0,83.0,52.0,31.0,10.0,11.0,3.0,9,310.0,163,1025.0,16
2026-2985,Crete 2,Hard,32,C,20260309.0,30,D0D4,,,Stefan Dostanic,R,188.0,USA,24.342,B0TP,,,Henry Bernet,R,191.0,SUI,19.118,6-3 6-4,3,R32,74.0,1.0,1.0,51,34.0,22,12.0,9.0,2.0,4.0,1.0,5.0,54.0,25.0,16.0,10.0,10.0,2.0,7,358.0,133,502.0,84
2026-2985,Crete 2,Hard,32,C,20260309.0,29,GG65,,,Michael Geerts,R,178.0,BEL,31.14,P0K4,6.0,,Tiago Pereira,R,0.0,PRT,21.717,6-0 6-2,3,R32,70.0,2.0,1.0,46,26.0,21,9.0,7.0,2.0,3.0,0.0,0.0,41.0,22.0,11.0,4.0,7.0,1.0,7,297.0,174,267.0,201
2026-2985,Crete 2,Hard,32,C,20260309.0,28,GA79,1.0,,Lorenzo Giustino,R,180.0,ITA,34.494,DC76,,,Viktor Durasovic,R,185.0,NOR,28.972,6-7(5) 6-4 6-3,3,R32,174.0,4.0,4.0,107,66.0,50,16.0,15.0,7.0,10.0,2.0,7.0,101.0,55.0,35.0,23.0,16.0,4.0,10,204.0,292,455.0,100
2026-2985,Crete 2,Hard,32,C,20260309.0,27,S0NV,,,Abdullah Shelbayh,L,180.0,JOR,22.311,BV25,,,Javier Barranco Cosano,L,180.0,ESP,27.307,6-2 4-2 RET,3,R32,79.0,4.0,2.0,39,22.0,20,10.0,7.0,1.0,1.0,1.0,2.0,52.0,34.0,20.0,7.0,7.0,10.0,13,319.0,156,373.0,126
2026-2985,Crete 2,Hard,32,C,20260309.0,26,RG42,,,Alex Rybakov,L,185.0,USA,29.112,X01C,,,Ioannis Xilas,R,178.0,GRE,24.824,6-3 6-2,3,R32,101.0,4.0,5.0,66,43.0,30,11.0,9.0,3.0,4.0,0.0,4.0,46.0,25.0,15.0,9.0,8.0,4.0,8,304.0,167,363.0,132
2026-9167,Phoenix,Hard,32,C,20260309.0,26,HD68,,,Billy Harris,R,193.0,GBR,31.118,V832,,,Aleksandar Vukic,R,188.0,AUS,29.922,7-6(6) 7-6(3),3,R32,129.0,8.0,1.0,98,53.0,44,21.0,12.0,4.0,5.0,7.0,5.0,80.0,45.0,36.0,19.0,12.0,0.0,1,151.0,406,89.0,656
2026-9167,Phoenix,Hard,32,C,20260309.0,25,D994,,,James Duckworth,R,183.0,AUS,34.13,SL28,,,Jan Lennard Struff,R,193.0,GER,35.871,6-7(3) 6-4 6-4,3,R32,139.0,11.0,6.0,111,66.0,52,22.0,16.0,7.0,7.0,10.0,4.0,111.0,63.0,47.0,26.0,16.0,9.0,11,83.0,691,80.0,719
2026-9167,Phoenix,Hard,32,C,20260309.0,24,BM95,,,Benjamin Bonzi,R,183.0,FRA,29.747,BI81,,,Alex Bolt,L,183.0,AUS,33.172,3-6 6-3 7-6(4),3,R32,110.0,5.0,1.0,86,62.0,47,17.0,15.0,2.0,3.0,7.0,1.0,85.0,49.0,39.0,22.0,15.0,3.0,4,111.0,564,167.0,369
2026-9167,Phoenix,Hard,32,C,20260309.0,23,GC88,7.0,,Marcos Giron,R,180.0,USA,32.624,M0N7,,,Daniel Merida,R,188.0,ESP,21.448,6-0 6-1,3,R32,45.0,4.0,0.0,38,27.0,21,7.0,6.0,3.0,3.0,0.0,3.0,38.0,23.0,7.0,5.0,7.0,4.0,10,69.0,780,139.0,432
2026-9167,Phoenix,Hard,32,C,20260309.0,22,B0NO,,,Darwin Blanch,L,185.0,USA,18.445,A0GC,5.0,,Terence Atmane,L,193.0,FRA,24.162,6-4 6-4,3,R32,76.0,16.0,2.0,62,34.0,28,17.0,10.0,3.0,3.0,7.0,0.0,61.0,34.0,21.0,17.0,10.0,1.0,3,287.0,181,52.0,958
2026-9167,Phoenix,Hard,32,C,20260309.0,21,HB64,,,Quentin Halys,R,191.0,FRA,29.366,TA12,,,Stefano Travaglia,R,185.0,ITA,34.196,4-6 7-6(3) 7-6(5),3,R32,174.0,8.0,6.0,117,73.0,60,20.0,17.0,9.0,11.0,16.0,4.0,128.0,74.0,58.0,26.0,17.0,11.0,12,102.0,600,166.0,370
2026-9167,Phoenix,Hard,32,C,20260309.0,20,H0JL,,,Jay Friend,R,185.0,JPN,22.212,KE64,,,Stefan Kozlov,R,183.0,USA,28.099,6-2 4-6 6-3,3,R32,143.0,2.0,4.0,98,73.0,45,11.0,14.0,8.0,12.0,5.0,6.0,90.0,54.0,32.0,15.0,13.0,8.0,14,489.0,88,270.0,195
2026-9167,Phoenix,Hard,32,C,20260309.0,19,C0H0,,,Arthur Cazaux,R,183.0,FRA,23.543,F0BY,,,Jacob Fearnley,R,183.0,GBR,24.649,6-2 3-6 6-1,3,R32,108.0,3.0,1.0,74,44.0,30,19.0,12.0,5.0,7.0,3.0,2.0,65.0,44.0,27.0,9.0,12.0,4.0,9,76.0,741,87.0,662
2026-9167,Phoenix,Hard,32,C,20260309.0,18,B0I5,,,Blaise Bicknell,R,191.0,JAM,24.282,KC12,,,Mitchell Krueger,R,188.0,USA,32.153,7-6(5) 5-7 6-4,3,R32,153.0,9.0,7.0,111,78.0,55,18.0,17.0,5.0,7.0,1.0,2.0,116.0,73.0,51.0,23.0,17.0,3.0,5,475.0,94,255.0,214
2026-9167,Phoenix,Hard,32,C,20260309.0,17,Q02L,8.0,,Ethan Quinn,R,191.0,USA,21.99,S0H2,,,Alexander Shevchenko,R,188.0,KAZ,25.273,6-7(4) 6-4 6-2,3,R32,131.0,11.0,4.0,101,69.0,49,17.0,15.0,6.0,7.0,4.0,2.0,111.0,59.0,43.0,21.0,15.0,10.0,14,73.0,761,88.0,659
2026-9167,Phoenix,Hard,32,C,20260309.0,16,BG23,,,Nikoloz Basilashvili,R,185.0,GEO,34.04,MQ75,6.0,,Kamil Majchrzak,R,183.0,POL,30.152,7-6(3) 6-3,3,R32,91.0,8.0,5.0,66,34.0,30,19.0,11.0,3.0,4.0,7.0,0.0,84.0,50.0,33.0,16.0,10.0,6.0,8,133.0,464,57.0,895
2026-9167,Phoenix,Hard,32,C,20260309.0,15,HD68,,,Billy Harris,R,193.0,GBR,31.118,B0NO,,,Darwin Blanch,L,185.0,USA,18.445,3-6 7-6(5) 7-6(6),3,R16,170.0,7.0,3.0,102,66.0,52,19.0,16.0,3.0,5.0,11.0,7.0,127.0,81.0,62.0,22.0,17.0,7.0,8,151.0,406,287.0,181
2026-9167,Phoenix,Hard,32,C,20260309.0,14,BM95,,,Benjamin Bonzi,R,183.0,FRA,29.747,R0FS,,,Leandro Riedi,R,191.0,SUI,24.112,6-3 6-3,3,R16,63.0,2.0,1.0,53,38.0,32,7.0,9.0,1.0,1.0,4.0,3.0,50.0,31.0,19.0,8.0,9.0,3.0,6,111.0,564,172.0,356
2026-9167,Phoenix,Hard,32,C,20260309.0,13,BG23,,,Nikoloz Basilashvili,R,185.0,GEO,34.04,C0H0,,,Arthur Cazaux,R,183.0,FRA,23.543,W/O,3,R16,,,,,,,,,,,,,,,,,,,,133.0,464,76.0,741
2026-9167,Phoenix,Hard,32,C,20260309.0,12,Q02L,8.0,,Ethan Quinn,R,191.0,USA,21.99,MP01,,,Michael Mmoh,R,188.0,USA,28.159,6-1 6-3,3,R16,64.0,4.0,1.0,46,30.0,24,10.0,8.0,2.0,2.0,7.0,6.0,48.0,32.0,21.0,5.0,8.0,2.0,6,73.0,761,359.0,133
2026-9167,Phoenix,Hard,32,C,20260309.0,11,GC88,7.0,,Marcos Giron,R,180.0,USA,32.624,H0JL,,,Jay Friend,R,185.0,JPN,22.212,7-5 4-6 7-6(9),3,R16,140.0,3.0,1.0,100,59.0,49,26.0,17.0,2.0,3.0,11.0,2.0,111.0,68.0,52.0,25.0,17.0,4.0,5,69.0,780,489.0,88
2026-2975,Punto Cana,Hard,32,C,20260309.0,15,B0PG,,,Alexander Blockx,R,193.0,BEL,20.917,S0GD,,,Dalibor Svrcina,R,178.0,CZE,23.433,7-6(3) 6-7(8) 6-3,3,R16,177.0,9.0,3.0,123,64.0,42,29.0,17.0,6.0,11.0,1.0,10.0,121.0,73.0,40.0,24.0,16.0,3.0,9,97.0,626,109.0,569
2026-2975,Punto Cana,Hard,32,C,20260309.0,14,W09E,8.0,,Adam Walton,R,183.0,AUS,26.894,AG08,,,Andres Andrade,R,180.0,ECU,27.233,6-4 6-2,3,R16,66.0,6.0,1.0,42,23.0,22,14.0,9.0,0.0,0.0,1.0,1.0,51.0,32.0,20.0,9.0,9.0,1.0,4,91.0,650,236.0,239
2026-2975,Punto Cana,Hard,32,C,20260309.0,13,N0BS,6.0,,Mariano Navone,R,178.0,ARG,25.027,M0HU,,,Shintaro Mochizuki,R,175.0,JPN,22.768,6-4 7-5,3,R16,94.0,0.0,3.0,60,44.0,29,9.0,11.0,2.0,5.0,0.0,3.0,66.0,47.0,24.0,12.0,11.0,5.0,10,79.0,725,130.0,474
2026-2975,Punto Cana,Hard,32,C,20260309.0,12,C0JP,5.0,,Raphael Collignon,R,191.0,BEL,24.151,V0DZ,,,Luca Van Assche,R,178.0,FRA,21.826,7-5 6-4,3,R16,109.0,6.0,5.0,65,33.0,27,17.0,11.0,3.0,4.0,1.0,2.0,66.0,42.0,27.0,11.0,11.0,0.0,3,77.0,733,105.0,590
2026-2975,Punto Cana,Hard,32,C,20260309.0,11,B0GG,,,Mattia Bellucci,L,175.0,ITA,24.769,HB71,4.0,,Hubert Hurkacz,R,196.0,POL,29.07,6-2 6-4,3,R16,77.0,2.0,1.0,48,31.0,20,10.0,9.0,0.0,2.0,3.0,1.0,61.0,38.0,20.0,10.0,9.0,7.0,12,94.0,640,71.0,775
2026-2975,Punto Cana,Hard,32,C,20260309.0,10,W0BH,,,Coleman Wong,R,191.0,HKG,21.755,D923,3.0,,Damir Dzumhur,R,175.0,BIH,33.802,3-6 6-4 6-2,3,R16,131.0,8.0,7.0,102,46.0,33,26.0,14.0,7.0,10.0,1.0,3.0,81.0,46.0,28.0,18.0,13.0,5.0,9,123.0,528,64.0,840
2026-2975,Punto Cana,Hard,32,C,20260309.0,9,R0EB,2.0,,Valentin Royer,R,188.0,FRA,24.778,BD06,,,Roberto Bautista Agut,R,183.0,ESP,37.9,6-4 7-6(5),3,R16,124.0,11.0,2.0,82,47.0,37,18.0,11.0,4.0,5.0,3.0,3.0,76.0,49.0,35.0,13.0,11.0,4.0,6,60.0,872,93.0,645
2026-2975,Punto Cana,Hard,32,C,20260309.0,8,KI95,1.0,,Miomir Kecmanovic,R,183.0,SRB,26.522,MK66,,,Mackenzie Mcdonald,R,178.0,USA,30.897,6-4 7-6(4),3,R16,91.0,8.0,1.0,74,39.0,28,19.0,11.0,3.0,5.0,2.0,3.0,75.0,55.0,35.0,9.0,11.0,3.0,6,58.0,875,126.0,498
2026-2975,Punto Cana,Hard,32,C,20260309.0,7,B0PG,,,Alexander Blockx,R,193.0,BEL,20.917,W0BH,,,Coleman Wong,R,191.0,HKG,21.755,4-6 7-5 6-3,3,QF,150.0,8.0,4.0,101,55.0,44,26.0,16.0,7.0,8.0,10.0,4.0,109.0,56.0,42.0,28.0,15.0,12.0,14,97.0,626,123.0,528
2026-2975,Punto Cana,Hard,32,C,20260309.0,6,B0GG,,,Mattia Bellucci,L,175.0,ITA,24.769,C0JP,5.0,,Raphael Collignon,R,191.0,BEL,24.151,6-4 6-2,3,QF,86.0,3.0,4.0,52,29.0,23,13.0,9.0,6.0,7.0,6.0,8.0,54.0,27.0,22.0,7.0,9.0,1.0,5,94.0,640,77.0,733
2026-2975,Punto Cana,Hard,32,C,20260309.0,5,N0BS,6.0,,Mariano Navone,R,178.0,ARG,25.027,R0EB,2.0,,Valentin Royer,R,188.0,FRA,24.778,6-2 7-6(5),3,QF,117.0,1.0,2.0,66,46.0,27,14.0,10.0,3.0,5.0,4.0,4.0,76.0,47.0,27.0,13.0,10.0,4.0,8,79.0,725,60.0,872
2026-2975,Punto Cana,Hard,32,C,20260309.0,4,W09E,8.0,,Adam Walton,R,183.0,AUS,26.894,KI95,1.0,,Miomir Kecmanovic,R,183.0,SRB,26.522,2-6 7-5 6-2,3,QF,124.0,6.0,6.0,79,40.0,29,16.0,14.0,2.0,7.0,8.0,7.0,98.0,55.0,33.0,16.0,14.0,10.0,16,91.0,650,58.0,875
2026-2975,Punto Cana,Hard,32,C,20260309.0,3,B0GG,,,Mattia Bellucci,L,175.0,ITA,24.769,W09E,8.0,,Adam Walton,R,183.0,AUS,26.894,6-3 7-5,3,SF,96.0,11.0,2.0,69,45.0,36,11.0,11.0,5.0,6.0,4.0,0.0,54.0,35.0,21.0,13.0,10.0,4.0,7,94.0,640,91.0,650
2026-2975,Punto Cana,Hard,32,C,20260309.0,2,N0BS,6.0,,Mariano Navone,R,178.0,ARG,25.027,B0PG,,,Alexander Blockx,R,193.0,BEL,20.917,3-6 6-3 7-6(3),3,SF,165.0,0.0,1.0,115,88.0,56,15.0,15.0,4.0,7.0,6.0,1.0,91.0,46.0,34.0,22.0,15.0,0.0,3,79.0,725,97.0,626
2026-2975,Punto Cana,Hard,32,C,20260309.0,1,N0BS,6.0,,Mariano Navone,R,178.0,ARG,25.027,B0GG,,,Mattia Bellucci,L,175.0,ITA,24.769,7-5 6-4,3,F,125.0,0.0,0.0,63,44.0,28,10.0,11.0,4.0,7.0,4.0,3.0,70.0,39.0,27.0,10.0,11.0,6.0,11,79.0,725,94.0,640
2026-9167,Phoenix,Hard,32,C,20260309.0,27,MP01,,,Michael Mmoh,R,188.0,USA,28.159,N0AM,,,Emilio Nava,R,185.0,USA,24.266,6-2 7-6(3),3,R32,117.0,2.0,6.0,83,53.0,41,10.0,10.0,3.0,5.0,4.0,2.0,71.0,52.0,31.0,9.0,10.0,5.0,9,359.0,133,75.0,753
2026-2975,Punto Cana,Hard,32,C,20260309.0,27,B0PG,,,Alexander Blockx,R,193.0,BEL,20.917,CF88,,,Roberto Cid Subervi,R,193.0,DOM,32.523,6-0 7-5,3,R32,89.0,5.0,1.0,59,37.0,30,7.0,9.0,5.0,6.0,1.0,1.0,67.0,36.0,18.0,15.0,9.0,4.0,9,97.0,626,435.0,106
2026-2975,Punto Cana,Hard,32,C,20260309.0,26,B0GG,,,Mattia Bellucci,L,175.0,ITA,24.769,M0IF,,,Francesco Maestrelli,R,196.0,ITA,23.214,6-1 6-1,3,R32,63.0,3.0,2.0,37,24.0,19,9.0,7.0,0.0,0.0,1.0,8.0,45.0,26.0,16.0,4.0,7.0,4.0,9,94.0,640,114.0,553
2026-2975,Punto Cana,Hard,32,C,20260309.0,25,W09E,8.0,,Adam Walton,R,183.0,AUS,26.894,J551,,,Nicolas Jarry,R,201.0,CHI,30.409,7-6(5) 6-1,3,R32,91.0,5.0,4.0,60,35.0,25,16.0,10.0,1.0,2.0,7.0,2.0,61.0,32.0,24.0,9.0,9.0,0.0,3,91.0,650,154.0,391
2026-2975,Punto Cana,Hard,32,C,20260309.0,24,C0JP,5.0,,Raphael Collignon,R,191.0,BEL,24.151,BS86,,,Tomas Barrios Vera,R,191.0,CHI,28.244,7-6(4) 6-3,3,R32,112.0,4.0,5.0,71,44.0,34,14.0,11.0,1.0,3.0,4.0,2.0,77.0,49.0,31.0,12.0,10.0,8.0,11,77.0,733,115.0,551
2026-2975,Punto Cana,Hard,32,C,20260309.0,23,W0BH,,,Coleman Wong,R,191.0,HKG,21.755,B0FV,,,Roman Andres Burruchaga,R,183.0,ARG,24.123,4-6 6-3 6-4,3,R32,134.0,8.0,6.0,97,58.0,42,17.0,15.0,5.0,8.0,5.0,5.0,86.0,54.0,35.0,15.0,14.0,4.0,8,123.0,528,98.0,617
2026-2975,Punto Cana,Hard,32,C,20260309.0,22,V0DZ,,,Luca Van Assche,R,178.0,FRA,21.826,S0N0,,,Tristan Schoolkate,R,183.0,AUS,25.029,6-3 6-3,3,R32,84.0,4.0,4.0,51,38.0,28,8.0,9.0,2.0,3.0,2.0,4.0,55.0,25.0,20.0,11.0,9.0,3.0,7,105.0,590,118.0,547
2026-2975,Punto Cana,Hard,32,C,20260309.0,21,M0HU,,,Shintaro Mochizuki,R,175.0,JPN,22.768,M0AW,,,Nicolas Mejia,R,183.0,COL,26.073,6-2 6-2,3,R32,83.0,3.0,1.0,44,20.0,15,15.0,8.0,1.0,2.0,3.0,3.0,55.0,31.0,17.0,8.0,8.0,2.0,7,130.0,474,181.0,338
2026-2975,Punto Cana,Hard,32,C,20260309.0,20,MK66,,,Mackenzie Mcdonald,R,178.0,USA,30.897,L0IL,,,Martin Landaluce,R,193.0,ESP,20.164,3-6 6-2 7-5,3,R32,140.0,4.0,5.0,100,58.0,37,21.0,15.0,6.0,10.0,2.0,3.0,87.0,55.0,37.0,13.0,14.0,5.0,10,126.0,498,155.0,391
2026-2975,Punto Cana,Hard,32,C,20260309.0,19,BD06,,,Roberto Bautista Agut,R,183.0,ESP,37.9,GB88,,,David Goffin,R,180.0,BEL,35.253,6-1 6-4,3,R32,72.0,2.0,5.0,53,32.0,21,11.0,9.0,2.0,5.0,2.0,2.0,40.0,17.0,7.0,7.0,8.0,1.0,7,93.0,645,143.0,415
2026-2975,Punto Cana,Hard,32,C,20260309.0,18,AG08,,,Andres Andrade,R,180.0,ECU,27.233,T0AP,,,Chun Hsin Tseng,R,175.0,TPE,24.583,6-4 6-4,3,R32,86.0,1.0,2.0,59,39.0,31,8.0,10.0,0.0,1.0,1.0,2.0,58.0,35.0,24.0,13.0,10.0,2.0,5,236.0,239,144.0,414
2026-2975,Punto Cana,Hard,32,C,20260309.0,17,S0GD,,,Dalibor Svrcina,R,178.0,CZE,23.433,GD64,7.0,,Cristian Garin,R,185.0,CHI,29.774,6-4 6-4,3,R32,99.0,0.0,0.0,61,38.0,28,11.0,10.0,2.0,5.0,1.0,5.0,67.0,40.0,24.0,9.0,10.0,3.0,8,109.0,569,90.0,656
2026-2975,Punto Cana,Hard,32,C,20260309.0,16,N0BS,6.0,,Mariano Navone,R,178.0,ARG,25.027,H0A4,,,Nick Hardt,R,185.0,DOM,25.465,6-7(3) 6-2 6-2,3,R32,161.0,2.0,1.0,86,54.0,35,20.0,14.0,1.0,3.0,0.0,2.0,95.0,57.0,32.0,19.0,14.0,9.0,15,79.0,725,612.0,60
2026-2915,Kigali 2,Clay,32,C,20260309.0,22,C0JX,,,Sean Cuenin,R,183.0,FRA,22.059,P0JG,,,Gabriele Pennaforti,R,191.0,ITA,25.481,6-2 7-6(3),3,R32,99.0,2.0,2.0,55,30.0,23,17.0,10.0,0.0,1.0,4.0,8.0,69.0,45.0,29.0,9.0,10.0,2.0,5,341.0,143,613.0,60
2026-2915,Kigali 2,Clay,32,C,20260309.0,21,CF01,8.0,,Marco Cecchinato,R,185.0,ITA,33.437,I327,,,Guy Orly Iradukunda,R,191.0,BDI,29.966,6-0 6-2,3,R32,44.0,1.0,1.0,30,24.0,23,5.0,7.0,0.0,0.0,1.0,3.0,51.0,30.0,13.0,10.0,7.0,2.0,7,225.0,251,,
2026-2915,Kigali 2,Clay,32,C,20260309.0,20,N679,,,Stefano Napolitano,R,196.0,ITA,30.91,S0WT,7.0,,Joel Schwaerzler,L,188.0,AUT,20.112,7-6(13) 7-6(4),3,R32,121.0,13.0,0.0,80,51.0,47,16.0,12.0,0.0,0.0,13.0,4.0,87.0,46.0,35.0,27.0,12.0,2.0,2,422.0,111,214.0,272
2026-2915,Kigali 2,Clay,32,C,20260309.0,6,KH56,5.0,,Zdenek Kolar,R,183.0,CZE,29.413,J09X,,,Filip Cristian Jianu,R,180.0,ROU,24.471,7-6(8) 7-6(1),3,QF,119.0,6.0,3.0,77,57.0,42,14.0,12.0,1.0,3.0,6.0,1.0,84.0,58.0,34.0,18.0,12.0,3.0,5,197.0,308,252.0,219
2026-2915,Kigali 2,Clay,32,C,20260309.0,5,G0IX,2.0,,Arthur Gea,R,180.0,FRA,21.18,N679,,,Stefano Napolitano,R,196.0,ITA,30.91,6-3 6-4,3,QF,102.0,8.0,3.0,78,41.0,30,19.0,10.0,3.0,4.0,2.0,3.0,54.0,32.0,20.0,12.0,9.0,1.0,4,161.0,377,422.0,111
2026-2915,Kigali 2,Clay,32,C,20260309.0,4,TA29,1.0,,Marco Trungelliti,R,178.0,ARG,36.101,H0CX,,,Max Houkes,L,188.0,NED,25.681,6-7(6) 7-6(5) 6-3,3,QF,213.0,7.0,5.0,124,77.0,56,25.0,17.0,7.0,10.0,11.0,5.0,135.0,92.0,60.0,23.0,16.0,12.0,16,132.0,465,245.0,228
2026-2909,Asuncion,Clay,32,C,20260316.0,3,HG90,,,Conner Huertas Del Pino,R,188.0,PER,30.237,R0GO,3.0,,Henrique Rocha,R,180.0,POR,21.941,7-5 7-5,3,R32,118.0,5.0,0.0,68,44.0,31,15.0,12.0,5.0,7.0,0.0,4.0,80.0,53.0,32.0,14.0,12.0,3.0,7,727.0,42,131.0,483
2026-2909,Asuncion,Clay,32,C,20260316.0,2,F0F2,2.0,,Jaime Faria,R,188.0,POR,22.609,O660,,,Genaro Alberto Olivieri,R,175.0,ARG,27.614,6-3 2-6 6-3,3,R32,139.0,10.0,9.0,86,48.0,31,19.0,13.0,8.0,12.0,3.0,0.0,100.0,79.0,47.0,8.0,13.0,9.0,14,157.0,381,192.0,312
2026-2909,Asuncion,Clay,32,C,20260316.0,4,R0A7,5.0,,Joao Lucas Reis Da Silva,R,178.0,BRA,25.971,S0IV,,,Paulo Andre Saraiva Dos Santos,R,180.0,BRA,25.728,7-6(5) 1-6 6-3,3,R32,152.0,2.0,0.0,89,64.0,41,14.0,14.0,6.0,11.0,6.0,2.0,87.0,57.0,39.0,17.0,14.0,5.0,9,211.0,281,594.0,63
2026-6963,Morelos,Hard,32,C,20260316.0,20,Z0AK,,,Tyler Zink,R,185.0,USA,25.123,T0I3,,,Miguel Tobon,R,188.0,COL,,7-6(5) 4-6 6-3,3,R16,110.0,14.0,2.0,87,55.0,47,21.0,16.0,1.0,2.0,7.0,6.0,98.0,63.0,44.0,21.0,15.0,1.0,2,331.0,150,559.0,69
2026-6963,Morelos,Hard,32,C,20260316.0,19,P0J1,,,Rodrigo Pacheco Mendez,L,191.0,MEX,20.89,S0W8,,,Aryan Shah,R,183.0,IND,20.315,6-1 RET,3,R16,23.0,4.0,0.0,13,7.0,7,5.0,3.0,0.0,0.0,0.0,4.0,19.0,9.0,5.0,2.0,4.0,1.0,4,303.0,170,410.0,113
2026-6963,Morelos,Hard,32,C,20260316.0,4,KE64,7.0,,Stefan Kozlov,R,183.0,USA,28.118,M0HD,,,Alan Magadan,R,183.0,MEX,24.805,6-4 6-4,3,R32,90.0,7.0,7.0,67,38.0,28,15.0,10.0,4.0,6.0,4.0,1.0,56.0,33.0,23.0,8.0,10.0,0.0,4,269.0,195,814.0,32
2026-6963,Morelos,Hard,32,C,20260316.0,3,HH06,5.0,,Marc Andrea Huesler,L,196.0,SUI,29.725,Y0AB,,,Takeru Yuzuki,L,196.0,JPN,27.48,4-6 6-3 6-4,3,R32,100.0,11.0,3.0,74,38.0,34,24.0,15.0,2.0,3.0,11.0,7.0,88.0,53.0,37.0,19.0,14.0,0.0,2,216.0,262,1444.0,4
2026-9472,Zadar,Clay,32,C,20260316.0,31,TA12,4.0,,Stefano Travaglia,R,185.0,ITA,34.215,G0IX,3.0,,Arthur Gea,R,180.0,FRA,21.199,2-1 RET,3,F,15.0,1.0,0.0,8,6.0,5,2.0,1.0,0.0,0.0,0.0,1.0,16.0,11.0,6.0,2.0,2.0,1.0,2s,162.0,370,143.0,417
2026-9472,Zadar,Clay,32,C,20260316.0,30,TA12,4.0,,Stefano Travaglia,R,185.0,ITA,34.215,D0L3,7.0,,Matej Dodig,R,188.0,CRO,20.657,7-6(3) 6-3,3,SF,108.0,7.0,0.0,67,36.0,29,20.0,11.0,3.0,5.0,1.0,2.0,75.0,56.0,29.0,11.0,10.0,8.0,11,162.0,370,214.0,271
2026-9472,Zadar,Clay,32,C,20260316.0,29,G0IX,3.0,,Arthur Gea,R,180.0,FRA,21.199,J0AZ,2.0,,Kyrian Jacquet,R,175.0,FRA,24.846,6-7(4) 7-6(2) 6-1,3,SF,185.0,2.0,3.0,131,84.0,59,23.0,16.0,7.0,9.0,6.0,4.0,111.0,59.0,37.0,29.0,15.0,9.0,13,143.0,417,145.0,407
2026-9472,Zadar,Clay,32,C,20260316.0,28,D0L3,7.0,,Matej Dodig,R,188.0,CRO,20.657,A0CJ,,,Duje Ajdukovic,R,188.0,CRO,25.106,6-3 6-3,3,QF,77.0,1.0,0.0,50,30.0,22,16.0,9.0,1.0,1.0,3.0,1.0,59.0,43.0,28.0,6.0,9.0,3.0,6,214.0,271,315.0,161
2026-9472,Zadar,Clay,32,C,20260316.0,27,TA12,4.0,,Stefano Travaglia,R,185.0,ITA,34.215,MV14,5.0,,Alex Molcan,L,178.0,SVK,28.287,6-2 RET,3,QF,39.0,1.0,0.0,28,15.0,10,8.0,4.0,0.0,1.0,0.0,1.0,30.0,23.0,10.0,1.0,4.0,3.0,6,162.0,370,200.0,302
2026-9472,Zadar,Clay,32,C,20260316.0,26,G0IX,3.0,,Arthur Gea,R,180.0,FRA,21.199,N0CS,8.0,,Lukas Neumayer,R,183.0,AUT,23.524,7-6(1) 4-6 6-3,3,QF,183.0,8.0,6.0,109,62.0,42,19.0,15.0,12.0,18.0,1.0,2.0,119.0,76.0,38.0,25.0,16.0,8.0,15,143.0,417,225.0,247
2026-9472,Zadar,Clay,32,C,20260316.0,25,J0AZ,2.0,,Kyrian Jacquet,R,175.0,FRA,24.846,F0BT,,,Jonas Forejtek,R,183.0,CZE,25.016,7-6(3) 6-2,3,QF,93.0,3.0,2.0,57,39.0,28,11.0,10.0,2.0,4.0,1.0,2.0,87.0,64.0,35.0,9.0,10.0,11.0,15,145.0,407,343.0,142
2026-9472,Zadar,Clay,32,C,20260316.0,24,F0BT,,,Jonas Forejtek,R,183.0,CZE,25.016,N0DB,,,Andrej Nedic,R,185.0,BIH,21.413,6-3 6-4,3,R16,86.0,1.0,0.0,56,37.0,27,13.0,10.0,5.0,6.0,1.0,2.0,75.0,51.0,26.0,15.0,9.0,7.0,10,343.0,142,296.0,174
2026-9472,Zadar,Clay,32,C,20260316.0,20,N0CS,8.0,,Lukas Neumayer,R,183.0,AUT,23.524,F840,,,Nerman Fatic,R,191.0,BIH,31.392,4-6 6-3 6-4,3,R16,163.0,2.0,4.0,99,59.0,41,21.0,14.0,6.0,8.0,6.0,4.0,93.0,56.0,41.0,16.0,15.0,7.0,11,225.0,247,234.0,237
2026-9472,Zadar,Clay,32,C,20260316.0,19,MV14,5.0,,Alex Molcan,L,178.0,SVK,28.287,A0EA,,,Max Alcala Gurri,R,178.0,ESP,23.51,1-6 6-3 6-2,3,R16,137.0,1.0,1.0,94,62.0,42,12.0,12.0,9.0,12.0,0.0,3.0,82.0,62.0,40.0,8.0,12.0,5.0,9,200.0,302,369.0,125
2026-9472,Zadar,Clay,32,C,20260316.0,18,TA12,4.0,,Stefano Travaglia,R,185.0,ITA,34.215,S0AK,,,Henri Squire,R,196.0,GER,25.465,6-3 6-2,3,R16,71.0,6.0,1.0,54,34.0,26,10.0,9.0,3.0,5.0,0.0,3.0,48.0,34.0,15.0,6.0,8.0,0.0,5,162.0,370,258.0,207
2026-9472,Zadar,Clay,32,C,20260316.0,17,G0IX,3.0,,Arthur Gea,R,180.0,FRA,21.199,M0E1,,,Daniel Michalski,R,180.0,POL,26.177,6-3 7-6(4),3,R16,127.0,4.0,3.0,77,44.0,34,15.0,11.0,4.0,6.0,0.0,2.0,77.0,58.0,36.0,5.0,10.0,5.0,8,143.0,417,264.0,201
2026-9472,Zadar,Clay,32,C,20260316.0,16,N0DB,,,Andrej Nedic,R,185.0,BIH,21.413,I0BV,,,Emanuel Ivanisevic,,,,,7-5 6-2,3,R32,75.0,2.0,1.0,52,32.0,26,12.0,10.0,0.0,1.0,3.0,4.0,59.0,38.0,22.0,10.0,10.0,2.0,6,296.0,174,1478.0,4
2026-9472,Zadar,Clay,32,C,20260316.0,15,J0AZ,2.0,,Kyrian Jacquet,R,175.0,FRA,24.846,SO20,,,Jelle Sels,R,188.0,NED,30.598,6-0 4-6 6-0,3,R32,118.0,2.0,1.0,75,43.0,27,16.0,11.0,6.0,9.0,2.0,2.0,83.0,53.0,25.0,9.0,11.0,7.0,15,145.0,407,449.0,101
2026-9472,Zadar,Clay,32,C,20260316.0,14,DG80,,,Enrico Dalla Valle,,,,,P09O,1.0,,Zsombor Piros,R,180.0,HUN,26.423,6-1 7-6(4),3,R32,97.0,0.0,1.0,68,51.0,33,11.0,10.0,4.0,6.0,2.0,1.0,63.0,48.0,27.0,6.0,9.0,3.0,7,472.0,94,148.0,402
2026-9472,Zadar,Clay,32,C,20260316.0,13,S0AK,,,Henri Squire,R,196.0,GER,25.465,P0CY,,,Stefan Palosi,R,180.0,ROU,26.13,6-4 5-3 RET,3,R32,80.0,2.0,4.0,77,60.0,38,9.0,9.0,8.0,9.0,1.0,2.0,47.0,35.0,22.0,7.0,9.0,0.0,3,258.0,207,396.0,118
2026-9472,Zadar,Clay,32,C,20260316.0,12,PI96,,,Sergi Perez Contri,L,175.0,ESP,28.151,S0UM,,,Josip Simundza,L,196.0,CRO,21.235,6-1 6-1,3,R32,72.0,0.0,1.0,40,29.0,21,5.0,7.0,0.0,1.0,1.0,1.0,49.0,31.0,11.0,7.0,7.0,9.0,15,572.0,67,731.0,42
2026-9472,Zadar,Clay,32,C,20260316.0,11,M0E1,,,Daniel Michalski,R,180.0,POL,26.177,P0HY,,,Samuele Pieri,,,,,6-3 6-0,3,R32,90.0,1.0,1.0,57,39.0,24,9.0,8.0,5.0,7.0,0.0,2.0,49.0,33.0,13.0,6.0,7.0,4.0,10,264.0,201,490.0,88
2026-9472,Zadar,Clay,32,C,20260316.0,10,K0FY,,,Martin Krumich,R,188.0,CZE,23.22,S0LR,,,John Sperle,L,175.0,GER,24.123,7-5 6-4,3,R32,92.0,6.0,2.0,65,50.0,33,3.0,11.0,3.0,7.0,1.0,1.0,58.0,44.0,20.0,7.0,11.0,3.0,9,335.0,148,819.0,32
2026-9472,Zadar,Clay,32,C,20260316.0,9,F840,,,Nerman Fatic,R,191.0,BIH,31.392,P0K4,,,Tiago Pereira,R,0.0,PRT,21.736,7-5 6-2,3,R32,89.0,2.0,3.0,61,34.0,22,17.0,10.0,1.0,3.0,0.0,0.0,59.0,39.0,20.0,10.0,10.0,5.0,10,234.0,237,273.0,192
2026-9472,Zadar,Clay,32,C,20260316.0,8,A0EA,,,Max Alcala Gurri,R,178.0,ESP,23.51,C0GU,,,Matyas Cerny,R,178.0,CZE,24.416,6-2 6-2,3,R32,79.0,0.0,2.0,42,31.0,23,7.0,8.0,0.0,1.0,0.0,3.0,45.0,25.0,12.0,7.0,8.0,3.0,8,369.0,125,729.0,42
2026-2909,Asuncion,Clay,32,C,20260316.0,17,R0BT,,,Franco Roncadelli,L,185.0,URU,26.105,V0DP,1.0,,Adolfo Daniel Vallejo,R,183.0,PAR,21.881,6-3 6-4,3,R16,109.0,3.0,2.0,66,42.0,25,14.0,10.0,5.0,7.0,3.0,2.0,64.0,45.0,26.0,9.0,9.0,1.0,5,332.0,150,97.0,637
2026-2909,Asuncion,Clay,32,C,20260316.0,16,V836,,,Juan Pablo Varillas,R,185.0,PER,30.442,KE69,,,Mariano Kestelboim,R,185.0,ARG,30.105,6-0 6-4,3,R32,81.0,0.0,0.0,53,31.0,24,10.0,8.0,1.0,2.0,2.0,0.0,53.0,33.0,20.0,6.0,8.0,7.0,12,288.0,179,482.0,90
2026-2909,Asuncion,Clay,32,C,20260316.0,15,M0OH,,,Lautaro Midon,R,180.0,ARG,21.963,V821,,,Gonzalo Villanueva,R,175.0,ARG,31.17,7-5 6-3,3,R32,86.0,8.0,0.0,64,46.0,35,9.0,11.0,3.0,4.0,0.0,0.0,52.0,31.0,20.0,12.0,10.0,1.0,4,223.0,250,361.0,129
2026-2909,Asuncion,Clay,32,C,20260316.0,14,DC48,,,Murkel Dellien,R,193.0,BOL,28.496,N0FT,,,Alex Santino Nuñez Vera,,,,,6-3 6-2,3,R32,95.0,2.0,6.0,54,29.0,25,13.0,8.0,5.0,5.0,2.0,4.0,58.0,35.0,22.0,9.0,9.0,3.0,7,298.0,174,,
2026-2909,Asuncion,Clay,32,C,20260316.0,13,B0GR,8.0,,Gonzalo Bueno,R,173.0,PER,21.949,D0OU,,,João Pedro Didoni Bonini,,,,,6-2 7-5,3,R32,91.0,1.0,1.0,58,38.0,29,10.0,10.0,0.0,1.0,0.0,3.0,61.0,36.0,24.0,8.0,10.0,4.0,8,213.0,279,1942.0,1
2026-2909,Asuncion,Clay,32,C,20260316.0,12,P0IY,7.0,,Juan Carlos Prado Angelo,R,185.0,BOL,21.027,J0AW,,,Guido Ivan Justo,R,178.0,ARG,28.244,6-3 6-4,3,R32,106.0,4.0,1.0,59,32.0,25,16.0,10.0,3.0,4.0,0.0,0.0,67.0,40.0,24.0,14.0,9.0,8.0,11,206.0,288,278.0,185
2026-2909,Asuncion,Clay,32,C,20260316.0,11,B0GY,4.0,,Alex Barrena,R,175.0,ARG,23.431,K0DB,,,Cannon Kingsley,R,191.0,USA,24.86,7-5 6-3,3,R32,100.0,9.0,3.0,84,51.0,36,17.0,11.0,7.0,8.0,1.0,1.0,60.0,42.0,26.0,9.0,10.0,1.0,4,173.0,347,448.0,101
2026-2909,Asuncion,Clay,32,C,20260316.0,10,R0BT,,,Franco Roncadelli,L,185.0,URU,26.105,CC66,,,Andrea Collarini,L,183.0,ARG,34.122,6-4 RET,3,R32,62.0,0.0,0.0,37,31.0,20,4.0,5.0,4.0,4.0,0.0,2.0,34.0,18.0,12.0,8.0,5.0,2.0,3,332.0,150,233.0,238
2026-2909,Asuncion,Clay,32,C,20260316.0,9,C0GK,,,Thiago Cigarran,R,183.0,ARG,25.971,KC29,,,Nicolas Kicker,R,178.0,ARG,33.58,5-7 6-2 6-4,3,R32,151.0,6.0,4.0,85,52.0,39,14.0,15.0,8.0,12.0,1.0,1.0,88.0,57.0,35.0,16.0,15.0,2.0,8,843.0,30,262.0,204
2026-2909,Asuncion,Clay,32,C,20260316.0,8,B0FI,,,Pedro Boscardin Dias,R,180.0,BRA,23.129,E09U,,,Hernando Jose Escurra Isnardi,R,183.0,PAR,28.255,7-5 6-2,3,R32,88.0,5.0,2.0,65,41.0,30,14.0,10.0,0.0,0.0,6.0,1.0,48.0,27.0,19.0,11.0,10.0,2.0,5,241.0,229,1755.0,2
2026-2909,Asuncion,Clay,32,C,20260316.0,7,A0IK,,,Luciano Emanuel Ambrogi,R,188.0,ARG,22.322,RH59,,,Santiago Rodriguez Taverna,R,191.0,ARG,26.667,3-6 6-3 3-0 RET,3,R32,112.0,4.0,1.0,74,51.0,35,15.0,10.0,7.0,8.0,5.0,2.0,67.0,39.0,23.0,18.0,11.0,2.0,5,441.0,103,229.0,241
2026-2909,Asuncion,Clay,32,C,20260316.0,6,A0G7,,,Valerio Aboian,L,183.0,ARG,23.754,S0T1,,,Joao Eduardo Schiessl,L,180.0,BRA,21.572,6-4 6-3,3,R32,91.0,12.0,0.0,54,36.0,26,8.0,9.0,4.0,6.0,0.0,2.0,59.0,40.0,20.0,13.0,10.0,1.0,6,467.0,96,464.0,97
2026-2909,Asuncion,Clay,32,C,20260316.0,5,C0NN,,,Gianluca Cadenasso,R,175.0,ITA,21.459,G0DH,6.0,,Alvaro Guillen Meza,R,175.0,ECU,23.201,6-3 6-3,3,R32,83.0,0.0,0.0,44,32.0,23,11.0,9.0,1.0,2.0,0.0,1.0,51.0,34.0,22.0,7.0,9.0,3.0,7,301.0,173,207.0,287
2026-6963,Morelos,Hard,32,C,20260316.0,5,A09P,,,Alafia Ayeni,R,191.0,USA,26.598,S0DQ,,,Keegan Smith,R,201.0,USA,27.729,2-6 6-3 6-3,3,R32,106.0,6.0,9.0,86,58.0,44,8.0,13.0,6.0,10.0,6.0,3.0,105.0,75.0,45.0,14.0,13.0,10.0,15,563.0,68,300.0,173
2026-9171,Murcia,Clay,32,C,20260316.0,5,CG33,,,Kimmer Coppejans,R,178.0,BEL,32.101,M0K4,5.0,,Elmer Moller,R,183.0,DEN,22.686,6-4 6-1,3,R32,86.0,3.0,3.0,64,36.0,25,13.0,8.0,9.0,11.0,0.0,5.0,56.0,32.0,10.0,14.0,9.0,4.0,10,244.0,226,121.0,534
2026-9171,Murcia,Clay,32,C,20260316.0,4,O513,4.0,,Sebastian Ofner,R,191.0,AUT,29.843,SN54,,,Frederico Ferreira Silva,L,178.0,POR,30.995,6-2 7-6(4),3,R32,95.0,8.0,3.0,64,31.0,26,18.0,10.0,3.0,4.0,3.0,4.0,74.0,50.0,31.0,10.0,10.0,6.0,9,85.0,671,238.0,231
2026-6963,Morelos,Hard,32,C,20260316.0,2,T0I3,,,Miguel Tobon,R,188.0,COL,,FA43,2.0,,Juan Pablo Ficovich,R,188.0,ARG,29.139,6-2 2-6 7-6(5),3,R32,111.0,8.0,3.0,82,48.0,40,19.0,14.0,3.0,5.0,5.0,4.0,78.0,45.0,35.0,19.0,14.0,1.0,3,559.0,69,208.0,286
2026-6963,Morelos,Hard,32,C,20260316.0,1,P0J1,,,Rodrigo Pacheco Mendez,L,191.0,MEX,20.89,GK06,4.0,,Alexis Galarneau,R,180.0,CAN,27.039,6-3 6-0,3,R32,68.0,3.0,2.0,44,25.0,21,10.0,8.0,2.0,3.0,0.0,5.0,40.0,21.0,11.0,6.0,7.0,1.0,6,303.0,170,209.0,285
2026-2909,Asuncion,Clay,32,C,20260316.0,31,C0NN,,,Gianluca Cadenasso,R,175.0,ITA,21.459,R0BT,,,Franco Roncadelli,L,185.0,URU,26.105,7-6(5) 6-0,3,F,107.0,2.0,5.0,58,39.0,32,5.0,9.0,0.0,2.0,0.0,1.0,69.0,56.0,24.0,8.0,9.0,5.0,10,301.0,173,332.0,150
2026-2909,Asuncion,Clay,32,C,20260316.0,30,R0BT,,,Franco Roncadelli,L,185.0,URU,26.105,V836,,,Juan Pablo Varillas,R,185.0,PER,30.442,4-6 6-2 6-2,3,SF,131.0,0.0,1.0,78,57.0,39,12.0,13.0,4.0,6.0,1.0,0.0,70.0,45.0,28.0,11.0,13.0,4.0,9,332.0,150,288.0,179
2026-2909,Asuncion,Clay,32,C,20260316.0,29,C0NN,,,Gianluca Cadenasso,R,175.0,ITA,21.459,M0OH,,,Lautaro Midon,R,180.0,ARG,21.963,4-6 6-1 6-0,3,SF,124.0,1.0,2.0,73,54.0,36,11.0,12.0,3.0,5.0,2.0,0.0,76.0,43.0,24.0,13.0,11.0,5.0,11,301.0,173,223.0,250
2026-2909,Asuncion,Clay,32,C,20260316.0,28,C0NN,,,Gianluca Cadenasso,R,175.0,ITA,21.459,B0FI,,,Pedro Boscardin Dias,R,180.0,BRA,23.129,6-1 6-3,3,QF,80.0,1.0,0.0,37,26.0,24,8.0,8.0,0.0,0.0,2.0,0.0,69.0,47.0,29.0,5.0,8.0,7.0,11,301.0,173,241.0,229
2026-2909,Asuncion,Clay,32,C,20260316.0,27,R0BT,,,Franco Roncadelli,L,185.0,URU,26.105,R0A7,5.0,,Joao Lucas Reis Da Silva,R,178.0,BRA,25.971,4-6 6-1 6-2,3,QF,135.0,2.0,1.0,92,75.0,47,12.0,13.0,12.0,14.0,3.0,5.0,80.0,55.0,36.0,6.0,12.0,7.0,12,332.0,150,211.0,281
2026-2909,Asuncion,Clay,32,C,20260316.0,26,V836,,,Juan Pablo Varillas,R,185.0,PER,30.442,B0GY,4.0,,Alex Barrena,R,175.0,ARG,23.431,6-1 7-6(6),3,QF,115.0,2.0,0.0,68,46.0,29,16.0,10.0,4.0,6.0,3.0,0.0,63.0,36.0,20.0,13.0,9.0,3.0,7,288.0,179,173.0,347
2026-2909,Asuncion,Clay,32,C,20260316.0,25,M0OH,,,Lautaro Midon,R,180.0,ARG,21.963,F0F2,2.0,,Jaime Faria,R,188.0,POR,22.609,7-6(9) 3-6 6-3,3,QF,143.0,7.0,4.0,108,74.0,55,14.0,15.0,5.0,7.0,9.0,3.0,91.0,63.0,46.0,15.0,15.0,1.0,3,223.0,250,157.0,381
2026-2909,Asuncion,Clay,32,C,20260316.0,24,C0NN,,,Gianluca Cadenasso,R,175.0,ITA,21.459,A0IK,,,Luciano Emanuel Ambrogi,R,188.0,ARG,22.322,6-1 6-4,3,R16,82.0,1.0,0.0,49,34.0,26,11.0,9.0,1.0,1.0,2.0,1.0,58.0,33.0,22.0,9.0,8.0,1.0,4,301.0,173,441.0,103
2026-2909,Asuncion,Clay,32,C,20260316.0,23,B0FI,,,Pedro Boscardin Dias,R,180.0,BRA,23.129,HG90,,,Conner Huertas Del Pino,R,188.0,PER,30.237,6-2 6-2,3,R16,77.0,2.0,3.0,40,22.0,20,12.0,8.0,0.0,0.0,1.0,1.0,63.0,44.0,27.0,4.0,8.0,3.0,7,241.0,229,727.0,42
2026-2909,Asuncion,Clay,32,C,20260316.0,22,M0OH,,,Lautaro Midon,R,180.0,ARG,21.963,B0GR,8.0,,Gonzalo Bueno,R,173.0,PER,21.949,4-6 6-4 6-3,3,R16,155.0,3.0,5.0,94,60.0,34,15.0,14.0,5.0,11.0,3.0,2.0,109.0,62.0,33.0,20.0,15.0,14.0,22,223.0,250,213.0,279
2026-2909,Asuncion,Clay,32,C,20260316.0,21,V836,,,Juan Pablo Varillas,R,185.0,PER,30.442,P0IY,7.0,,Juan Carlos Prado Angelo,R,185.0,BOL,21.027,6-3 4-6 6-3,3,R16,131.0,12.0,3.0,91,62.0,44,13.0,14.0,6.0,9.0,2.0,2.0,72.0,44.0,27.0,16.0,14.0,2.0,7,288.0,179,206.0,288
2026-6963,Morelos,Hard,32,C,20260316.0,21,A09P,,,Alafia Ayeni,R,191.0,USA,26.598,C0AK,3.0,,Oliver Crawford,R,180.0,GBR,26.877,6-4 4-6 6-3,3,R16,107.0,9.0,8.0,83,53.0,40,16.0,15.0,3.0,5.0,3.0,2.0,76.0,43.0,30.0,22.0,14.0,2.0,5,563.0,68,196.0,309
2026-9171,Murcia,Clay,32,C,20260316.0,21,D0C1,1.0,,Jesper De Jong,R,180.0,NED,25.791,H0CX,,,Max Houkes,L,188.0,NED,25.7,6-1 6-3,3,R16,85.0,8.0,4.0,60,36.0,29,9.0,8.0,5.0,6.0,3.0,3.0,47.0,31.0,15.0,8.0,8.0,5.0,10,87.0,665,251.0,217
2026-9171,Murcia,Clay,32,C,20260316.0,20,CG33,,,Kimmer Coppejans,R,178.0,BEL,32.101,N731,,,Christoph Negritu,R,193.0,GER,31.986,7-5 6-4,3,R16,111.0,3.0,3.0,87,49.0,35,21.0,11.0,13.0,14.0,3.0,0.0,66.0,30.0,22.0,18.0,11.0,4.0,7,244.0,226,422.0,109
2026-6963,Morelos,Hard,32,C,20260316.0,18,MP01,,,Michael Mmoh,R,188.0,USA,28.178,KE64,7.0,,Stefan Kozlov,R,183.0,USA,28.118,7-5 6-2,3,R16,115.0,5.0,8.0,71,45.0,32,10.0,10.0,7.0,10.0,0.0,1.0,56.0,28.0,14.0,10.0,10.0,1.0,7,374.0,123,269.0,195
2026-6963,Morelos,Hard,32,C,20260316.0,17,HH06,5.0,,Marc Andrea Huesler,L,196.0,SUI,29.725,H0CD,,,Alex Hernandez,R,175.0,MEX,26.73,6-3 6-2,3,R16,56.0,11.0,2.0,45,34.0,29,7.0,9.0,0.0,0.0,2.0,4.0,49.0,33.0,19.0,8.0,8.0,2.0,5,216.0,262,435.0,104
2026-6963,Morelos,Hard,32,C,20260316.0,16,M0NP,8.0,,Andres Martin,R,183.0,USA,24.69,U176,,,Vadym Ursu,R,183.0,UKR,29.202,6-3 6-7(4) 7-6(7),3,R32,157.0,5.0,3.0,116,73.0,47,23.0,17.0,2.0,6.0,4.0,12.0,115.0,65.0,44.0,21.0,16.0,9.0,14,271.0,193,418.0,111
2026-6963,Morelos,Hard,32,C,20260316.0,15,AG08,6.0,,Andres Andrade,R,180.0,ECU,27.253,M0NB,,,Aidan Mayo,R,183.0,USA,22.839,6-4 7-6(4),3,R32,108.0,4.0,3.0,79,55.0,39,12.0,11.0,8.0,10.0,2.0,3.0,63.0,35.0,26.0,15.0,11.0,1.0,4,231.0,239,612.0,59
2026-6963,Morelos,Hard,32,C,20260316.0,14,C0AK,3.0,,Oliver Crawford,R,180.0,GBR,26.877,W0BB,,,Max Wiskandt,R,191.0,GER,24.118,6-4 6-1,3,R32,88.0,4.0,8.0,66,28.0,23,18.0,9.0,4.0,5.0,3.0,3.0,53.0,41.0,20.0,5.0,8.0,3.0,7,196.0,309,462.0,97
2026-6963,Morelos,Hard,32,C,20260316.0,13,M0C2,,,Dan Martin,R,175.0,CAN,26.853,GJ16,1.0,,Federico Agustin Gomez,R,191.0,ARG,29.3,3-6 7-6(2) 7-6(3),3,R32,137.0,9.0,3.0,105,60.0,43,32.0,16.0,2.0,3.0,22.0,11.0,104.0,49.0,37.0,36.0,17.0,1.0,1,379.0,121,182.0,331
2026-6963,Morelos,Hard,32,C,20260316.0,12,Z0AK,,,Tyler Zink,R,185.0,USA,25.123,PG94,,,Marc Polmans,R,188.0,AUS,28.871,6-3 7-5,3,R32,84.0,8.0,3.0,71,46.0,36,15.0,11.0,7.0,7.0,3.0,5.0,56.0,42.0,31.0,6.0,10.0,2.0,4,331.0,150,364.0,128
2026-6963,Morelos,Hard,32,C,20260316.0,11,S0W8,,,Aryan Shah,R,183.0,IND,20.315,A0KH,,,Rodrigo Alujas,R,170.0,MEX,23.554,6-2 1-6 6-3,3,R32,105.0,3.0,7.0,73,46.0,30,13.0,12.0,5.0,8.0,1.0,1.0,72.0,50.0,32.0,11.0,12.0,2.0,6,410.0,113,707.0,45
2026-6963,Morelos,Hard,32,C,20260316.0,10,MP01,,,Michael Mmoh,R,188.0,USA,28.178,RH88,,,Alan Fernando Rubio Fierros,R,175.0,MEX,27.113,7-5 6-1,3,R32,84.0,3.0,2.0,55,38.0,29,7.0,10.0,1.0,3.0,1.0,9.0,58.0,38.0,25.0,4.0,9.0,4.0,9,374.0,123,569.0,67
2026-6963,Morelos,Hard,32,C,20260316.0,9,MJ98,,,Facundo Mena,R,183.0,ARG,33.478,Z09Z,,,Beibit Zhukayev,R,198.0,KAZ,25.424,6-4 6-2,3,R32,72.0,14.0,2.0,54,33.0,24,16.0,9.0,4.0,4.0,5.0,0.0,53.0,36.0,23.0,9.0,9.0,5.0,8,329.0,151,302.0,172
2026-6963,Morelos,Hard,32,C,20260316.0,8,H0CD,,,Alex Hernandez,R,175.0,MEX,26.73,C0I4,,,Tibo Colson,R,196.0,BEL,25.676,6-4 6-0,3,R32,63.0,1.0,0.0,54,39.0,25,10.0,8.0,3.0,4.0,8.0,3.0,47.0,25.0,16.0,5.0,8.0,3.0,8,435.0,104,535.0,74
2026-6963,Morelos,Hard,32,C,20260316.0,7,H0KQ,,,Alejandro Hayen,,,,,C0JT,,,Robin Catry,R,196.0,FRA,24.027,6-3 7-6(4),3,R32,96.0,5.0,4.0,86,56.0,40,15.0,11.0,8.0,9.0,8.0,6.0,63.0,33.0,30.0,9.0,10.0,2.0,4,,,495.0,85
2026-6963,Morelos,Hard,32,C,20260316.0,6,DA81,,,Taro Daniel,R,191.0,JPN,33.131,DC38,,,Jake Delaney,R,185.0,AUS,28.838,6-4 6-2,3,R32,68.0,6.0,1.0,47,31.0,28,9.0,9.0,0.0,0.0,6.0,1.0,58.0,42.0,29.0,7.0,9.0,3.0,6,450.0,100,497.0,85
2026-9171,Murcia,Clay,32,C,20260316.0,6,PH64,7.0,,Andrea Pellegrino,R,185.0,ITA,28.98,M0EA,,,Pol Martin Tiffon,R,183.0,ESP,26.628,6-4 6-4,3,R32,87.0,6.0,1.0,57,35.0,26,12.0,10.0,5.0,7.0,2.0,2.0,72.0,49.0,30.0,9.0,10.0,7.0,11,128.0,510,253.0,215
2026-9472,Zadar,Clay,32,C,20260316.0,6,N0CS,8.0,,Lukas Neumayer,R,183.0,AUT,23.524,N897,,,Sumit Nagal,R,178.0,IND,28.58,3-6 6-3 6-4,3,R32,158.0,1.0,2.0,94,67.0,41,12.0,14.0,9.0,13.0,0.0,2.0,85.0,67.0,39.0,8.0,14.0,6.0,11,225.0,247,276.0,185
2026-9472,Zadar,Clay,32,C,20260316.0,5,D0L3,7.0,,Matej Dodig,R,188.0,CRO,20.657,LC12,,,Laurent Lokoli,R,188.0,FRA,31.409,2-6 6-2 7-6(0),3,R32,164.0,1.0,0.0,93,58.0,37,19.0,14.0,0.0,4.0,0.0,2.0,107.0,75.0,46.0,13.0,14.0,12.0,16,214.0,271,438.0,103
2026-9171,Murcia,Clay,32,C,20260316.0,3,CD85,3.0,,Pablo Carreno Busta,R,188.0,ESP,34.678,S0CG,,,Carlos Sanchez Jover,L,173.0,ESP,25.651,7-6(3) 6-1,3,R32,87.0,2.0,1.0,63,43.0,28,12.0,10.0,1.0,3.0,0.0,1.0,67.0,49.0,27.0,8.0,9.0,5.0,9,117.0,561,339.0,145
2026-9171,Murcia,Clay,32,C,20260316.0,2,M0HT,,,Alejandro Moro Canas,R,183.0,ESP,25.27,G0FW,2.0,,Vilius Gaubas,R,178.0,LTU,21.21,7-6(2) 6-2,3,R32,125.0,1.0,2.0,67,49.0,33,10.0,10.0,5.0,7.0,4.0,2.0,85.0,50.0,30.0,14.0,10.0,7.0,11,239.0,231,104.0,603
2026-9171,Murcia,Clay,32,C,20260316.0,1,D0C1,1.0,,Jesper De Jong,R,180.0,NED,25.791,HG94,,,Benjamin Hassan,R,183.0,LBN,31.11,6-3 3-6 6-3,3,R32,128.0,4.0,5.0,84,40.0,31,25.0,14.0,1.0,2.0,3.0,2.0,88.0,47.0,36.0,19.0,13.0,4.0,6,87.0,665,294.0,175
2026-6963,Morelos,Hard,32,C,20260316.0,31,MP01,,,Michael Mmoh,R,188.0,USA,28.178,DA81,,,Taro Daniel,R,191.0,JPN,33.131,4-6 6-4 6-3,3,F,147.0,20.0,7.0,96,60.0,43,18.0,15.0,3.0,6.0,2.0,2.0,77.0,48.0,32.0,14.0,14.0,2.0,6,374.0,123,450.0,100
2026-6963,Morelos,Hard,32,C,20260316.0,30,MP01,,,Michael Mmoh,R,188.0,USA,28.178,Z0AK,,,Tyler Zink,R,185.0,USA,25.123,1-6 7-6(4) 6-2,3,SF,156.0,6.0,10.0,98,54.0,37,18.0,13.0,10.0,14.0,8.0,2.0,82.0,53.0,38.0,13.0,14.0,3.0,7,374.0,123,331.0,150
2026-6963,Morelos,Hard,32,C,20260316.0,29,DA81,,,Taro Daniel,R,191.0,JPN,33.131,M0NP,8.0,,Andres Martin,R,183.0,USA,24.69,6-7(2) 6-3 6-4,3,SF,144.0,6.0,3.0,112,72.0,46,22.0,16.0,8.0,12.0,3.0,4.0,92.0,66.0,43.0,9.0,15.0,1.0,7,450.0,100,271.0,193
2026-6963,Morelos,Hard,32,C,20260316.0,28,MP01,,,Michael Mmoh,R,188.0,USA,28.178,P0J1,,,Rodrigo Pacheco Mendez,L,191.0,MEX,20.89,6-7(7) 6-2 6-2,3,QF,173.0,17.0,11.0,112,68.0,52,18.0,14.0,10.0,12.0,13.0,4.0,100.0,50.0,36.0,20.0,14.0,5.0,11,374.0,123,303.0,170
2026-6963,Morelos,Hard,32,C,20260316.0,27,DA81,,,Taro Daniel,R,191.0,JPN,33.131,MJ98,,,Facundo Mena,R,183.0,ARG,33.478,6-3 6-4,3,QF,79.0,5.0,3.0,64,41.0,31,15.0,10.0,2.0,2.0,6.0,0.0,49.0,29.0,19.0,11.0,9.0,2.0,4,450.0,100,329.0,151
2026-6963,Morelos,Hard,32,C,20260316.0,26,M0NP,8.0,,Andres Martin,R,183.0,USA,24.69,A09P,,,Alafia Ayeni,R,191.0,USA,26.598,7-5 6-3,3,QF,71.0,0.0,2.0,52,35.0,27,11.0,11.0,0.0,2.0,6.0,7.0,63.0,40.0,25.0,10.0,10.0,5.0,9,271.0,193,563.0,68
2026-6963,Morelos,Hard,32,C,20260316.0,25,Z0AK,,,Tyler Zink,R,185.0,USA,25.123,HH06,5.0,,Marc Andrea Huesler,L,196.0,SUI,29.725,6-4 6-3,3,QF,64.0,8.0,0.0,52,34.0,29,12.0,9.0,5.0,5.0,12.0,4.0,51.0,34.0,25.0,8.0,10.0,1.0,4,331.0,150,216.0,262
2026-6963,Morelos,Hard,32,C,20260316.0,24,MJ98,,,Facundo Mena,R,183.0,ARG,33.478,M0C2,,,Dan Martin,R,175.0,CAN,26.853,6-4 7-5,3,R16,90.0,7.0,1.0,60,28.0,22,17.0,11.0,3.0,5.0,3.0,2.0,64.0,40.0,24.0,12.0,11.0,3.0,7,329.0,151,379.0,121
2026-6963,Morelos,Hard,32,C,20260316.0,23,M0NP,8.0,,Andres Martin,R,183.0,USA,24.69,H0KQ,,,Alejandro Hayen,,,,,5-7 6-2 6-3,3,R16,132.0,3.0,9.0,97,61.0,47,17.0,15.0,12.0,13.0,5.0,3.0,87.0,51.0,33.0,22.0,14.0,1.0,4,271.0,193,,
2026-6963,Morelos,Hard,32,C,20260316.0,22,DA81,,,Taro Daniel,R,191.0,JPN,33.131,AG08,6.0,,Andres Andrade,R,180.0,ECU,27.253,3-6 6-3 6-2,3,R16,106.0,9.0,2.0,87,57.0,39,17.0,13.0,5.0,7.0,7.0,5.0,71.0,44.0,25.0,16.0,13.0,1.0,5,450.0,100,231.0,239
2026-9171,Murcia,Clay,32,C,20260316.0,22,O513,4.0,,Sebastian Ofner,R,191.0,AUT,29.843,BV24,,,Raul Brancaccio,R,183.0,ITA,28.865,6-0 6-4,3,R16,62.0,6.0,3.0,51,28.0,25,11.0,8.0,4.0,4.0,0.0,1.0,57.0,38.0,22.0,7.0,8.0,5.0,9,85.0,671,372.0,124
2026-9472,Zadar,Clay,32,C,20260316.0,22,D0L3,7.0,,Matej Dodig,R,188.0,CRO,20.657,K0FY,,,Martin Krumich,R,188.0,CZE,23.22,3-6 6-4 7-6(4),3,R16,181.0,0.0,0.0,114,82.0,50,17.0,16.0,8.0,12.0,0.0,1.0,95.0,64.0,48.0,12.0,15.0,2.0,5,214.0,271,335.0,148
2026-9472,Zadar,Clay,32,C,20260316.0,21,J0AZ,2.0,,Kyrian Jacquet,R,175.0,FRA,24.846,PI96,,,Sergi Perez Contri,L,175.0,ESP,28.151,6-2 6-0,3,R16,80.0,2.0,4.0,49,30.0,23,8.0,7.0,6.0,7.0,0.0,8.0,52.0,29.0,15.0,6.0,7.0,7.0,13,145.0,407,572.0,67
2026-9171,Murcia,Clay,32,C,20260316.0,19,B0QC,,,Gilles Arnaud Bailly,R,180.0,BEL,20.487,M0HT,,,Alejandro Moro Canas,R,183.0,ESP,25.27,7-5 6-7(5) 6-2,3,R16,195.0,0.0,0.0,106,68.0,45,23.0,16.0,5.0,8.0,5.0,3.0,120.0,85.0,44.0,21.0,16.0,9.0,15,212.0,280,239.0,231
2026-9171,Murcia,Clay,32,C,20260316.0,18,PH64,7.0,,Andrea Pellegrino,R,185.0,ITA,28.98,E0DD,,,Justin Engel,R,185.0,GER,18.456,3-6 6-2 7-5,3,R16,142.0,2.0,1.0,76,45.0,32,20.0,14.0,2.0,4.0,6.0,2.0,129.0,82.0,53.0,20.0,15.0,19.0,23,128.0,510,190.0,315
2026-9171,Murcia,Clay,32,C,20260316.0,17,CD85,3.0,,Pablo Carreno Busta,R,188.0,ESP,34.678,G0EU,,,Felix Gill,L,175.0,GBR,23.789,4-6 6-3 6-2,3,R16,123.0,2.0,1.0,81,61.0,45,12.0,14.0,1.0,2.0,3.0,0.0,91.0,69.0,40.0,14.0,13.0,7.0,10,117.0,561,252.0,216
2026-9171,Murcia,Clay,32,C,20260316.0,16,K926,,,Mikhail Kukushkin,R,183.0,KAZ,38.22,B0MM,,,Edas Butvilas,R,191.0,LTU,21.645,7-6(4) 6-4,3,R32,99.0,1.0,1.0,75,46.0,35,20.0,11.0,2.0,2.0,7.0,0.0,63.0,48.0,35.0,11.0,11.0,0.0,1,283.0,181,277.0,185
2026-9171,Murcia,Clay,32,C,20260316.0,15,BV24,,,Raul Brancaccio,R,183.0,ITA,28.865,S0XE,,,Alejo Sanchez Quilez,R,180.0,ESP,20.723,7-6(4) 6-2,3,R32,93.0,5.0,1.0,58,39.0,29,14.0,10.0,0.0,1.0,2.0,2.0,87.0,56.0,36.0,13.0,10.0,4.0,7,372.0,124,526.0,77
2026-9171,Murcia,Clay,32,C,20260316.0,14,CH12,6.0,,Jan Choinski,R,196.0,GBR,29.763,D0CN,,,Miguel Damas,R,208.0,ESP,26.234,4-6 6-4 6-4,3,R32,154.0,1.0,3.0,88,59.0,34,17.0,15.0,3.0,8.0,2.0,4.0,104.0,69.0,40.0,17.0,15.0,5.0,11,122.0,532,272.0,192
2026-9171,Murcia,Clay,32,C,20260316.0,13,N731,,,Christoph Negritu,R,193.0,GER,31.986,GE28,,,Ivan Gakhov,L,191.0,RUS,29.361,6-1 6-2,3,R32,65.0,0.0,2.0,56,31.0,24,14.0,7.0,6.0,6.0,4.0,5.0,50.0,27.0,18.0,6.0,8.0,3.0,8,422.0,109,249.0,221
2026-9171,Murcia,Clay,32,C,20260316.0,12,L0CX,,,Pablo Llamas Ruiz,R,188.0,ESP,23.422,J476,,,David Jorda Sanchis,R,198.0,ESP,31.754,6-1 6-2,3,R32,58.0,1.0,0.0,45,29.0,23,10.0,8.0,0.0,0.0,1.0,4.0,41.0,24.0,11.0,6.0,7.0,2.0,6,191.0,314,373.0,124
2026-9171,Murcia,Clay,32,C,20260316.0,11,H0CX,,,Max Houkes,L,188.0,NED,25.7,WB25,,,Louis Wessels,R,198.0,GER,27.551,6-2 6-2,3,R32,73.0,8.0,1.0,44,32.0,27,8.0,8.0,4.0,4.0,1.0,3.0,58.0,40.0,26.0,4.0,8.0,6.0,10,251.0,217,589.0,64
2026-9171,Murcia,Clay,32,C,20260316.0,10,G0EU,,,Felix Gill,L,175.0,GBR,23.789,P0FU,,,Filip Pieczonka,L,196.0,POL,21.933,6-3 3-6 7-6(5),3,R32,154.0,5.0,3.0,95,60.0,44,14.0,15.0,3.0,7.0,5.0,10.0,123.0,71.0,44.0,24.0,15.0,12.0,16,252.0,216,1030.0,15
2026-9171,Murcia,Clay,32,C,20260316.0,9,E0DD,,,Justin Engel,R,185.0,GER,18.456,S0NV,,,Abdullah Shelbayh,L,180.0,JOR,22.33,6-3 3-6 7-5,3,R32,136.0,3.0,2.0,94,71.0,47,8.0,15.0,4.0,9.0,1.0,4.0,100.0,62.0,34.0,18.0,15.0,4.0,10,190.0,315,306.0,168
2026-9171,Murcia,Clay,32,C,20260316.0,8,B0QC,,,Gilles Arnaud Bailly,R,180.0,BEL,20.487,P0EA,,,Saba Purtseladze,R,191.0,GEO,24.569,6-3 4-6 6-4,3,R32,141.0,2.0,4.0,90,57.0,37,18.0,15.0,1.0,5.0,5.0,6.0,105.0,45.0,35.0,21.0,14.0,8.0,13,212.0,280,279.0,184
2026-9171,Murcia,Clay,32,C,20260316.0,7,CF59,8.0,,Roberto Carballes Baena,R,183.0,ESP,32.98,S0GZ,,,Nikolas Sanchez Izquierdo,R,185.0,ESP,27.003,6-3 7-6(5),3,R32,140.0,2.0,2.0,85,67.0,48,7.0,11.0,10.0,11.0,2.0,2.0,70.0,44.0,32.0,12.0,10.0,4.0,6,164.0,365,259.0,206
2026-9472,Zadar,Clay,32,C,20260316.0,7,A0CJ,,,Duje Ajdukovic,R,188.0,CRO,25.106,O0AI,,,Dusan Obradovic,L,185.0,SRB,24.98,6-0 6-4,3,R32,67.0,1.0,2.0,51,33.0,28,7.0,8.0,4.0,5.0,0.0,0.0,47.0,31.0,16.0,5.0,8.0,1.0,6,315.0,161,485.0,89
2026-9472,Zadar,Clay,32,C,20260316.0,4,F0BT,,,Jonas Forejtek,R,183.0,CZE,25.016,GA79,6.0,,Lorenzo Giustino,R,180.0,ITA,34.513,6-2 6-4,3,R32,95.0,0.0,2.0,64,46.0,31,10.0,9.0,0.0,1.0,1.0,1.0,69.0,50.0,27.0,10.0,9.0,7.0,11,343.0,142,202.0,300
2026-9472,Zadar,Clay,32,C,20260316.0,3,MV14,5.0,,Alex Molcan,L,178.0,SVK,28.287,LI10,,,Christian Langmo,R,191.0,USA,29.788,6-1 6-3,3,R32,70.0,0.0,0.0,52,34.0,26,12.0,8.0,5.0,5.0,2.0,3.0,48.0,33.0,19.0,5.0,8.0,3.0,7,200.0,302,454.0,100
2026-9472,Zadar,Clay,32,C,20260316.0,2,TA12,4.0,,Stefano Travaglia,R,185.0,ITA,34.215,P0GQ,,,Mili Poljicak,R,185.0,CRO,21.673,7-5 7-5,3,R32,139.0,0.0,5.0,85,52.0,31,18.0,12.0,8.0,12.0,2.0,5.0,97.0,59.0,36.0,12.0,12.0,9.0,15,162.0,370,390.0,119
2026-9472,Zadar,Clay,32,C,20260316.0,1,G0IX,3.0,,Arthur Gea,R,180.0,FRA,21.199,KC33,,,Dimitar Kuzmanov,R,183.0,BUL,32.632,4-6 6-2 6-3,3,R32,131.0,11.0,1.0,80,50.0,38,17.0,14.0,0.0,2.0,1.0,1.0,88.0,71.0,42.0,8.0,13.0,5.0,9,143.0,417,312.0,164
2026-9171,Murcia,Clay,32,C,20260316.0,31,CD85,3.0,,Pablo Carreno Busta,R,188.0,ESP,34.678,CF59,8.0,,Roberto Carballes Baena,R,183.0,ESP,32.98,6-4 6-3,3,F,93.0,0.0,1.0,45,32.0,22,10.0,9.0,1.0,3.0,4.0,6.0,77.0,51.0,28.0,10.0,10.0,5.0,10,117.0,561,164.0,365
2026-9171,Murcia,Clay,32,C,20260316.0,30,CD85,3.0,,Pablo Carreno Busta,R,188.0,ESP,34.678,CG33,,,Kimmer Coppejans,R,178.0,BEL,32.101,6-2 6-3,3,SF,76.0,0.0,1.0,47,30.0,21,14.0,8.0,3.0,3.0,2.0,2.0,63.0,36.0,20.0,13.0,9.0,3.0,7,117.0,561,244.0,226
2026-9171,Murcia,Clay,32,C,20260316.0,29,CF59,8.0,,Roberto Carballes Baena,R,183.0,ESP,32.98,D0C1,1.0,,Jesper De Jong,R,180.0,NED,25.791,2-6 6-4 6-4,3,SF,142.0,6.0,2.0,86,65.0,49,7.0,14.0,4.0,6.0,11.0,4.0,91.0,66.0,47.0,12.0,14.0,5.0,7,164.0,365,87.0,665
2026-9171,Murcia,Clay,32,C,20260316.0,28,CG33,,,Kimmer Coppejans,R,178.0,BEL,32.101,B0QC,,,Gilles Arnaud Bailly,R,180.0,BEL,20.487,6-0 3-6 6-3,3,QF,121.0,4.0,5.0,76,50.0,31,13.0,12.0,7.0,11.0,0.0,0.0,72.0,47.0,21.0,14.0,12.0,5.0,12,244.0,226,212.0,280
2026-9171,Murcia,Clay,32,C,20260316.0,27,CF59,8.0,,Roberto Carballes Baena,R,183.0,ESP,32.98,O513,4.0,,Sebastian Ofner,R,191.0,AUT,29.843,7-6(4) 2-6 6-1,3,QF,118.0,6.0,3.0,94,67.0,51,9.0,14.0,6.0,9.0,5.0,3.0,79.0,60.0,49.0,5.0,13.0,6.0,9,164.0,365,85.0,671
2026-9171,Murcia,Clay,32,C,20260316.0,26,CD85,3.0,,Pablo Carreno Busta,R,188.0,ESP,34.678,PH64,7.0,,Andrea Pellegrino,R,185.0,ITA,28.98,6-3 6-4,3,QF,86.0,0.0,0.0,53,34.0,26,13.0,10.0,3.0,4.0,2.0,2.0,60.0,41.0,27.0,8.0,9.0,5.0,8,117.0,561,128.0,510
2026-9171,Murcia,Clay,32,C,20260316.0,25,D0C1,1.0,,Jesper De Jong,R,180.0,NED,25.791,L0CX,,,Pablo Llamas Ruiz,R,188.0,ESP,23.422,6-3 6-2,3,QF,77.0,7.0,1.0,53,32.0,24,11.0,9.0,0.0,1.0,0.0,1.0,52.0,41.0,21.0,5.0,8.0,5.0,9,87.0,665,191.0,314
2026-9171,Murcia,Clay,32,C,20260316.0,24,CF59,8.0,,Roberto Carballes Baena,R,183.0,ESP,32.98,K926,,,Mikhail Kukushkin,R,183.0,KAZ,38.22,6-1 3-6 6-2,3,R16,126.0,1.0,1.0,83,52.0,35,15.0,12.0,6.0,9.0,1.0,2.0,76.0,44.0,29.0,12.0,12.0,4.0,10,164.0,365,283.0,181
2026-9171,Murcia,Clay,32,C,20260316.0,23,L0CX,,,Pablo Llamas Ruiz,R,188.0,ESP,23.422,CH12,6.0,,Jan Choinski,R,196.0,GBR,29.763,6-2 6-7(4) 6-3,3,R16,128.0,7.0,3.0,84,63.0,50,13.0,14.0,1.0,1.0,5.0,1.0,93.0,72.0,47.0,12.0,15.0,4.0,8,191.0,314,122.0,532
2026-9472,Zadar,Clay,32,C,20260316.0,23,A0CJ,,,Duje Ajdukovic,R,188.0,CRO,25.106,DG80,,,Enrico Dalla Valle,,,,,6-4 7-5,3,R16,126.0,1.0,2.0,67,45.0,28,9.0,11.0,4.0,8.0,0.0,1.0,76.0,59.0,28.0,9.0,11.0,9.0,15,315.0,161,472.0,94
2026-2909,Asuncion,Clay,32,C,20260316.0,1,V0DP,1.0,,Adolfo Daniel Vallejo,R,183.0,PAR,21.881,Z0DA,,,Carlos Maria Zarate,R,191.0,ARG,20.961,6-2 6-2,3,R32,70.0,2.0,0.0,42,26.0,22,11.0,8.0,0.0,0.0,4.0,2.0,54.0,33.0,19.0,8.0,8.0,7.0,11,97.0,637,586.0,64
2026-2909,Asuncion,Clay,32,C,20260316.0,20,R0A7,5.0,,Joao Lucas Reis Da Silva,R,178.0,BRA,25.971,A0G7,,,Valerio Aboian,L,183.0,ARG,23.754,6-3 6-3,3,R16,80.0,2.0,0.0,50,37.0,30,8.0,9.0,1.0,1.0,9.0,0.0,50.0,38.0,21.0,9.0,9.0,2.0,5,211.0,281,467.0,96
2026-2909,Asuncion,Clay,32,C,20260316.0,19,B0GY,4.0,,Alex Barrena,R,175.0,ARG,23.431,DC48,,,Murkel Dellien,R,193.0,BOL,28.496,1-6 7-6(2) 6-1,3,R16,146.0,3.0,0.0,74,52.0,36,10.0,12.0,0.0,3.0,0.0,7.0,102.0,59.0,34.0,24.0,14.0,7.0,11,173.0,347,298.0,174
2026-2909,Asuncion,Clay,32,C,20260316.0,18,F0F2,2.0,,Jaime Faria,R,188.0,POR,22.609,C0GK,,,Thiago Cigarran,R,183.0,ARG,25.971,6-1 6-2,3,R16,77.0,5.0,1.0,48,27.0,23,12.0,8.0,1.0,1.0,3.0,1.0,51.0,37.0,20.0,5.0,7.0,1.0,5,157.0,381,843.0,30
2026-2955,Alicante,Clay,32,C,20260323.0,30,HG86,,,Lloyd Harris,R,193.0,RSA,29.073,GE28,,,Ivan Gakhov,L,191.0,RUS,29.38,6-3 RET,3,R32,31.0,6.0,3.0,22,11.0,9,8.0,4.0,0.0,0.0,1.0,6.0,36.0,18.0,10.0,8.0,5.0,3.0,5,149.0,399,249.0,221
2026-2955,Alicante,Clay,32,C,20260323.0,29,B0MM,,,Edas Butvilas,R,191.0,LTU,21.665,M0EA,,,Pol Martin Tiffon,R,183.0,ESP,26.648,6-3 6-3,3,R32,89.0,1.0,1.0,68,45.0,30,14.0,9.0,5.0,5.0,1.0,2.0,65.0,38.0,22.0,14.0,9.0,7.0,10,277.0,185,253.0,215
2026-2955,Alicante,Clay,32,C,20260323.0,19,CD85,5.0,,Pablo Carreno Busta,R,188.0,ESP,34.697,G0J9,,,Svyatoslav Gulin,R,178.0,RUS,23.299,7-5 6-1,3,R32,99.0,2.0,2.0,69,50.0,32,8.0,10.0,5.0,8.0,2.0,2.0,68.0,42.0,23.0,8.0,9.0,4.0,10,117.0,561,440.0,103
2026-2955,Alicante,Clay,32,C,20260323.0,20,CH12,7.0,,Jan Choinski,R,196.0,GBR,29.782,P0K4,,,Tiago Pereira,R,0.0,PRT,21.755,6-1 6-2,3,R32,66.0,0.0,1.0,49,29.0,18,12.0,8.0,2.0,4.0,0.0,3.0,43.0,18.0,7.0,8.0,7.0,3.0,9,122.0,532,273.0,192
2026-2955,Alicante,Clay,32,C,20260323.0,21,CF01,,,Marco Cecchinato,R,185.0,ITA,33.476,L987,,,Dusan Lajovic,R,183.0,SRB,35.729,7-5 6-3,3,R32,111.0,2.0,2.0,85,49.0,31,21.0,11.0,5.0,7.0,3.0,2.0,60.0,36.0,23.0,11.0,10.0,4.0,8,199.0,306,127.0,511
2026-2955,Alicante,Clay,32,C,20260323.0,22,BU70,,,Remy Bertola,R,175.0,SUI,27.559,HG94,,,Benjamin Hassan,R,183.0,LBN,31.129,6-3 6-2,3,R32,81.0,3.0,8.0,74,38.0,26,18.0,9.0,8.0,10.0,1.0,2.0,62.0,33.0,15.0,13.0,8.0,5.0,10,210.0,282,294.0,175
2026-2955,Alicante,Clay,32,C,20260323.0,23,B0JP,,,Dali Blanch,R,185.0,USA,23.05,E0DD,,,Justin Engel,R,185.0,GER,18.475,6-2 6-1,3,R32,61.0,2.0,0.0,42,26.0,19,12.0,7.0,1.0,1.0,1.0,4.0,54.0,31.0,13.0,11.0,8.0,4.0,9,429.0,107,190.0,315
2026-2955,Alicante,Clay,32,C,20260323.0,24,H0CX,,,Max Houkes,L,188.0,NED,25.719,M0N7,,,Daniel Merida,R,188.0,ESP,21.487,3-6 6-3 6-4,3,R32,140.0,4.0,1.0,88,49.0,33,23.0,14.0,7.0,10.0,3.0,5.0,96.0,61.0,36.0,21.0,14.0,8.0,12,251.0,217,134.0,458
2026-2955,Alicante,Clay,32,C,20260323.0,25,L0CX,,,Pablo Llamas Ruiz,R,188.0,ESP,23.441,I305,,,Ilya Ivashka,R,193.0,BLR,32.074,6-3 6-4,3,R32,102.0,2.0,2.0,59,42.0,33,9.0,10.0,1.0,1.0,2.0,3.0,73.0,32.0,24.0,19.0,9.0,8.0,10,191.0,314,690.0,46
2026-2955,Alicante,Clay,32,C,20260323.0,26,SX50,,,Roman Safiullin,R,185.0,RUS,28.624,B0QC,,,Gilles Arnaud Bailly,R,180.0,BEL,20.507,6-1 6-4,3,R32,92.0,5.0,0.0,48,32.0,28,10.0,9.0,4.0,4.0,1.0,5.0,69.0,41.0,25.0,12.0,8.0,5.0,8,215.0,267,212.0,280
2026-2955,Alicante,Clay,32,C,20260323.0,27,S0XE,,,Alejo Sanchez Quilez,R,180.0,ESP,20.742,M0NL,,,Inaki Montes De La Torre,R,178.0,ESP,23.469,6-3 6-0,3,R32,80.0,0.0,1.0,52,26.0,17,13.0,8.0,4.0,6.0,1.0,9.0,47.0,22.0,12.0,4.0,7.0,0.0,6,526.0,77,389.0,119
2026-2955,Alicante,Clay,32,C,20260323.0,28,O513,1.0,,Sebastian Ofner,R,191.0,AUT,29.862,S0GR,,,Timofey Skatov,R,173.0,KAZ,25.166,6-3 6-4,3,R32,91.0,2.0,2.0,64,33.0,21,12.0,9.0,4.0,8.0,0.0,6.0,62.0,35.0,18.0,6.0,10.0,5.0,12,85.0,671,195.0,310
2026-2955,Alicante,Clay,32,C,20260323.0,17,G0FW,3.0,,Vilius Gaubas,R,178.0,LTU,21.229,S0NV,,,Abdullah Shelbayh,L,180.0,JOR,22.349,6-7(6) 7-6(4) 6-1,3,R32,198.0,1.0,10.0,140,84.0,53,28.0,16.0,16.0,20.0,1.0,1.0,115.0,72.0,41.0,20.0,15.0,4.0,10,104.0,603,306.0,168
2026-2955,Alicante,Clay,32,C,20260323.0,18,MO44,4.0,,Pedro Martinez,R,185.0,ESP,28.906,S0CG,,,Carlos Sanchez Jover,L,173.0,ESP,25.67,6-3 6-2,3,R32,84.0,0.0,2.0,49,25.0,19,14.0,9.0,0.0,1.0,1.0,8.0,56.0,27.0,21.0,7.0,8.0,6.0,10,113.0,576,339.0,145
2026-2955,Alicante,Clay,32,C,20260323.0,15,L0CX,,,Pablo Llamas Ruiz,R,188.0,ESP,23.441,B0JP,,,Dali Blanch,R,185.0,USA,23.05,6-1 6-2,3,R16,50.0,0.0,1.0,45,37.0,28,5.0,8.0,0.0,0.0,1.0,4.0,38.0,20.0,11.0,6.0,7.0,0.0,4,191.0,314,429.0,107
2026-8388,Split,Clay,32,C,20260323.0,15,G0GW,,,Sascha Gueymard Wayenburg,R,191.0,FRA,22.642,BU10,,,Jacopo Berrettini,R,191.0,ITA,27.318,6-1 6-0,3,R32,65.0,4.0,1.0,49,28.0,22,9.0,7.0,2.0,3.0,1.0,4.0,34.0,24.0,8.0,1.0,6.0,2.0,8,267.0,196,304.0,169
2026-8388,Split,Clay,32,C,20260323.0,16,N0DB,,,Andrej Nedic,R,185.0,BIH,21.432,SO20,,,Jelle Sels,R,188.0,NED,30.617,6-1 6-4,3,R32,77.0,2.0,2.0,40,22.0,18,14.0,8.0,0.0,0.0,1.0,1.0,61.0,47.0,25.0,6.0,9.0,5.0,9,296.0,174,449.0,101
2026-8388,Split,Clay,32,C,20260323.0,17,N0CS,3.0,,Lukas Neumayer,R,183.0,AUT,23.543,A0CJ,,,Duje Ajdukovic,R,188.0,CRO,25.125,6-2 6-3,3,R16,82.0,2.0,0.0,51,35.0,22,8.0,8.0,5.0,7.0,5.0,1.0,65.0,46.0,23.0,6.0,9.0,5.0,11,225.0,247,315.0,161
2026-8388,Split,Clay,32,C,20260323.0,18,CG33,6.0,,Kimmer Coppejans,R,178.0,BEL,32.12,M0SE,,,Maxim Mrva,R,178.0,CZE,18.639,6-4 2-6 7-6(3),3,R16,143.0,0.0,8.0,97,67.0,37,13.0,15.0,2.0,9.0,1.0,7.0,105.0,60.0,36.0,19.0,15.0,6.0,12,244.0,226,270.0,195
2026-8388,Split,Clay,32,C,20260323.0,19,G0IB,7.0,,Tom Gentzsch,R,191.0,GER,22.546,R0HK,,,Filippo Romano,R,188.0,ITA,20.709,7-6(8) 6-0,3,R16,94.0,0.0,3.0,61,32.0,26,18.0,9.0,2.0,3.0,2.0,1.0,73.0,48.0,29.0,11.0,9.0,6.0,10,248.0,221,383.0,121
2026-8388,Split,Clay,32,C,20260323.0,20,V0GR,,,Alexander Vasilev,L,185.0,BUL,18.858,C0HB,,,Eliakim Coulibaly,L,180.0,CIV,23.882,6-3 6-2,3,R16,75.0,1.0,4.0,46,34.0,21,7.0,8.0,2.0,4.0,0.0,3.0,61.0,38.0,20.0,7.0,9.0,5.0,11,1008.0,16,284.0,181
2026-8388,Split,Clay,32,C,20260323.0,21,D0L3,1.0,,Matej Dodig,R,188.0,CRO,20.676,K0CJ,,,Sandro Kopp,R,185.0,AUT,25.823,6-4 3-6 6-2,3,R16,127.0,7.0,2.0,70,47.0,33,12.0,13.0,3.0,6.0,4.0,2.0,91.0,66.0,39.0,10.0,14.0,4.0,9,214.0,271,305.0,169
2026-8388,Split,Clay,32,C,20260323.0,22,G0GW,,,Sascha Gueymard Wayenburg,R,191.0,FRA,22.642,SN54,5.0,,Frederico Ferreira Silva,L,178.0,POR,31.014,2-6 6-3 6-4,3,R16,146.0,8.0,2.0,96,64.0,49,12.0,14.0,8.0,11.0,0.0,1.0,76.0,59.0,42.0,8.0,13.0,3.0,6,267.0,196,238.0,231
2026-8388,Split,Clay,32,C,20260323.0,23,P0GQ,,,Mili Poljicak,R,185.0,CRO,21.692,G0EU,8.0,,Felix Gill,L,175.0,GBR,23.808,6-1 6-2,3,R16,71.0,5.0,1.0,45,31.0,25,9.0,8.0,1.0,1.0,0.0,0.0,52.0,38.0,17.0,8.0,7.0,3.0,7,390.0,119,252.0,216
2026-8388,Split,Clay,32,C,20260323.0,24,N0DB,,,Andrej Nedic,R,185.0,BIH,21.432,KC33,,,Dimitar Kuzmanov,R,183.0,BUL,32.652,7-6(10) 6-1,3,R16,147.0,3.0,4.0,80,55.0,36,12.0,10.0,7.0,9.0,0.0,1.0,84.0,66.0,32.0,10.0,9.0,11.0,15,296.0,174,312.0,164
2026-8388,Split,Clay,32,C,20260323.0,25,P0GQ,,,Mili Poljicak,R,185.0,CRO,21.692,D0L3,1.0,,Matej Dodig,R,188.0,CRO,20.676,4-1 RET,3,QF,31.0,2.0,0.0,16,10.0,9,3.0,3.0,0.0,0.0,0.0,0.0,16.0,11.0,5.0,3.0,2.0,3.0,4,390.0,119,214.0,271
2026-8388,Split,Clay,32,C,20260323.0,26,CG33,6.0,,Kimmer Coppejans,R,178.0,BEL,32.12,N0CS,3.0,,Lukas Neumayer,R,183.0,AUT,23.543,6-4 6-3,3,QF,84.0,8.0,4.0,52,37.0,29,4.0,9.0,2.0,4.0,3.0,2.0,68.0,45.0,25.0,9.0,10.0,4.0,9,244.0,226,225.0,247
2026-2955,Alicante,Clay,32,C,20260323.0,31,M0HT,,,Alejandro Moro Canas,R,183.0,ESP,25.29,KH56,,,Zdenek Kolar,R,183.0,CZE,29.451,6-4 2-6 6-0,3,R32,114.0,1.0,3.0,69,41.0,22,16.0,12.0,6.0,11.0,0.0,10.0,77.0,48.0,26.0,9.0,12.0,3.0,10,239.0,231,183.0,331
2026-2911,Naples,Clay,32,C,20260323.0,22,B0PE,,,Federico Bondioli,L,185.0,ITA,20.851,N897,,,Sumit Nagal,R,178.0,IND,28.6,6-2 4-6 7-5,3,R16,171.0,2.0,3.0,88,64.0,41,11.0,15.0,7.0,12.0,0.0,5.0,107.0,71.0,43.0,13.0,15.0,9.0,16,432.0,106,276.0,185
2026-2911,Naples,Clay,32,C,20260323.0,23,C0NB,,,Federico Cina,R,185.0,ITA,18.982,F0A4,,,Francesco Forti,R,188.0,ITA,26.658,6-3 6-3,3,R16,70.0,3.0,0.0,60,39.0,31,7.0,9.0,3.0,4.0,1.0,3.0,46.0,21.0,14.0,11.0,9.0,0.0,4,203.0,299,595.0,62
2026-2911,Naples,Clay,32,C,20260323.0,6,GA79,,,Lorenzo Giustino,R,180.0,ITA,34.533,J0AZ,7.0,,Kyrian Jacquet,R,175.0,FRA,24.865,2-6 6-4 6-0,3,R32,115.0,4.0,2.0,78,48.0,36,14.0,12.0,2.0,4.0,2.0,1.0,79.0,54.0,30.0,14.0,12.0,4.0,8,202.0,300,145.0,407
2026-2911,Naples,Clay,32,C,20260323.0,7,B0PE,,,Federico Bondioli,L,185.0,ITA,20.851,BV16,8.0,,Ugo Blanchet,R,175.0,FRA,27.211,7-6(5) 6-4,3,R32,103.0,3.0,2.0,65,43.0,25,16.0,11.0,0.0,2.0,4.0,0.0,74.0,41.0,27.0,17.0,11.0,5.0,8,432.0,106,153.0,389
2026-2991,Morelia,Hard,32,C,20260323.0,7,M0NP,,,Andres Martin,R,183.0,USA,24.709,KE64,,,Stefan Kozlov,R,183.0,USA,28.137,6-2 6-2,3,R32,86.0,5.0,1.0,51,37.0,28,8.0,8.0,2.0,2.0,2.0,1.0,56.0,34.0,22.0,6.0,8.0,1.0,5,271.0,193,269.0,195
2026-2991,Morelia,Hard,32,C,20260323.0,8,P0J1,,,Rodrigo Pacheco Mendez,L,191.0,MEX,20.909,A09P,,,Alafia Ayeni,R,191.0,USA,26.617,6-2 6-4,3,R32,75.0,6.0,2.0,55,35.0,26,13.0,9.0,4.0,4.0,6.0,9.0,51.0,26.0,19.0,11.0,9.0,1.0,4,303.0,170,563.0,68
2026-2911,Naples,Clay,32,C,20260323.0,8,C0LK,,,Carlo Alberto Caniato,R,188.0,ITA,20.392,V0J1,,,Jacopo Vasami,L,193.0,ITA,18.259,6-3 6-2,3,R32,61.0,2.0,1.0,50,35.0,29,8.0,9.0,2.0,2.0,2.0,2.0,42.0,29.0,20.0,4.0,8.0,1.0,4,395.0,118,548.0,71
2026-2991,Morelia,Hard,32,C,20260323.0,23,FA43,,,Juan Pablo Ficovich,R,188.0,ARG,29.158,S0N0,3.0,,Tristan Schoolkate,R,183.0,AUS,25.068,6-3 7-5,3,QF,92.0,13.0,4.0,67,38.0,30,14.0,10.0,7.0,8.0,1.0,5.0,72.0,47.0,30.0,12.0,11.0,4.0,8,208.0,286,114.0,570
2026-2991,Morelia,Hard,32,C,20260323.0,24,M0AW,,,Nicolas Mejia,R,183.0,COL,26.111,R0E0,6.0,,Chris Rodesch,R,198.0,LUX,24.679,4-0 RET,3,QF,23.0,1.0,0.0,18,12.0,8,3.0,2.0,1.0,1.0,1.0,2.0,20.0,13.0,6.0,2.0,2.0,4.0,6,185.0,324,141.0,434
2026-2911,Naples,Clay,32,C,20260323.0,24,R0JW,,,Michele Ribecai,R,173.0,ITA,23.129,MW76,,,Matteo Martineau,R,183.0,FRA,27.181,2-6 6-4 6-2,3,R16,135.0,1.0,3.0,78,60.0,36,9.0,13.0,2.0,6.0,3.0,5.0,97.0,64.0,37.0,16.0,13.0,5.0,10,406.0,115,347.0,139
2026-2911,Naples,Clay,32,C,20260323.0,1,AE14,,,Daniel Altmaier,R,188.0,GER,27.526,D0CN,,,Miguel Damas,R,208.0,ESP,26.253,6-3 6-1,3,R32,79.0,3.0,1.0,54,35.0,23,12.0,8.0,3.0,4.0,1.0,5.0,57.0,32.0,16.0,10.0,8.0,4.0,9,55.0,906,272.0,192
2026-2911,Naples,Clay,32,C,20260323.0,2,F0A4,,,Francesco Forti,R,188.0,ITA,26.658,KI82,2.0,,Vit Kopriva,R,178.0,CZE,28.769,6-3 6-4,3,R32,104.0,7.0,1.0,65,38.0,27,14.0,10.0,5.0,7.0,1.0,5.0,76.0,44.0,23.0,17.0,9.0,10.0,14,595.0,62,59.0,871
2026-2911,Naples,Clay,32,C,20260323.0,3,MP20,3.0,,Alexandre Muller,R,183.0,FRA,29.136,P0D0,,,Jakub Paul,R,180.0,SUI,27.003,7-5 6-4,3,R32,93.0,1.0,1.0,66,38.0,30,16.0,11.0,3.0,4.0,1.0,0.0,65.0,38.0,26.0,15.0,11.0,4.0,7,82.0,675,519.0,78
2026-2911,Naples,Clay,32,C,20260323.0,4,MW76,,,Matteo Martineau,R,183.0,FRA,27.181,W367,4.0,,Stan Wawrinka,R,183.0,SUI,40.986,2-6 6-4 7-6(2),3,R32,152.0,10.0,4.0,104,74.0,55,16.0,15.0,7.0,9.0,4.0,2.0,103.0,55.0,41.0,28.0,15.0,6.0,7,347.0,139,91.0,649
2026-2911,Naples,Clay,32,C,20260323.0,5,M0JF,5.0,,Hamad Medjedovic,R,188.0,SRB,22.68,B0OU,,,Hynek Barton,R,183.0,CZE,21.963,6-3 4-6 7-6(2),3,R32,141.0,6.0,3.0,105,66.0,50,20.0,15.0,6.0,8.0,6.0,2.0,101.0,64.0,43.0,21.0,16.0,3.0,6,115.0,565,316.0,160
2026-5016,Bucaramanga,Clay,32,C,20260323.0,10,V0F6,,,Nicolas Villalon,R,180.0,CHI,22.084,O659,,,Vladyslav Orlov,R,188.0,UKR,30.85,7-5 7-5,3,R32,136.0,4.0,5.0,77,40.0,29,20.0,12.0,10.0,12.0,3.0,6.0,82.0,34.0,22.0,25.0,12.0,9.0,13,926.0,22,507.0,82
2026-5016,Bucaramanga,Clay,32,C,20260323.0,11,L0GR,4.0,,Juan Manuel La Serna,L,188.0,ARG,22.127,CN15,,,Felix Corwin,R,188.0,USA,29.823,6-3 7-5,3,R32,112.0,4.0,5.0,88,57.0,40,16.0,11.0,8.0,9.0,0.0,6.0,72.0,36.0,26.0,16.0,10.0,3.0,6,341.0,143,737.0,41
2026-2991,Morelia,Hard,32,C,20260323.0,9,PG94,,,Marc Polmans,R,188.0,AUS,28.89,MJ98,,,Facundo Mena,R,183.0,ARG,33.498,6-3 3-6 7-6(5),3,R32,143.0,5.0,3.0,99,63.0,47,18.0,15.0,4.0,6.0,17.0,7.0,98.0,56.0,47.0,17.0,15.0,1.0,3,364.0,128,329.0,151
2026-2911,Naples,Clay,32,C,20260323.0,9,C0NB,,,Federico Cina,R,185.0,ITA,18.982,P0I6,,,Gabriele Piraino,L,188.0,ITA,22.36,6-4 6-2,3,R32,90.0,2.0,0.0,59,40.0,31,9.0,9.0,5.0,5.0,1.0,5.0,53.0,28.0,18.0,13.0,9.0,3.0,6,203.0,299,353.0,135
2026-2911,Naples,Clay,32,C,20260323.0,10,DG80,,,Enrico Dalla Valle,,,,,K926,,,Mikhail Kukushkin,R,183.0,KAZ,38.24,6-1 3-6 7-5,3,R32,149.0,4.0,1.0,101,72.0,48,13.0,14.0,7.0,10.0,1.0,2.0,76.0,50.0,32.0,14.0,14.0,2.0,7,472.0,94,283.0,181
2026-2911,Naples,Clay,32,C,20260323.0,11,G0A0,,,Andrea Guerrieri,L,180.0,ITA,27.302,TA12,,,Stefano Travaglia,R,185.0,ITA,34.234,7-6(7) 2-6 7-6(7),3,R32,209.0,1.0,4.0,145,100.0,57,20.0,16.0,13.0,20.0,3.0,4.0,124.0,68.0,45.0,26.0,16.0,6.0,11,413.0,112,162.0,370
2026-2911,Naples,Clay,32,C,20260323.0,12,R0JW,,,Michele Ribecai,R,173.0,ITA,23.129,P0EA,,,Saba Purtseladze,R,191.0,GEO,24.589,6-2 6-3,3,R32,70.0,2.0,0.0,51,29.0,22,12.0,9.0,2.0,3.0,3.0,3.0,53.0,30.0,19.0,9.0,8.0,0.0,4,406.0,115,279.0,184
2026-2911,Naples,Clay,32,C,20260323.0,13,S0KT,,,Stefanos Sakellaridis,R,198.0,GRE,21.522,J476,,,David Jorda Sanchis,R,198.0,ESP,31.773,6-1 1-6 7-5,3,R32,141.0,3.0,2.0,84,48.0,34,18.0,13.0,4.0,7.0,3.0,3.0,89.0,52.0,33.0,19.0,13.0,10.0,14,219.0,259,373.0,124
2026-2911,Naples,Clay,32,C,20260323.0,14,PH64,6.0,,Andrea Pellegrino,R,185.0,ITA,28.999,J09X,,,Filip Cristian Jianu,R,180.0,ROU,24.509,6-1 6-4,3,R32,105.0,7.0,2.0,75,45.0,36,14.0,9.0,7.0,7.0,2.0,1.0,64.0,40.0,24.0,12.0,8.0,7.0,10,128.0,510,243.0,227
2026-2911,Naples,Clay,32,C,20260323.0,15,N897,,,Sumit Nagal,R,178.0,IND,28.6,S0AK,,,Henri Squire,R,196.0,GER,25.484,7-5 3-6 6-4,3,R32,163.0,4.0,2.0,118,86.0,50,14.0,16.0,12.0,19.0,1.0,6.0,97.0,78.0,41.0,9.0,15.0,7.0,14,276.0,185,258.0,207
2026-2911,Naples,Clay,32,C,20260323.0,16,SS25,,,Vitaliy Sachko,R,188.0,UKR,28.69,BU54,,,Geoffrey Blancaneaux,R,180.0,FRA,27.622,6-2 6-1,3,R32,76.0,1.0,0.0,44,33.0,26,5.0,7.0,2.0,2.0,2.0,5.0,55.0,30.0,17.0,7.0,8.0,8.0,13,186.0,323,318.0,157
2026-2911,Naples,Clay,32,C,20260323.0,17,AE14,,,Daniel Altmaier,R,188.0,GER,27.526,G0A0,,,Andrea Guerrieri,L,180.0,ITA,27.302,6-4 4-6 6-3,3,R16,143.0,7.0,3.0,101,60.0,43,14.0,15.0,5.0,10.0,1.0,5.0,82.0,51.0,31.0,14.0,14.0,1.0,7,55.0,906,413.0,112
2026-2911,Naples,Clay,32,C,20260323.0,18,MP20,3.0,,Alexandre Muller,R,183.0,FRA,29.136,C0LK,,,Carlo Alberto Caniato,R,188.0,ITA,20.392,4-6 7-6(5) 6-4,3,R16,166.0,5.0,2.0,110,71.0,48,23.0,16.0,11.0,14.0,4.0,3.0,103.0,58.0,39.0,25.0,16.0,4.0,7,82.0,675,395.0,118
2026-2911,Naples,Clay,32,C,20260323.0,19,M0JF,5.0,,Hamad Medjedovic,R,188.0,SRB,22.68,S0KT,,,Stefanos Sakellaridis,R,198.0,GRE,21.522,6-4 3-6 7-5,3,R16,154.0,4.0,6.0,87,59.0,41,11.0,15.0,2.0,6.0,8.0,0.0,100.0,64.0,42.0,19.0,16.0,6.0,11,115.0,565,219.0,259
2026-2911,Naples,Clay,32,C,20260323.0,20,DG80,,,Enrico Dalla Valle,,,,,GA79,,,Lorenzo Giustino,R,180.0,ITA,34.533,4-6 6-4 6-1,3,R16,165.0,2.0,0.0,86,61.0,39,17.0,13.0,3.0,5.0,3.0,2.0,99.0,58.0,33.0,21.0,14.0,9.0,14,472.0,94,202.0,300
2026-2911,Naples,Clay,32,C,20260323.0,21,SS25,,,Vitaliy Sachko,R,188.0,UKR,28.69,PH64,6.0,,Andrea Pellegrino,R,185.0,ITA,28.999,4-6 6-3 6-4,3,R16,132.0,5.0,1.0,81,56.0,45,16.0,15.0,5.0,6.0,2.0,2.0,85.0,49.0,34.0,22.0,14.0,4.0,6,186.0,323,128.0,510
2026-5016,Bucaramanga,Clay,32,C,20260323.0,26,S0EK,2.0,,Matias Soto,R,170.0,CHI,26.905,S0GM,,,Daniel Salazar,R,178.0,COL,25.005,7-5 6-1,3,QF,99.0,5.0,2.0,57,29.0,26,14.0,10.0,5.0,6.0,0.0,0.0,80.0,61.0,34.0,7.0,9.0,8.0,12,323.0,155,982.0,18
2026-5016,Bucaramanga,Clay,32,C,20260323.0,27,R0BT,3.0,,Franco Roncadelli,L,185.0,URU,26.125,R0BC,,,Lorenzo Joaquin Rodriguez,R,196.0,ARG,26.48,2-6 6-3 6-2,3,QF,151.0,0.0,2.0,102,82.0,45,9.0,13.0,7.0,12.0,0.0,6.0,68.0,37.0,21.0,12.0,12.0,4.0,10,332.0,150,523.0,78
2026-2991,Morelia,Hard,32,C,20260323.0,25,GH92,8.0,,Borna Gojo,R,196.0,CRO,28.066,P0J1,,,Rodrigo Pacheco Mendez,L,191.0,MEX,20.909,7-6(3) 6-4,3,QF,95.0,16.0,3.0,71,45.0,36,16.0,11.0,4.0,4.0,1.0,4.0,62.0,34.0,29.0,16.0,11.0,0.0,1,181.0,333,303.0,170
2026-2911,Naples,Clay,32,C,20260323.0,25,AE14,,,Daniel Altmaier,R,188.0,GER,27.526,DG80,,,Enrico Dalla Valle,,,,,6-1 6-3,3,QF,71.0,11.0,3.0,50,30.0,24,11.0,8.0,3.0,4.0,0.0,0.0,52.0,35.0,14.0,10.0,8.0,4.0,9,55.0,906,472.0,94
2026-2911,Naples,Clay,32,C,20260323.0,26,M0JF,5.0,,Hamad Medjedovic,R,188.0,SRB,22.68,MP20,3.0,,Alexandre Muller,R,183.0,FRA,29.136,6-2 6-2,3,QF,71.0,9.0,2.0,38,30.0,27,5.0,8.0,0.0,0.0,2.0,0.0,64.0,46.0,24.0,7.0,8.0,6.0,10,115.0,565,82.0,675
2026-2911,Naples,Clay,32,C,20260323.0,27,B0PE,,,Federico Bondioli,L,185.0,ITA,20.851,R0JW,,,Michele Ribecai,R,173.0,ITA,23.129,6-3 6-2,3,QF,83.0,1.0,2.0,54,40.0,25,7.0,9.0,2.0,4.0,0.0,2.0,48.0,27.0,15.0,7.0,8.0,3.0,8,432.0,106,406.0,115
2026-2911,Naples,Clay,32,C,20260323.0,28,SS25,,,Vitaliy Sachko,R,188.0,UKR,28.69,C0NB,,,Federico Cina,R,185.0,ITA,18.982,6-2 4-6 6-1,3,QF,122.0,2.0,3.0,79,43.0,35,16.0,13.0,1.0,3.0,2.0,4.0,76.0,39.0,23.0,17.0,12.0,6.0,11,186.0,323,203.0,299
2026-2911,Naples,Clay,32,C,20260323.0,29,AE14,,,Daniel Altmaier,R,188.0,GER,27.526,B0PE,,,Federico Bondioli,L,185.0,ITA,20.851,6-2 2-6 6-1,3,SF,105.0,5.0,6.0,67,39.0,34,12.0,12.0,1.0,3.0,0.0,3.0,76.0,44.0,27.0,16.0,11.0,6.0,10,55.0,906,432.0,106
2026-2911,Naples,Clay,32,C,20260323.0,30,M0JF,5.0,,Hamad Medjedovic,R,188.0,SRB,22.68,SS25,,,Vitaliy Sachko,R,188.0,UKR,28.69,7-5 6-1,3,SF,87.0,3.0,1.0,54,33.0,22,13.0,9.0,4.0,6.0,3.0,1.0,63.0,40.0,20.0,9.0,10.0,7.0,13,115.0,565,186.0,323
2026-2911,Naples,Clay,32,C,20260323.0,31,M0JF,5.0,,Hamad Medjedovic,R,188.0,SRB,22.68,AE14,,,Daniel Altmaier,R,188.0,GER,27.526,6-2 6-4,3,F,97.0,5.0,3.0,63,42.0,26,11.0,9.0,2.0,4.0,4.0,1.0,66.0,43.0,25.0,8.0,9.0,3.0,8,115.0,565,55.0,906
2026-2991,Morelia,Hard,32,C,20260323.0,1,P0AY,,,Luka Pavlovic,R,196.0,FRA,25.979,W09E,2.0,,Adam Walton,R,183.0,AUS,26.932,6-3 7-5,3,R32,83.0,10.0,4.0,62,31.0,27,16.0,10.0,1.0,1.0,3.0,3.0,65.0,34.0,23.0,16.0,11.0,5.0,8,218.0,259,100.0,625
2026-2991,Morelia,Hard,32,C,20260323.0,2,S0N0,3.0,,Tristan Schoolkate,R,183.0,AUS,25.068,C0JT,,,Robin Catry,R,196.0,FRA,24.047,7-6(2) 6-4,3,R32,98.0,1.0,2.0,61,39.0,29,17.0,11.0,0.0,1.0,9.0,4.0,82.0,54.0,36.0,14.0,11.0,5.0,7,114.0,570,495.0,85
2026-2991,Morelia,Hard,32,C,20260323.0,3,Y09V,7.0,,Yunchaokete Bu,R,185.0,CHN,24.172,W0BB,,,Max Wiskandt,R,191.0,GER,24.137,7-5 6-4,3,R32,79.0,4.0,3.0,62,42.0,35,11.0,11.0,3.0,3.0,7.0,3.0,59.0,39.0,32.0,10.0,11.0,3.0,5,150.0,394,462.0,97
2026-2991,Morelia,Hard,32,C,20260323.0,4,AG08,,,Andres Andrade,R,180.0,ECU,27.272,H0CD,,,Alex Hernandez,R,175.0,MEX,26.749,6-4 6-4,3,R32,84.0,5.0,6.0,74,46.0,32,11.0,10.0,5.0,8.0,0.0,6.0,55.0,37.0,23.0,7.0,10.0,4.0,9,231.0,239,435.0,104
2026-2991,Morelia,Hard,32,C,20260323.0,5,FA43,,,Juan Pablo Ficovich,R,188.0,ARG,29.158,D0AR,,,Mateus Alves,R,193.0,BRA,25.161,6-3 6-1,3,R32,66.0,11.0,1.0,47,26.0,21,14.0,8.0,1.0,1.0,0.0,5.0,44.0,23.0,18.0,5.0,8.0,3.0,7,208.0,286,509.0,81
2026-2991,Morelia,Hard,32,C,20260323.0,6,GK06,,,Alexis Galarneau,R,180.0,CAN,27.058,T0I3,,,Miguel Tobon,R,188.0,COL,,7-6(4) 2-6 6-3,3,R32,136.0,7.0,6.0,99,63.0,42,23.0,15.0,3.0,6.0,7.0,2.0,98.0,63.0,46.0,16.0,14.0,3.0,5,209.0,285,559.0,69
2026-8268,Yokkaichi,Hard,32,C,20260323.0,11,S0AQ,,,Yuta Shimizu,L,163.0,JPN,26.787,C0AJ,,,Jie Cui,R,183.0,CHN,28.159,2-6 6-0 6-4,3,R32,111.0,7.0,4.0,59,37.0,32,12.0,12.0,1.0,3.0,1.0,3.0,77.0,51.0,29.0,15.0,12.0,6.0,10,382.0,121,417.0,111
2026-8268,Yokkaichi,Hard,32,C,20260323.0,12,TC01,,,Li Tu,R,183.0,AUS,29.821,O0BI,,,Carl Emil Overbeck,R,193.0,DEN,24.613,7-5 7-6(3),3,R32,101.0,7.0,6.0,85,46.0,29,26.0,12.0,7.0,9.0,3.0,5.0,72.0,42.0,29.0,15.0,12.0,2.0,5,433.0,104,484.0,89
2026-5016,Bucaramanga,Clay,32,C,20260323.0,12,J0B5,5.0,,Garrett Johns,R,180.0,USA,25.262,A0G7,,,Valerio Aboian,L,183.0,ARG,23.773,6-2 5-7 6-4,3,R32,150.0,3.0,5.0,82,44.0,33,17.0,15.0,1.0,5.0,8.0,3.0,96.0,56.0,36.0,15.0,15.0,6.0,12,348.0,139,467.0,96
2026-2991,Morelia,Hard,32,C,20260323.0,10,V0DG,,,Quinn Vandecasteele,R,191.0,USA,23.556,Z09Z,,,Beibit Zhukayev,R,198.0,KAZ,25.443,6-1 7-6(4),3,R32,73.0,4.0,7.0,63,36.0,31,17.0,10.0,3.0,3.0,8.0,1.0,60.0,41.0,29.0,10.0,9.0,2.0,4,510.0,81,302.0,172
2026-2991,Morelia,Hard,32,C,20260323.0,11,D994,1.0,,James Duckworth,R,183.0,AUS,34.168,HH06,,,Marc Andrea Huesler,L,196.0,SUI,29.744,5-7 6-4 6-4,3,R32,132.0,16.0,6.0,100,56.0,43,27.0,16.0,7.0,8.0,13.0,6.0,98.0,58.0,47.0,20.0,16.0,7.0,9,79.0,691,216.0,262
2026-2991,Morelia,Hard,32,C,20260323.0,12,M0AW,,,Nicolas Mejia,R,183.0,COL,26.111,W0BH,4.0,,Coleman Wong,R,191.0,HKG,21.793,7-5 7-6(2),3,R32,95.0,7.0,1.0,66,43.0,32,16.0,12.0,1.0,4.0,17.0,1.0,68.0,35.0,31.0,11.0,12.0,3.0,7,185.0,324,124.0,515
2026-2991,Morelia,Hard,32,C,20260323.0,13,M0HU,5.0,,Shintaro Mochizuki,R,175.0,JPN,22.806,S0DQ,,,Keegan Smith,R,201.0,USA,27.748,3-6 6-3 6-4,3,R32,131.0,3.0,12.0,107,41.0,31,30.0,14.0,7.0,11.0,7.0,7.0,101.0,71.0,46.0,11.0,14.0,9.0,14,130.0,484,300.0,173
2026-2991,Morelia,Hard,32,C,20260323.0,14,R0E0,6.0,,Chris Rodesch,R,198.0,LUX,24.679,C0AK,,,Oliver Crawford,R,180.0,GBR,26.897,6-3 6-3,3,R32,68.0,11.0,3.0,56,36.0,32,9.0,9.0,1.0,1.0,2.0,6.0,54.0,26.0,21.0,11.0,9.0,0.0,3,141.0,434,196.0,309
2026-2991,Morelia,Hard,32,C,20260323.0,15,P0J1,,,Rodrigo Pacheco Mendez,L,191.0,MEX,20.909,D994,1.0,,James Duckworth,R,183.0,AUS,34.168,7-6(4) 6-3,3,R16,75.0,14.0,2.0,65,50.0,40,9.0,11.0,1.0,1.0,11.0,6.0,59.0,39.0,31.0,10.0,10.0,1.0,2,303.0,170,79.0,691
2026-2991,Morelia,Hard,32,C,20260323.0,16,S0N0,3.0,,Tristan Schoolkate,R,183.0,AUS,25.068,AG08,,,Andres Andrade,R,180.0,ECU,27.272,6-4 6-0,3,R16,80.0,4.0,1.0,69,39.0,24,15.0,8.0,6.0,8.0,2.0,5.0,51.0,32.0,16.0,4.0,8.0,2.0,8,114.0,570,231.0,239
2026-2991,Morelia,Hard,32,C,20260323.0,17,FA43,,,Juan Pablo Ficovich,R,188.0,ARG,29.158,M0HU,5.0,,Shintaro Mochizuki,R,175.0,JPN,22.806,6-7(3) 6-4 6-1,3,R16,144.0,2.0,3.0,88,58.0,37,18.0,14.0,3.0,6.0,5.0,13.0,102.0,46.0,31.0,22.0,15.0,1.0,8,208.0,286,130.0,484
2026-2991,Morelia,Hard,32,C,20260323.0,18,R0E0,6.0,,Chris Rodesch,R,198.0,LUX,24.679,PG94,,,Marc Polmans,R,188.0,AUS,28.89,6-4 6-4,3,R16,85.0,8.0,3.0,61,34.0,26,18.0,10.0,7.0,7.0,3.0,2.0,65.0,40.0,28.0,12.0,10.0,2.0,4,141.0,434,364.0,128
2026-2991,Morelia,Hard,32,C,20260323.0,19,GK06,,,Alexis Galarneau,R,180.0,CAN,27.058,Y09V,7.0,,Yunchaokete Bu,R,185.0,CHN,24.172,7-6(0) 6-4,3,R16,117.0,5.0,7.0,80,49.0,36,16.0,11.0,7.0,9.0,6.0,1.0,81.0,48.0,30.0,16.0,11.0,8.0,11,209.0,285,150.0,394
2026-2991,Morelia,Hard,32,C,20260323.0,20,GH92,8.0,,Borna Gojo,R,196.0,CRO,28.066,V0DG,,,Quinn Vandecasteele,R,191.0,USA,23.556,6-3 6-7(6) 7-5,3,R16,134.0,13.0,10.0,94,55.0,46,21.0,16.0,2.0,4.0,7.0,9.0,110.0,64.0,46.0,21.0,17.0,10.0,15,181.0,333,510.0,81
2026-2991,Morelia,Hard,32,C,20260323.0,21,M0AW,,,Nicolas Mejia,R,183.0,COL,26.111,M0NP,,,Andres Martin,R,183.0,USA,24.709,6-4 6-4,3,R16,98.0,3.0,3.0,64,36.0,25,16.0,10.0,3.0,4.0,3.0,2.0,59.0,37.0,23.0,13.0,10.0,3.0,6,185.0,324,271.0,193
2026-2991,Morelia,Hard,32,C,20260323.0,22,P0AY,,,Luka Pavlovic,R,196.0,FRA,25.979,M0HD,,,Alan Magadan,R,183.0,MEX,24.824,6-4 6-3,3,R16,67.0,7.0,1.0,47,27.0,23,14.0,9.0,0.0,0.0,4.0,2.0,64.0,33.0,22.0,14.0,10.0,2.0,5,218.0,259,814.0,32
2026-8268,Yokkaichi,Hard,32,C,20260323.0,27,U134,,,Yasutaka Uchiyama,R,183.0,JPN,33.629,SX90,,,Fajing Sun,R,178.0,CHN,29.467,6-1 6-2,3,QF,59.0,6.0,0.0,35,17.0,16,16.0,8.0,0.0,0.0,0.0,1.0,45.0,22.0,11.0,9.0,7.0,5.0,9,308.0,166,263.0,202
2026-8268,Yokkaichi,Hard,32,C,20260323.0,28,W0AH,,,Harry Wendelken,R,178.0,GBR,24.26,S0AQ,,,Yuta Shimizu,L,163.0,JPN,26.787,6-3 6-4,3,QF,82.0,2.0,1.0,51,30.0,22,9.0,9.0,3.0,6.0,3.0,3.0,69.0,46.0,23.0,10.0,10.0,3.0,9,250.0,220,382.0,121
2026-5016,Bucaramanga,Clay,32,C,20260323.0,28,V0F6,,,Nicolas Villalon,R,180.0,CHI,22.084,L0GR,4.0,,Juan Manuel La Serna,L,188.0,ARG,22.127,4-6 7-5 6-4,3,QF,157.0,4.0,4.0,88,51.0,35,19.0,16.0,5.0,10.0,7.0,4.0,105.0,69.0,37.0,18.0,16.0,10.0,16,926.0,22,341.0,143
2026-2991,Morelia,Hard,32,C,20260323.0,26,P0AY,,,Luka Pavlovic,R,196.0,FRA,25.979,GK06,,,Alexis Galarneau,R,180.0,CAN,27.058,7-6(5) 4-6 7-6(5),3,QF,160.0,18.0,7.0,118,58.0,51,28.0,17.0,6.0,9.0,4.0,4.0,101.0,59.0,50.0,21.0,17.0,1.0,3,218.0,259,209.0,285
2026-2991,Morelia,Hard,32,C,20260323.0,27,GH92,8.0,,Borna Gojo,R,196.0,CRO,28.066,M0AW,,,Nicolas Mejia,R,183.0,COL,26.111,6-4 7-6(5),3,SF,105.0,16.0,4.0,67,46.0,38,9.0,11.0,2.0,3.0,3.0,0.0,72.0,45.0,32.0,13.0,11.0,2.0,4,181.0,333,185.0,324
2026-2991,Morelia,Hard,32,C,20260323.0,28,FA43,,,Juan Pablo Ficovich,R,188.0,ARG,29.158,P0AY,,,Luka Pavlovic,R,196.0,FRA,25.979,6-1 3-6 6-3,3,SF,94.0,5.0,1.0,70,45.0,36,15.0,13.0,0.0,1.0,8.0,8.0,78.0,42.0,33.0,15.0,12.0,5.0,8,208.0,286,218.0,259
2026-2991,Morelia,Hard,32,C,20260323.0,29,GH92,8.0,,Borna Gojo,R,196.0,CRO,28.066,FA43,,,Juan Pablo Ficovich,R,188.0,ARG,29.158,7-6(5) 6-2,3,F,92.0,12.0,4.0,65,46.0,36,8.0,10.0,2.0,3.0,3.0,0.0,58.0,47.0,28.0,7.0,10.0,1.0,4,181.0,333,208.0,286
2026-5016,Bucaramanga,Clay,32,C,20260323.0,1,J0AW,1.0,,Guido Ivan Justo,R,178.0,ARG,28.263,F0FL,,,Bruno Fernandez,R,185.0,BRA,21.656,7-6(5) 6-4,3,R32,106.0,1.0,2.0,66,48.0,30,11.0,11.0,5.0,9.0,1.0,7.0,81.0,53.0,35.0,7.0,11.0,5.0,10,278.0,185,697.0,46
2026-5016,Bucaramanga,Clay,32,C,20260323.0,2,S0EK,2.0,,Matias Soto,R,170.0,CHI,26.905,N0BU,,,Daniel Antonio Nunez,R,0.0,CHI,24.805,6-1 7-6(9),3,R32,101.0,8.0,1.0,75,44.0,34,19.0,10.0,4.0,4.0,4.0,1.0,61.0,37.0,25.0,12.0,9.0,1.0,3,323.0,155,691.0,46
2026-5016,Bucaramanga,Clay,32,C,20260323.0,3,R0BT,3.0,,Franco Roncadelli,L,185.0,URU,26.125,H0HU,,,Samuel Heredia,R,191.0,COL,19.792,4-6 6-3 6-4,3,R32,146.0,1.0,0.0,88,74.0,47,8.0,15.0,8.0,12.0,5.0,8.0,94.0,54.0,35.0,17.0,14.0,2.0,7,332.0,150,734.0,42
2026-5016,Bucaramanga,Clay,32,C,20260323.0,4,K0DB,,,Cannon Kingsley,R,191.0,USA,24.879,S0BT,6.0,,Adria Soriano Barrera,R,191.0,COL,26.806,6-3 6-7(5) 6-3,3,R32,130.0,9.0,2.0,98,63.0,48,25.0,16.0,1.0,1.0,7.0,1.0,85.0,57.0,42.0,18.0,14.0,0.0,2,448.0,101,368.0,125
2026-5016,Bucaramanga,Clay,32,C,20260323.0,5,J620,,,Maxime Janvier,R,196.0,FRA,29.426,E0DI,8.0,,Juan Estevez,R,170.0,ARG,20.498,6-4 6-1,3,R32,87.0,3.0,4.0,65,34.0,21,17.0,9.0,4.0,6.0,1.0,5.0,53.0,25.0,15.0,9.0,8.0,7.0,12,544.0,72,436.0,104
2026-5016,Bucaramanga,Clay,32,C,20260323.0,6,L0DO,,,Christopher Li,R,175.0,PER,22.689,L0LD,,,Samuel Alejandro Linde Palacios,R,178.0,COL,18.409,6-2 6-4,3,R32,97.0,0.0,4.0,57,43.0,24,8.0,9.0,2.0,5.0,1.0,1.0,69.0,39.0,23.0,8.0,9.0,6.0,12,1015.0,16,765.0,38
2026-5016,Bucaramanga,Clay,32,C,20260323.0,7,M09M,,,Ivan Marrero Curbelo,R,180.0,ESP,27.485,G0MH,,,Benjamin Thomas George,L,188.0,CAN,23.255,6-3 2-6 6-3,3,R32,139.0,0.0,2.0,82,53.0,27,15.0,13.0,6.0,12.0,1.0,5.0,71.0,42.0,24.0,12.0,13.0,6.0,13,536.0,74,936.0,21
2026-5016,Bucaramanga,Clay,32,C,20260323.0,8,N830,,,Johan Nikles,R,173.0,SUI,28.999,T0H5,,,Benjamin Torrealba,L,180.0,CHI,20.747,7-5 3-6 6-2,3,R32,144.0,1.0,6.0,100,55.0,32,23.0,15.0,6.0,12.0,1.0,1.0,89.0,61.0,32.0,11.0,14.0,3.0,10,554.0,70,725.0,43
2026-5016,Bucaramanga,Clay,32,C,20260323.0,9,S0GM,,,Daniel Salazar,R,178.0,COL,25.005,O560,,,Juan Sebastian Osorio,R,188.0,COL,28.438,6-2 6-4,3,R32,91.0,2.0,1.0,65,47.0,30,10.0,9.0,1.0,2.0,3.0,1.0,59.0,39.0,28.0,5.0,9.0,6.0,10,982.0,18,995.0,17
2026-8388,Split,Clay,32,C,20260323.0,12,R0HK,,,Filippo Romano,R,188.0,ITA,20.709,O656,,,Adrian Oetzbach,R,185.0,GER,28.397,6-3 7-6(4),3,R32,125.0,8.0,1.0,75,49.0,34,14.0,11.0,6.0,9.0,2.0,0.0,81.0,56.0,31.0,13.0,10.0,4.0,8,383.0,121,636.0,55
2026-8388,Split,Clay,32,C,20260323.0,13,G0IB,7.0,,Tom Gentzsch,R,191.0,GER,22.546,F0BT,,,Jonas Forejtek,R,183.0,CZE,25.035,7-5 6-1,3,R32,84.0,6.0,5.0,66,43.0,29,13.0,10.0,5.0,6.0,2.0,0.0,49.0,28.0,16.0,10.0,9.0,1.0,5,248.0,221,343.0,142
2026-8268,Yokkaichi,Hard,32,C,20260323.0,13,U134,,,Yasutaka Uchiyama,R,183.0,JPN,33.629,J0D2,,,Maximus Jones,R,185.0,THA,21.544,6-4 4-6 6-4,3,R32,143.0,7.0,2.0,89,36.0,32,25.0,15.0,2.0,5.0,6.0,4.0,94.0,52.0,41.0,20.0,15.0,6.0,10,308.0,166,317.0,158
2026-5016,Bucaramanga,Clay,32,C,20260323.0,13,A0IK,7.0,,Luciano Emanuel Ambrogi,R,188.0,ARG,22.341,S0IV,,,Paulo Andre Saraiva Dos Santos,R,180.0,BRA,25.747,7-5 6-0,3,R32,79.0,1.0,0.0,45,26.0,21,13.0,9.0,0.0,1.0,0.0,7.0,56.0,27.0,16.0,12.0,9.0,4.0,9,441.0,103,594.0,63
2026-5016,Bucaramanga,Clay,32,C,20260323.0,14,BP79,,,Peter Bertran,R,183.0,DOM,30.048,HH08,,,Sergio Luis Hernandez Ramirez,R,175.0,COL,26.568,6-4 3-6 6-4,3,R32,154.0,8.0,13.0,98,47.0,37,20.0,14.0,8.0,12.0,5.0,1.0,98.0,51.0,33.0,24.0,15.0,4.0,9,711.0,44,1654.0,2
2026-5016,Bucaramanga,Clay,32,C,20260323.0,15,R0BC,,,Lorenzo Joaquin Rodriguez,R,196.0,ARG,26.48,GB41,,,Juan Sebastian Gomez,,,COL,34.048,6-2 6-1,3,R32,64.0,0.0,0.0,42,30.0,22,6.0,7.0,0.0,1.0,2.0,3.0,42.0,18.0,10.0,7.0,8.0,1.0,7,523.0,78,577.0,65
2026-5016,Bucaramanga,Clay,32,C,20260323.0,16,Z0DA,,,Carlos Maria Zarate,R,191.0,ARG,20.98,RH73,,,Frazier Rengifo,R,183.0,COL,27.173,6-1 6-3,3,R32,63.0,1.0,2.0,57,30.0,18,17.0,8.0,1.0,2.0,0.0,3.0,41.0,21.0,11.0,8.0,8.0,1.0,6,586.0,64,1364.0,5
2026-5016,Bucaramanga,Clay,32,C,20260323.0,17,J0AW,1.0,,Guido Ivan Justo,R,178.0,ARG,28.263,M09M,,,Ivan Marrero Curbelo,R,180.0,ESP,27.485,6-4 6-2,3,R16,95.0,1.0,2.0,61,41.0,27,10.0,9.0,3.0,5.0,0.0,2.0,61.0,42.0,23.0,7.0,9.0,4.0,9,278.0,185,536.0,74
2026-5016,Bucaramanga,Clay,32,C,20260323.0,18,S0EK,2.0,,Matias Soto,R,170.0,CHI,26.905,BP79,,,Peter Bertran,R,183.0,DOM,30.048,7-6(7) 6-0,3,R16,105.0,5.0,4.0,62,33.0,26,15.0,9.0,4.0,6.0,2.0,8.0,69.0,36.0,23.0,12.0,9.0,7.0,12,323.0,155,711.0,44
2026-5016,Bucaramanga,Clay,32,C,20260323.0,19,R0BT,3.0,,Franco Roncadelli,L,185.0,URU,26.125,L0DO,,,Christopher Li,R,175.0,PER,22.689,6-7(3) 6-1 6-1,3,R16,133.0,1.0,2.0,82,62.0,43,11.0,13.0,4.0,6.0,1.0,2.0,90.0,55.0,32.0,12.0,13.0,8.0,15,332.0,150,1015.0,16
2026-5016,Bucaramanga,Clay,32,C,20260323.0,20,L0GR,4.0,,Juan Manuel La Serna,L,188.0,ARG,22.127,Z0DA,,,Carlos Maria Zarate,R,191.0,ARG,20.98,6-3 6-7(5) 6-1,3,R16,139.0,2.0,4.0,95,67.0,49,14.0,15.0,3.0,5.0,2.0,3.0,87.0,52.0,35.0,15.0,13.0,2.0,7,341.0,143,586.0,64
2026-5016,Bucaramanga,Clay,32,C,20260323.0,21,R0BC,,,Lorenzo Joaquin Rodriguez,R,196.0,ARG,26.48,J0B5,5.0,,Garrett Johns,R,180.0,USA,25.262,6-2 6-1,3,R16,86.0,0.0,0.0,48,34.0,23,9.0,7.0,4.0,4.0,0.0,1.0,62.0,42.0,22.0,7.0,8.0,5.0,10,523.0,78,348.0,139
2026-5016,Bucaramanga,Clay,32,C,20260323.0,22,S0GM,,,Daniel Salazar,R,178.0,COL,25.005,A0IK,7.0,,Luciano Emanuel Ambrogi,R,188.0,ARG,22.341,6-0 6-3,3,R16,76.0,0.0,0.0,44,34.0,22,7.0,7.0,0.0,1.0,2.0,1.0,69.0,43.0,21.0,9.0,8.0,8.0,14,982.0,18,441.0,103
2026-5016,Bucaramanga,Clay,32,C,20260323.0,23,N830,,,Johan Nikles,R,173.0,SUI,28.999,K0DB,,,Cannon Kingsley,R,191.0,USA,24.879,6-4 6-3,3,R16,97.0,1.0,4.0,70,41.0,28,18.0,10.0,7.0,8.0,1.0,2.0,68.0,39.0,26.0,12.0,9.0,11.0,14,554.0,70,448.0,101
2026-5016,Bucaramanga,Clay,32,C,20260323.0,24,V0F6,,,Nicolas Villalon,R,180.0,CHI,22.084,J620,,,Maxime Janvier,R,196.0,FRA,29.426,6-4 6-1,3,R16,79.0,2.0,0.0,49,29.0,22,12.0,8.0,2.0,2.0,5.0,2.0,58.0,30.0,21.0,10.0,9.0,7.0,11,926.0,22,544.0,72
2026-5016,Bucaramanga,Clay,32,C,20260323.0,25,J0AW,1.0,,Guido Ivan Justo,R,178.0,ARG,28.263,N830,,,Johan Nikles,R,173.0,SUI,28.999,6-2 6-0,3,QF,64.0,1.0,3.0,43,23.0,15,13.0,7.0,0.0,1.0,0.0,2.0,43.0,20.0,7.0,9.0,7.0,6.0,12,278.0,185,554.0,70
2026-8388,Split,Clay,32,C,20260323.0,28,G0GW,,,Sascha Gueymard Wayenburg,R,191.0,FRA,22.642,N0DB,,,Andrej Nedic,R,185.0,BIH,21.432,6-1 7-5,3,QF,89.0,2.0,0.0,51,38.0,26,8.0,9.0,0.0,1.0,1.0,0.0,67.0,43.0,21.0,10.0,10.0,3.0,8,267.0,196,296.0,174
2026-8388,Split,Clay,32,C,20260323.0,29,P0GQ,,,Mili Poljicak,R,185.0,CRO,21.692,CG33,6.0,,Kimmer Coppejans,R,178.0,BEL,32.12,3-6 6-4 6-4,3,SF,140.0,9.0,1.0,100,57.0,45,22.0,15.0,11.0,13.0,1.0,0.0,77.0,54.0,42.0,12.0,14.0,4.0,6,390.0,119,244.0,226
2026-8268,Yokkaichi,Hard,32,C,20260323.0,29,N09U,7.0,,Rio Noguchi,R,168.0,JPN,27.233,W0AH,,,Harry Wendelken,R,178.0,GBR,24.26,6-4 2-6 6-4,3,SF,150.0,0.0,1.0,102,76.0,41,16.0,14.0,9.0,14.0,3.0,0.0,83.0,35.0,22.0,24.0,14.0,4.0,9,245.0,225,250.0,220
2026-5016,Bucaramanga,Clay,32,C,20260323.0,29,J0AW,1.0,,Guido Ivan Justo,R,178.0,ARG,28.263,R0BT,3.0,,Franco Roncadelli,L,185.0,URU,26.125,6-2 3-1 RET,3,SF,60.0,5.0,0.0,28,18.0,18,6.0,6.0,0.0,0.0,0.0,0.0,46.0,32.0,18.0,5.0,6.0,3.0,6,278.0,185,332.0,150
2026-5016,Bucaramanga,Clay,32,C,20260323.0,30,S0EK,2.0,,Matias Soto,R,170.0,CHI,26.905,V0F6,,,Nicolas Villalon,R,180.0,CHI,22.084,6-3 6-3,3,SF,77.0,4.0,2.0,57,31.0,25,16.0,9.0,1.0,1.0,3.0,2.0,49.0,28.0,19.0,9.0,9.0,1.0,4,323.0,155,926.0,22
2026-5016,Bucaramanga,Clay,32,C,20260323.0,31,S0EK,2.0,,Matias Soto,R,170.0,CHI,26.905,J0AW,1.0,,Guido Ivan Justo,R,178.0,ARG,28.263,6-3 6-3,3,F,93.0,6.0,2.0,59,35.0,29,10.0,9.0,4.0,5.0,1.0,4.0,55.0,33.0,18.0,10.0,9.0,1.0,5,323.0,155,278.0,185
2026-8268,Yokkaichi,Hard,32,C,20260323.0,1,H0J1,,,Naoya Honda,R,175.0,JPN,20.022,SY67,,,Sho Shimabukuro,R,180.0,JPN,28.646,6-1 6-4,3,R32,63.0,5.0,1.0,50,35.0,29,10.0,9.0,3.0,3.0,2.0,0.0,44.0,27.0,14.0,10.0,8.0,1.0,4,980.0,18,109.0,584
2026-8268,Yokkaichi,Hard,32,C,20260323.0,2,H09F,4.0,,Yu Hsiou Hsu,R,178.0,TPE,26.973,B0F8,,,Justin Boulais,L,183.0,CAN,24.422,7-5 6-3,3,R32,112.0,1.0,2.0,73,43.0,25,17.0,11.0,5.0,9.0,0.0,3.0,78.0,53.0,31.0,7.0,10.0,11.0,17,226.0,247,558.0,69
2026-8268,Yokkaichi,Hard,32,C,20260323.0,3,W0AH,,,Harry Wendelken,R,178.0,GBR,24.26,Z0CQ,5.0,,Yi Zhou,R,193.0,CHN,21.024,6-1 4-6 6-1,3,R32,105.0,2.0,1.0,75,36.0,27,24.0,12.0,2.0,3.0,3.0,0.0,76.0,53.0,35.0,7.0,12.0,6.0,11,250.0,220,220.0,258
2026-8268,Yokkaichi,Hard,32,C,20260323.0,4,SX90,,,Fajing Sun,R,178.0,CHN,29.467,U120,6.0,,Kaichi Uchida,R,180.0,JPN,31.581,6-4 6-2,3,R32,82.0,3.0,3.0,66,31.0,24,17.0,9.0,3.0,5.0,0.0,1.0,48.0,23.0,15.0,8.0,9.0,3.0,8,263.0,202,236.0,233
2026-8268,Yokkaichi,Hard,32,C,20260323.0,5,N09U,7.0,,Rio Noguchi,R,168.0,JPN,27.233,W857,,,Tung Lin Wu,R,188.0,TPE,27.863,6-3 6-3,3,R32,97.0,0.0,2.0,67,44.0,30,12.0,9.0,4.0,5.0,1.0,3.0,67.0,47.0,26.0,9.0,9.0,4.0,8,245.0,225,351.0,136
2026-8268,Yokkaichi,Hard,32,C,20260323.0,6,M0OQ,8.0,,James Mccabe,R,188.0,AUS,22.716,I0B0,,,Andre Ilagan,,,USA,,6-4 7-6(9),3,R32,110.0,14.0,1.0,77,49.0,42,11.0,11.0,1.0,2.0,3.0,2.0,87.0,60.0,41.0,15.0,11.0,5.0,7,246.0,222,359.0,130
2026-8268,Yokkaichi,Hard,32,C,20260323.0,7,BI23,,,Liam Broady,L,183.0,GBR,32.214,T0BW,,,James Trotter,R,183.0,JPN,26.65,6-1 6-1,3,R32,56.0,1.0,1.0,36,28.0,23,5.0,7.0,0.0,0.0,3.0,3.0,43.0,22.0,13.0,4.0,7.0,4.0,9,293.0,176,338.0,145
2026-8268,Yokkaichi,Hard,32,C,20260323.0,8,I426,,,Masamichi Imamura,R,178.0,JPN,27.329,S09P,,,Sanhui Shin,R,178.0,KOR,29.013,6-4 6-1,3,R32,81.0,4.0,0.0,68,42.0,25,11.0,9.0,5.0,9.0,1.0,1.0,48.0,35.0,11.0,4.0,8.0,3.0,10,501.0,84,355.0,132
2026-8268,Yokkaichi,Hard,32,C,20260323.0,9,J0A4,,,Paul Jubb,R,180.0,GBR,26.393,S0HR,,,Kasidit Samrej,R,191.0,THA,25.169,7-5 6-0,3,R32,83.0,3.0,3.0,53,39.0,29,7.0,9.0,0.0,1.0,1.0,6.0,60.0,34.0,16.0,12.0,9.0,6.0,11,285.0,181,416.0,112
2026-8268,Yokkaichi,Hard,32,C,20260323.0,10,KF17,,,Soonwoo Kwon,R,180.0,KOR,28.304,EA27,,,Blake Ellis,R,191.0,AUS,27.209,6-2 6-0,3,R32,63.0,3.0,4.0,49,22.0,17,15.0,7.0,4.0,5.0,2.0,1.0,51.0,35.0,14.0,5.0,7.0,3.0,9,342.0,142,468.0,95
2026-2955,Alicante,Clay,32,C,20260323.0,13,B0MM,,,Edas Butvilas,R,191.0,LTU,21.665,D0C1,2.0,,Jesper De Jong,R,180.0,NED,25.81,7-5 2-6 6-4,3,R16,152.0,3.0,2.0,99,58.0,37,21.0,15.0,8.0,12.0,5.0,11.0,96.0,50.0,35.0,23.0,15.0,5.0,9,277.0,185,87.0,665
2026-2955,Alicante,Clay,32,C,20260323.0,14,CF01,,,Marco Cecchinato,R,185.0,ITA,33.476,HG86,,,Lloyd Harris,R,193.0,RSA,29.073,6-2 6-1,3,R16,71.0,2.0,6.0,53,32.0,26,11.0,8.0,4.0,4.0,1.0,1.0,53.0,27.0,18.0,7.0,7.0,1.0,5,199.0,306,149.0,399
2026-8388,Split,Clay,32,C,20260323.0,14,G0EU,8.0,,Felix Gill,L,175.0,GBR,23.808,K0FY,,,Martin Krumich,R,188.0,CZE,23.239,6-3 7-5,3,R32,97.0,3.0,2.0,66,42.0,31,13.0,11.0,1.0,2.0,7.0,2.0,70.0,45.0,26.0,13.0,10.0,5.0,8,252.0,216,335.0,148
2026-8268,Yokkaichi,Hard,32,C,20260323.0,14,H09N,2.0,,August Holmgren,R,188.0,DEN,27.918,TD55,,,Renta Tokuda,R,178.0,JPN,27.984,6-3 3-6 6-3,3,R32,108.0,10.0,1.0,95,60.0,39,22.0,14.0,8.0,10.0,1.0,1.0,72.0,57.0,37.0,7.0,13.0,1.0,4,197.0,307,319.0,157
2026-8268,Yokkaichi,Hard,32,C,20260323.0,15,A09T,3.0,,Dan Added,R,183.0,FRA,26.943,I0AX,,,Kokoro Isomura,R,175.0,JPN,23.165,6-4 6-2,3,R32,77.0,3.0,2.0,52,30.0,22,15.0,9.0,2.0,3.0,0.0,3.0,55.0,36.0,17.0,10.0,9.0,2.0,6,204.0,297,551.0,71
2026-8268,Yokkaichi,Hard,32,C,20260323.0,16,M0SC,,,Hayato Matsuoka,R,180.0,JPN,21.183,M0UR,,,Ognjen Milic,L,180.0,SRB,18.752,6-4 5-7 6-4,3,R32,126.0,1.0,1.0,97,66.0,42,23.0,16.0,3.0,5.0,2.0,5.0,89.0,50.0,38.0,21.0,16.0,4.0,7,370.0,125,419.0,110
2026-8268,Yokkaichi,Hard,32,C,20260323.0,17,S0AQ,,,Yuta Shimizu,L,163.0,JPN,26.787,H09F,4.0,,Yu Hsiou Hsu,R,178.0,TPE,26.973,7-5 3-6 6-1,3,R16,139.0,3.0,3.0,95,67.0,45,12.0,14.0,3.0,6.0,2.0,3.0,109.0,70.0,40.0,19.0,14.0,12.0,17,382.0,121,226.0,247
2026-8268,Yokkaichi,Hard,32,C,20260323.0,18,N09U,7.0,,Rio Noguchi,R,168.0,JPN,27.233,TC01,,,Li Tu,R,183.0,AUS,29.821,4-6 6-0 7-5,3,R16,126.0,0.0,3.0,94,69.0,44,13.0,14.0,6.0,9.0,4.0,6.0,80.0,41.0,26.0,16.0,14.0,6.0,12,245.0,225,433.0,104
2026-8268,Yokkaichi,Hard,32,C,20260323.0,19,M0SC,,,Hayato Matsuoka,R,180.0,JPN,21.183,M0OQ,8.0,,James Mccabe,R,188.0,AUS,22.716,7-5 6-4,3,R16,99.0,2.0,2.0,63,48.0,34,7.0,11.0,2.0,4.0,3.0,2.0,70.0,36.0,23.0,16.0,11.0,5.0,9,370.0,125,246.0,222
2026-8268,Yokkaichi,Hard,32,C,20260323.0,20,BI23,,,Liam Broady,L,183.0,GBR,32.214,H0J1,,,Naoya Honda,R,175.0,JPN,20.022,6-1 6-1,3,R16,65.0,0.0,0.0,45,26.0,20,11.0,7.0,2.0,2.0,0.0,2.0,44.0,23.0,10.0,9.0,7.0,3.0,8,293.0,176,980.0,18
2026-8268,Yokkaichi,Hard,32,C,20260323.0,21,SX90,,,Fajing Sun,R,178.0,CHN,29.467,I426,,,Masamichi Imamura,R,178.0,JPN,27.329,3-6 6-3 6-4,3,R16,126.0,1.0,0.0,80,57.0,36,14.0,14.0,5.0,9.0,4.0,0.0,98.0,67.0,40.0,15.0,14.0,8.0,13,263.0,202,501.0,84
2026-8268,Yokkaichi,Hard,32,C,20260323.0,22,W0AH,,,Harry Wendelken,R,178.0,GBR,24.26,J0A4,,,Paul Jubb,R,180.0,GBR,26.393,6-2 4-6 7-6(4),3,R16,166.0,0.0,4.0,112,66.0,45,27.0,15.0,5.0,7.0,5.0,4.0,101.0,68.0,42.0,17.0,15.0,8.0,11,250.0,220,285.0,181
2026-8268,Yokkaichi,Hard,32,C,20260323.0,23,KF17,,,Soonwoo Kwon,R,180.0,KOR,28.304,H09N,2.0,,August Holmgren,R,188.0,DEN,27.918,7-5 6-3,3,R16,86.0,0.0,3.0,68,33.0,28,21.0,11.0,5.0,5.0,3.0,3.0,64.0,46.0,29.0,10.0,10.0,4.0,6,342.0,142,197.0,307
2026-8268,Yokkaichi,Hard,32,C,20260323.0,24,U134,,,Yasutaka Uchiyama,R,183.0,JPN,33.629,A09T,3.0,,Dan Added,R,183.0,FRA,26.943,6-2 6-2,3,R16,71.0,5.0,0.0,46,32.0,24,10.0,8.0,0.0,0.0,2.0,6.0,54.0,26.0,18.0,9.0,8.0,6.0,10,308.0,166,204.0,297
2026-8268,Yokkaichi,Hard,32,C,20260323.0,25,N09U,7.0,,Rio Noguchi,R,168.0,JPN,27.233,BI23,,,Liam Broady,L,183.0,GBR,32.214,6-1 6-3,3,QF,81.0,0.0,2.0,58,42.0,27,7.0,8.0,4.0,6.0,1.0,1.0,51.0,35.0,14.0,7.0,8.0,5.0,11,245.0,225,293.0,176
2026-8268,Yokkaichi,Hard,32,C,20260323.0,26,M0SC,,,Hayato Matsuoka,R,180.0,JPN,21.183,KF17,,,Soonwoo Kwon,R,180.0,KOR,28.304,4-6 6-2 4-2 RET,3,QF,101.0,2.0,2.0,78,66.0,48,5.0,12.0,4.0,5.0,4.0,3.0,80.0,42.0,31.0,19.0,12.0,5.0,8,370.0,125,342.0,142
2026-8388,Split,Clay,32,C,20260323.0,30,G0IB,7.0,,Tom Gentzsch,R,191.0,GER,22.546,G0GW,,,Sascha Gueymard Wayenburg,R,191.0,FRA,22.642,7-5 6-4,3,SF,116.0,3.0,4.0,80,58.0,41,12.0,11.0,4.0,4.0,7.0,2.0,68.0,41.0,29.0,15.0,11.0,6.0,8,248.0,221,267.0,196
2026-8268,Yokkaichi,Hard,32,C,20260323.0,30,U134,,,Yasutaka Uchiyama,R,183.0,JPN,33.629,M0SC,,,Hayato Matsuoka,R,180.0,JPN,21.183,6-4 5-7 6-4,3,SF,162.0,3.0,1.0,107,55.0,43,23.0,16.0,6.0,9.0,1.0,2.0,110.0,89.0,58.0,10.0,16.0,12.0,16,308.0,166,370.0,125
2026-8268,Yokkaichi,Hard,32,C,20260323.0,31,N09U,7.0,,Rio Noguchi,R,168.0,JPN,27.233,U134,,,Yasutaka Uchiyama,R,183.0,JPN,33.629,5-7 7-6(5) 6-3,3,F,164.0,0.0,0.0,120,87.0,55,18.0,17.0,5.0,9.0,9.0,3.0,100.0,60.0,46.0,15.0,16.0,5.0,9,245.0,225,308.0,166
2026-8388,Split,Clay,32,C,20260323.0,1,D0L3,1.0,,Matej Dodig,R,188.0,CRO,20.676,LI10,,,Christian Langmo,R,191.0,USA,29.807,3-6 7-5 6-2,3,R32,127.0,8.0,1.0,77,55.0,43,13.0,14.0,1.0,2.0,3.0,3.0,90.0,61.0,45.0,13.0,15.0,1.0,4,214.0,271,454.0,100
2026-8388,Split,Clay,32,C,20260323.0,2,V0GR,,,Alexander Vasilev,L,185.0,BUL,18.858,L0CF,2.0,,George Loffhagen,R,188.0,GBR,24.925,7-5 6-4,3,R32,123.0,5.0,8.0,87,51.0,32,15.0,11.0,10.0,13.0,0.0,7.0,66.0,40.0,25.0,11.0,11.0,4.0,9,1008.0,16,221.0,256
2026-8388,Split,Clay,32,C,20260323.0,3,N0CS,3.0,,Lukas Neumayer,R,183.0,AUT,23.543,M0R4,,,Juan Cruz Martin Manzano,,,,,7-6(4) 6-3,3,R32,112.0,2.0,0.0,72,46.0,38,14.0,11.0,5.0,5.0,9.0,3.0,68.0,51.0,38.0,7.0,10.0,6.0,7,225.0,247,605.0,60
2026-8388,Split,Clay,32,C,20260323.0,4,KC33,,,Dimitar Kuzmanov,R,183.0,BUL,32.652,F840,4.0,,Nerman Fatic,R,191.0,BIH,31.411,6-3 6-1,3,R32,61.0,0.0,1.0,46,37.0,27,7.0,8.0,1.0,2.0,3.0,0.0,44.0,29.0,14.0,7.0,8.0,4.0,9,312.0,164,234.0,237
2026-8388,Split,Clay,32,C,20260323.0,5,SN54,5.0,,Frederico Ferreira Silva,L,178.0,POR,31.014,M0E1,,,Daniel Michalski,R,180.0,POL,26.196,6-4 6-2,3,R32,110.0,2.0,0.0,55,36.0,26,11.0,9.0,3.0,4.0,0.0,2.0,54.0,33.0,17.0,11.0,9.0,1.0,5,238.0,231,264.0,201
2026-8388,Split,Clay,32,C,20260323.0,6,CG33,6.0,,Kimmer Coppejans,R,178.0,BEL,32.12,K0DP,,,Oleksii Krutykh,R,185.0,UKR,26.034,6-3 6-2,3,R32,76.0,3.0,3.0,49,31.0,22,12.0,9.0,1.0,2.0,1.0,1.0,44.0,25.0,11.0,9.0,8.0,1.0,5,244.0,226,616.0,58
2026-8388,Split,Clay,32,C,20260323.0,7,A0CJ,,,Duje Ajdukovic,R,188.0,CRO,25.125,C0MH,,,Gerard Campana Lee,R,183.0,KOR,21.473,7-6(1) 6-1,3,R32,91.0,3.0,4.0,64,39.0,28,13.0,10.0,4.0,6.0,1.0,1.0,60.0,28.0,15.0,14.0,9.0,2.0,6,315.0,161,600.0,62
2026-8388,Split,Clay,32,C,20260323.0,8,C0HB,,,Eliakim Coulibaly,L,180.0,CIV,23.882,S0UM,,,Josip Simundza,L,196.0,CRO,21.254,6-3 4-6 6-3,3,R32,150.0,13.0,5.0,85,52.0,38,19.0,14.0,2.0,5.0,8.0,3.0,102.0,66.0,45.0,12.0,14.0,8.0,13,284.0,181,731.0,42
2026-8388,Split,Clay,32,C,20260323.0,9,K0CJ,,,Sandro Kopp,R,185.0,AUT,25.823,KI48,,,Ergi Kirkin,R,180.0,TUR,27.151,6-4 6-1,3,R32,82.0,2.0,0.0,45,31.0,21,9.0,8.0,0.0,1.0,6.0,4.0,59.0,32.0,19.0,9.0,9.0,5.0,10,305.0,169,604.0,60
2026-8388,Split,Clay,32,C,20260323.0,10,M0SE,,,Maxim Mrva,R,178.0,CZE,18.639,R0FP,,,Daniel Rincon,L,185.0,ESP,23.206,6-4 6-4,3,R32,96.0,3.0,5.0,56,29.0,20,14.0,10.0,1.0,4.0,5.0,2.0,66.0,38.0,22.0,10.0,10.0,4.0,9,270.0,195,291.0,177
2026-8388,Split,Clay,32,C,20260323.0,11,P0GQ,,,Mili Poljicak,R,185.0,CRO,21.692,I0BV,,,Emanuel Ivanisevic,,,,,6-2 4-6 6-2,3,R32,116.0,9.0,1.0,67,48.0,35,10.0,13.0,2.0,4.0,1.0,4.0,90.0,57.0,34.0,15.0,13.0,6.0,11,390.0,119,1478.0,4
2026-2955,Alicante,Clay,32,C,20260323.0,1,L0CX,,,Pablo Llamas Ruiz,R,188.0,ESP,23.441,CD85,5.0,,Pablo Carreno Busta,R,188.0,ESP,34.697,6-4 6-2,3,Final,83.0,2.0,0.0,48,39.0,33,4.0,9.0,0.0,0.0,0.0,0.0,59.0,40.0,24.0,8.0,9.0,3.0,6,191.0,314,117.0,561
2026-2955,Alicante,Clay,32,C,20260323.0,2,CD85,5.0,,Pablo Carreno Busta,R,188.0,ESP,34.697,O513,1.0,,Sebastian Ofner,R,191.0,AUT,29.862,3-6 6-3 6-4,3,SF,120.0,4.0,3.0,84,53.0,34,17.0,14.0,1.0,5.0,10.0,4.0,86.0,43.0,31.0,20.0,14.0,11.0,16,117.0,561,85.0,671
2026-2955,Alicante,Clay,32,C,20260323.0,3,L0CX,,,Pablo Llamas Ruiz,R,188.0,ESP,23.441,SX50,,,Roman Safiullin,R,185.0,RUS,28.624,6-4 7-5,3,SF,111.0,1.0,1.0,65,46.0,29,10.0,11.0,3.0,6.0,2.0,6.0,76.0,42.0,25.0,15.0,11.0,4.0,9,191.0,314,215.0,267
2026-2955,Alicante,Clay,32,C,20260323.0,4,O513,1.0,,Sebastian Ofner,R,191.0,AUT,29.862,CF01,,,Marco Cecchinato,R,185.0,ITA,33.476,7-6(6) 7-5,3,QF,118.0,6.0,5.0,82,49.0,38,15.0,12.0,4.0,6.0,1.0,5.0,99.0,56.0,34.0,24.0,12.0,6.0,9,85.0,671,199.0,306
2026-2955,Alicante,Clay,32,C,20260323.0,5,CD85,5.0,,Pablo Carreno Busta,R,188.0,ESP,34.697,MO44,4.0,,Pedro Martinez,R,185.0,ESP,28.906,6-4 4-6 6-4,3,QF,165.0,3.0,2.0,87,53.0,37,17.0,15.0,3.0,7.0,1.0,3.0,102.0,61.0,38.0,22.0,15.0,6.0,11,117.0,561,113.0,576
2026-2955,Alicante,Clay,32,C,20260323.0,6,L0CX,,,Pablo Llamas Ruiz,R,188.0,ESP,23.441,B0MM,,,Edas Butvilas,R,191.0,LTU,21.665,6-1 6-2,3,QF,77.0,1.0,3.0,44,31.0,26,8.0,8.0,1.0,1.0,0.0,2.0,63.0,33.0,14.0,16.0,7.0,9.0,13,191.0,314,277.0,185
2026-2955,Alicante,Clay,32,C,20260323.0,7,SX50,,,Roman Safiullin,R,185.0,RUS,28.624,H0CX,,,Max Houkes,L,188.0,NED,25.719,6-4 6-1,3,QF,83.0,0.0,3.0,49,27.0,19,14.0,9.0,0.0,2.0,2.0,2.0,55.0,34.0,19.0,5.0,8.0,6.0,11,215.0,267,251.0,217
2026-2955,Alicante,Clay,32,C,20260323.0,8,H0CX,,,Max Houkes,L,188.0,NED,25.719,G0FW,3.0,,Vilius Gaubas,R,178.0,LTU,21.229,6-7(7) 6-4 7-6(4),3,R16,230.0,3.0,5.0,133,76.0,42,26.0,17.0,7.0,14.0,3.0,7.0,128.0,73.0,41.0,24.0,17.0,5.0,13,251.0,217,104.0,603
2026-2955,Alicante,Clay,32,C,20260323.0,9,MO44,4.0,,Pedro Martinez,R,185.0,ESP,28.906,BU70,,,Remy Bertola,R,175.0,SUI,27.559,4-6 6-0 6-1,3,R16,118.0,1.0,3.0,67,49.0,28,9.0,11.0,5.0,9.0,0.0,5.0,84.0,49.0,26.0,8.0,12.0,12.0,21,113.0,576,210.0,282
2026-2955,Alicante,Clay,32,C,20260323.0,10,CD85,5.0,,Pablo Carreno Busta,R,188.0,ESP,34.697,S0XE,,,Alejo Sanchez Quilez,R,180.0,ESP,20.742,3-6 7-5 6-3,3,R16,147.0,1.0,3.0,98,67.0,43,16.0,15.0,6.0,10.0,2.0,4.0,98.0,52.0,35.0,22.0,15.0,4.0,9,117.0,561,526.0,77
2026-2955,Alicante,Clay,32,C,20260323.0,11,SX50,,,Roman Safiullin,R,185.0,RUS,28.624,CH12,7.0,,Jan Choinski,R,196.0,GBR,29.782,6-2 6-3,3,R16,74.0,3.0,1.0,54,23.0,16,19.0,9.0,2.0,3.0,0.0,2.0,44.0,24.0,13.0,9.0,8.0,2.0,6,215.0,267,122.0,532
2026-2955,Alicante,Clay,32,C,20260323.0,12,O513,1.0,,Sebastian Ofner,R,191.0,AUT,29.862,M0HT,,,Alejandro Moro Canas,R,183.0,ESP,25.29,7-6(5) 6-4,3,R16,119.0,3.0,3.0,90,56.0,41,17.0,11.0,5.0,6.0,5.0,4.0,84.0,53.0,35.0,15.0,11.0,8.0,10,85.0,671,239.0,231
2026-2955,Alicante,Clay,32,C,20260323.0,16,D0C1,2.0,,Jesper De Jong,R,180.0,NED,25.81,P0HY,,,Samuele Pieri,,,,,5-7 6-1 7-6(2),3,R32,192.0,2.0,8.0,97,50.0,31,22.0,16.0,6.0,12.0,1.0,2.0,111.0,67.0,39.0,16.0,15.0,7.0,14,87.0,665,490.0,88
2026-8388,Split,Clay,32,C,20260323.0,31,P0GQ,,,Mili Poljicak,R,185.0,CRO,21.692,G0IB,7.0,,Tom Gentzsch,R,191.0,GER,22.546,6-4 6-4,3,F,96.0,3.0,0.0,56,37.0,28,12.0,10.0,2.0,3.0,2.0,4.0,67.0,42.0,29.0,9.0,10.0,5.0,8,390.0,119,248.0,221
2026-8388,Split,Clay,32,C,20260323.0,27,G0IB,7.0,,Tom Gentzsch,R,191.0,GER,22.546,V0GR,,,Alexander Vasilev,L,185.0,BUL,18.858,6-0 6-2,3,QF,58.0,0.0,0.0,37,28.0,23,8.0,7.0,3.0,3.0,6.0,7.0,52.0,31.0,18.0,5.0,7.0,5.0,10,248.0,221,1008.0,16
